disease_id,disease_name,tier,has_mendelian_gene,genes,pathogenic_variants,pathogenic_snv,snv_at_panel_position,allele_match,strand_flip_match,best_review_stars_matched,matched_variation_ids
OMIM:100100,Prune belly syndrome,snv_fora_do_painel,True,CHRM3,7,4,0,0,0,,
OMIM:100300,Adams-Oliver syndrome 1,snv_fora_do_painel,True,ARHGAP31,4,3,0,0,0,,
OMIM:100800,Achondroplasia,snv_fora_do_painel,True,FGFR3,18,18,0,0,0,,
OMIM:101000,"Neurofibromatosis, type II",snv_fora_do_painel,True,NF2,219,124,0,0,0,,
OMIM:101200,Apert syndrome,snv_fora_do_painel,True,FGFR2,10,8,0,0,0,,
OMIM:101400,Saethre-Chotzen syndrome,snv_fora_do_painel,True,FGFR2;TWIST1,78,46,0,0,0,,
OMIM:101600,Pfeiffer syndrome,snv_fora_do_painel,True,FGFR1;FGFR2,98,72,0,0,0,,
OMIM:101800,"Acrodysostosis 1, with or without hormone resistance",snv_fora_do_painel,True,PRKAR1A,9,8,0,0,0,,
OMIM:101900,Acrokeratosis verruciformis,snv_fora_do_painel,True,ATP2A2,3,2,0,0,0,,
OMIM:102200,"Pituitary adenoma, growth hormone-secreting, 1",snv_fora_do_painel,True,AIP,19,14,0,0,0,,
OMIM:102370,Acromicric dysplasia,snv_fora_do_painel,True,FBN1,16,13,0,0,0,,
OMIM:102500,Hajdu-Cheney syndrome,snv_fora_do_painel,True,NOTCH2,63,29,0,0,0,,
OMIM:102530,Spermatogenic failure 6,sem_variante_patogenica,True,SPATA16,0,0,0,0,0,,
OMIM:102700,"Severe combined immunodeficiency, autosomal recessive, T cell-negative, B cell-negative, NK cell-negative, due to adenosine deaminase deficiency",snv_fora_do_painel,True,ADA,131,87,0,0,0,,
OMIM:102900,"Adenosine triphosphate, elevated, of erythrocytes",snv_fora_do_painel,True,PKLR,6,5,0,0,0,,
OMIM:103050,Adenylosuccinase deficiency,snv_fora_do_painel,True,ADSL,66,57,0,0,0,,
OMIM:103285,Adult syndrome,snv_fora_do_painel,True,TP63,5,5,0,0,0,,
OMIM:103500,Tietz albinism-deafness syndrome,snv_fora_do_painel,True,MITF,52,29,0,0,0,,
OMIM:103580,"Pseudohypoparathyroidism, type IA",snv_fora_do_painel,True,GNAS,52,38,0,0,0,,
OMIM:103780,Alcohol dependence,snv_fora_do_painel,False,ADH1B;ADH1C;GABRA2;TAS2R16,1,1,0,0,0,,
OMIM:103900,"Aldosteronism, glucocorticoid-remediable",snv_fora_do_painel,True,CYP11B1,45,36,0,0,0,,
OMIM:104100,Palmoplantar keratoderma with congenital alopecia,snv_fora_do_painel,True,GJA1,1,1,0,0,0,,
OMIM:104200,"Alport syndrome 3, autosomal dominant",snv_fora_do_painel,True,COL4A3,449,344,0,0,0,,
OMIM:104290,Alternating hemiplegia of childhood 1,snv_fora_do_painel,True,ATP1A2,13,11,0,0,0,,
OMIM:104300,Alzheimer disease,snv_fora_do_painel,True,APP;MPO;PLAU,18,17,0,0,0,,
OMIM:104310,Alzheimer disease 2,sem_variante_patogenica,True,APOE,0,0,0,0,0,,
OMIM:104500,"Amelogenesis imperfecta, type IB",snv_fora_do_painel,True,ENAM,10,5,0,0,0,,
OMIM:104510,"Amelogenesis imperfecta, type IV",snv_fora_do_painel,True,DLX3,5,2,0,0,0,,
OMIM:104530,"Amelogenesis imperfecta, type IA",snv_fora_do_painel,True,LAMB3,60,31,0,0,0,,
OMIM:105120,"Amyloidosis, Finnish type",snv_fora_do_painel,True,GSN,6,5,0,0,0,,
OMIM:105150,Amyloidosis VI,snv_fora_do_painel,True,CST3,1,1,0,0,0,,
OMIM:105200,"Amyloidosis, familial visceral",snv_fora_do_painel,True,FGA,28,15,0,0,0,,
OMIM:105210,"Amyloidosis, hereditary, transthyretin-related",snv_fora_do_painel,True,TTR,125,121,0,0,0,,
OMIM:105250,"Amyloidosis, primary localized cutaneous, 1",snv_fora_do_painel,True,OSMR,5,5,0,0,0,,
OMIM:105400,Amyotrophic lateral sclerosis 1,snv_fora_do_painel,True,DCTN1;NEFH;PRPH;SOD1,137,131,0,0,0,,
OMIM:105500,Amyotrophic lateral sclerosis-parkinsonism/dementia complex 1,snv_fora_do_painel,False,TRPM7,1,1,0,0,0,,
OMIM:105550,Amyotrophic lateral sclerosis and/or frontotemporal dementia 1,snv_fora_do_painel,True,C9orf72,39,20,0,0,0,,
OMIM:105600,"Anemia, dyserythropoietic congenital, type III",snv_fora_do_painel,True,KIF23,3,2,0,0,0,,
OMIM:105650,Diamond-Blackfan anemia 1,snv_fora_do_painel,True,RPS19,32,19,0,0,0,,
OMIM:105830,Angelman syndrome,snv_fora_do_painel,True,UBE3A,226,99,0,0,0,,
OMIM:106100,"Angioedema, hereditary, 1",snv_fora_do_painel,True,SERPING1,214,122,0,0,0,,
OMIM:106190,"Anhidrosis, isolated, with normal sweat glands",snv_fora_do_painel,True,ITPR2,1,1,0,0,0,,
OMIM:106210,Aniridia,snv_fora_do_painel,True,PAX6;WT1,314,171,0,0,0,,
OMIM:106260,Hay-Wells syndrome,snv_fora_do_painel,True,TP63,5,4,0,0,0,,
OMIM:106300,"Spondyloarthropathy, susceptibility to, 1",sem_variante_patogenica,False,HLA-B,0,0,0,0,0,,
OMIM:106600,"Tooth agenesis, selective, 1",snv_fora_do_painel,True,MSX1,10,7,0,0,0,,
OMIM:107250,Anterior segment dysgenesis 1,sem_snv,True,PITX3,2,0,0,0,0,,
OMIM:107480,Townes-Brocks syndrome 1,snv_fora_do_painel,True,SALL1,54,18,0,0,0,,
OMIM:107600,"Aplasia cutis congenita, nonsyndromic",snv_fora_do_painel,True,BMS1,1,1,0,0,0,,
OMIM:107970,Arrhythmogenic right ventricular dysplasia 1,snv_fora_do_painel,True,TGFB3,6,4,0,0,0,,
OMIM:108010,"Arteriovenous malformation of the brain, somatic",snv_fora_do_painel,True,IL6;KRAS,14,13,0,0,0,,
OMIM:108120,"Arthrogryposis, distal, type 1A",snv_fora_do_painel,True,TPM2,28,21,0,0,0,,
OMIM:108145,"Arthrogryposis, distal, type 5",snv_fora_do_painel,True,PIEZO2,18,14,0,0,0,,
OMIM:108300,"Stickler syndrome, type I",snv_fora_do_painel,True,COL2A1,114,76,0,0,0,,
OMIM:108420,Spermatogenic failure 2,snv_fora_do_painel,True,MSH4,9,4,0,0,0,,
OMIM:108500,"Episodic ataxia, type 2",snv_fora_do_painel,True,CACNA1A,311,205,0,0,0,,
OMIM:108600,"Spastic ataxia 1, autosomal dominant",snv_fora_do_painel,True,VAMP1,4,2,0,0,0,,
OMIM:108720,"Atelosteogenesis, type I",snv_fora_do_painel,True,FLNB,8,7,0,0,0,,
OMIM:108721,"Atelosteogenesis, type III",snv_fora_do_painel,True,FLNB,6,6,0,0,0,,
OMIM:108770,Atrial standstill 1,snv_fora_do_painel,True,GJA5,2,1,0,0,0,,
OMIM:108900,"Atrial septal defect 7, with or without AV conduction defects",snv_fora_do_painel,True,NKX2-5,88,37,0,0,0,,
OMIM:108985,Sveinsson chorioretinal atrophy,snv_fora_do_painel,True,TEAD1,2,2,0,0,0,,
OMIM:109150,Machado-Joseph disease,sem_snv,True,ATXN3,1,0,0,0,0,,
OMIM:109400,Basal cell nevus syndrome,snv_fora_do_painel,True,PTCH1,62,30,0,0,0,,
OMIM:109730,Aortic valve disease 1,snv_fora_do_painel,True,NOTCH1,33,22,0,0,0,,
OMIM:109800,Bladder cancer,snv_fora_do_painel,True,FGFR3;HRAS;KRAS;RB1,114,109,0,0,0,,
OMIM:110100,"Blepharophimosis, epicanthus inversus, and ptosis",snv_fora_do_painel,True,FOXL2,95,43,0,0,0,,
OMIM:111150,BLOOD GROUP--LUTHERAN INHIBITOR; INLU,snv_fora_do_painel,True,KLF1,9,7,0,0,0,,
OMIM:111400,"#111400 BLOOD GROUP, P1PK SYSTEMP(1) PHENOTYPE, INCLUDED;;P(2) PHENOTYPE, INCLUDED;;P1(k) PHENOTYPE, INCLUDED;;P2(k) PHENOTYPE, INCLUDED;;p PHENOTYPE, INCLUDED;;NOR POLYAGGLUTINATION SYNDROME, INCLUDED",sem_variante_patogenica,True,A4GALT;B3GALNT1,0,0,0,0,0,,
OMIM:111620,#111620 RADIN BLOOD GROUP ANTIGEN; RD;;BLOOD GROUP--RADIN ANTIGEN,sem_variante_patogenica,True,ERMAP,0,0,0,0,0,,
OMIM:112240,Cole-Carpenter syndrome 1,snv_fora_do_painel,True,P4HB,2,1,0,0,0,,
OMIM:112250,Diaphyseal medullary stenosis with malignant fibrous histiocytoma,snv_fora_do_painel,True,MTAP,2,2,0,0,0,,
OMIM:112310,Boomerang dysplasia,snv_fora_do_painel,True,FLNB,5,5,0,0,0,,
OMIM:112410,Hypertension and brachydactyly syndrome,snv_fora_do_painel,True,PDE3A,9,8,0,0,0,,
OMIM:112500,"Brachydactyly, type A1",snv_fora_do_painel,True,IHH,22,17,0,0,0,,
OMIM:112600,"Brachydactyly, type A2",snv_fora_do_painel,True,BMP2;BMPR1B;GDF5,13,9,0,0,0,,
OMIM:113000,"Brachydactyly, type B1",snv_fora_do_painel,True,ROR2,22,11,0,0,0,,
OMIM:113100,"Brachydactyly, type C",snv_fora_do_painel,True,GDF5,13,4,0,0,0,,
OMIM:113200,"Brachydactyly, type D",snv_fora_do_painel,True,HOXD13,4,2,0,0,0,,
OMIM:113300,"Brachydactyly, type E",snv_fora_do_painel,True,HOXD13,5,3,0,0,0,,
OMIM:113500,Brachyolmia type 3,snv_fora_do_painel,True,TRPV4,3,3,0,0,0,,
OMIM:113620,Branchiooculofacial syndrome,snv_fora_do_painel,True,TFAP2A,39,30,0,0,0,,
OMIM:113650,Branchiootorenal syndrome 1,snv_fora_do_painel,True,EYA1;SIX1,73,45,0,0,0,,
OMIM:113750,"Albinism, oculocutaneous, type VI",snv_fora_do_painel,True,SLC24A5,8,6,0,0,0,,
OMIM:113800,Epidermolytic hyperkeratosis,snv_fora_do_painel,True,KRT1,7,7,0,0,0,,
OMIM:113900,"Progressive familial heart block, type IA",snv_fora_do_painel,True,SCN5A,5,5,0,0,0,,
OMIM:113970,Burkitt lymphoma,sem_snv,True,MYC,1,0,0,0,0,,
OMIM:114000,Caffey disease,snv_fora_do_painel,True,COL1A1,13,13,0,0,0,,
OMIM:114290,Campomelic dysplasia,snv_fora_do_painel,True,SOX9,75,51,0,0,0,,
OMIM:114300,"Arthrogryposis, distal, type 3",snv_fora_do_painel,True,PIEZO2,12,8,0,0,0,,
OMIM:114480,Breast cancer,snv_fora_do_painel,True,AKT1;ATM;BARD1;BRCA1;BRCA2;BRIP1;CASP8;CDH1;ESR1;HMMR;KRAS;NQO2;PHB1;PIK3CA;PPM1D;RAD51;RAD54L;RB1CC1;SLC67A1;TP53;XRCC3,5571,2161,0,0,0,,
OMIM:114500,Colorectal cancer,snv_fora_do_painel,True,AKT1;APC;AURKA;AXIN2;BAX;BRAF;BUB1;BUB1B;CCND1;CTNNB1;DCC;DLC1;EP300;FGFR3;FLCN;MCC;MLH3;NRAS;PDGFRL;PIK3CA;PLA2G2A;PTPN12;PTPRJ;RAD54B;SRC;TLR2;TP53,181,85,0,0,0,,
OMIM:114550,Hepatocellular carcinoma,snv_fora_do_painel,True,APC;AXIN1;CASP8;CTNNB1;IGF2R;MET;PDGFRL;PIK3CA;TP53,24,17,0,0,0,,
OMIM:115000,Ventricular arrhythmias due to cardiac ryanodine receptor calcium release deficiency syndrome,snv_fora_do_painel,True,RYR2,8,7,0,0,0,,
OMIM:115150,Cardiofaciocutaneous syndrome 1,snv_fora_do_painel,True,BRAF;KRAS;MAP2K1;MAP2K2,51,50,0,0,0,,
OMIM:115195,"Cardiomyopathy, familial hypertrophic, 2",snv_fora_do_painel,True,TNNT2,39,37,0,0,0,,
OMIM:115196,"Cardiomyopathy, familial hypertrophic, 3",snv_fora_do_painel,True,TPM1,13,13,0,0,0,,
OMIM:115197,"Cardiomyopathy, familial hypertrophic, 4",snv_fora_do_painel,True,MYBPC3,294,150,0,0,0,,
OMIM:115200,"Cardiomyopathy, dilated, 1A",snv_fora_do_painel,True,LMNA,90,74,0,0,0,,
OMIM:115210,"Cardiomyopathy, familial restrictive, 1",snv_fora_do_painel,True,TNNI3,15,15,0,0,0,,
OMIM:115300,"Carotenemia, familial",sem_variante_patogenica,True,BCO1,0,0,0,0,0,,
OMIM:115310,Paragangliomas 4,snv_fora_do_painel,True,SDHB,215,124,0,0,0,,
OMIM:115430,Carpal tunnel syndrome,snv_fora_do_painel,True,TTR,7,7,0,0,0,,
OMIM:115700,"Cataract, crystalline aculeiform",snv_fora_do_painel,True,CRYGD,10,9,0,0,0,,
OMIM:115900,Cataract 42,sem_variante_patogenica,True,CRYBA2,0,0,0,0,0,,
OMIM:116100,"Cataract 20, multiple types",snv_fora_do_painel,True,CRYGS,4,4,0,0,0,,
OMIM:116200,"Cataract 1, multiple types",snv_fora_do_painel,True,GJA8,48,44,0,0,0,,
OMIM:116300,"Cataract 30, multiple types",snv_fora_do_painel,True,VIM,2,1,0,0,0,,
OMIM:116400,"Cataract, nuclear total",snv_fora_do_painel,True,WFS1,53,27,0,0,0,,
OMIM:116600,"Cataract, posterior polar, 1 ctpa cataract, congenital total, included",snv_fora_do_painel,True,EPHA2,13,7,0,0,0,,
OMIM:116700,Cataract 13 with adult i phenotype,snv_fora_do_painel,True,GCNT2,9,4,0,0,0,,
OMIM:116800,"Cataract, lamellar",snv_fora_do_painel,True,HSF4,17,11,0,0,0,,
OMIM:116860,Cerebral cavernous malformations 1,snv_fora_do_painel,True,CCM2;KRIT1;PDCD10,275,137,0,0,0,,
OMIM:116920,"Leukocyte adhesion deficiency, type I",snv_fora_do_painel,True,ITGB2,77,43,0,0,0,,
OMIM:117000,Central core disease,snv_fora_do_painel,True,RYR1,143,116,0,0,0,,
OMIM:117210,Spinocerebellar ataxia 31,sem_variante_patogenica,True,BEAN1,0,0,0,0,0,,
OMIM:117300,"Dementia, familial danish",sem_snv,True,ITM2B,1,0,0,0,0,,
OMIM:117360,"Spinocerebellar ataxia 29, congenital nonprogressive",snv_fora_do_painel,True,ITPR1,23,22,0,0,0,,
OMIM:117550,Sotos syndrome,snv_fora_do_painel,True,NSD1,391,198,0,0,0,,
OMIM:117650,Cerebrocostomandibular syndrome,snv_fora_do_painel,True,SNRPB,7,6,0,0,0,,
OMIM:118100,"Klippel-Feil syndrome 1, autosomal dominant",sem_snv,True,GDF6,1,0,0,0,0,,
OMIM:118200,"Charcot-Marie-Tooth disease, type 1B",snv_fora_do_painel,True,MPZ,50,43,0,0,0,,
OMIM:118210,"Charcot-Marie-Tooth disease, axonal, type 2A1",snv_fora_do_painel,True,KIF1B,2,2,0,0,0,,
OMIM:118220,"Charcot-Marie-Tooth disease, demyelinating, type 1A",snv_fora_do_painel,True,PMP22,18,13,0,0,0,,
OMIM:118300,Charcot-Marie-Tooth disease and deafness,snv_fora_do_painel,True,PMP22,9,5,0,0,0,,
OMIM:118400,Cherubism,snv_fora_do_painel,True,SH3BP2,9,9,0,0,0,,
OMIM:118450,Alagille syndrome 1,snv_fora_do_painel,True,JAG1,314,140,0,0,0,,
OMIM:118600,Chondrocalcinosis 2,snv_fora_do_painel,True,ANKH,6,5,0,0,0,,
OMIM:118700,"Chorea, benign hereditary",snv_fora_do_painel,True,NKX2-1,23,11,0,0,0,,
OMIM:118800,Paroxysmal nonkinesigenic dyskinesia 1,snv_fora_do_painel,True,PNKD,3,2,0,0,0,,
OMIM:119300,van der Woude syndrome 1,snv_fora_do_painel,True,IRF6,35,26,0,0,0,,
OMIM:119500,Popliteal pterygium syndrome,snv_fora_do_painel,True,IRF6,7,6,0,0,0,,
OMIM:119580,Blepharocheilodontic syndrome 1,snv_fora_do_painel,True,CDH1,7,4,0,0,0,,
OMIM:119600,Cleidocranial dysplasia,snv_fora_do_painel,True,RUNX2,53,25,0,0,0,,
OMIM:119800,"Clubfoot, congenital, with or without deficiency of long bones and/or mirror-image polydactyly",snv_fora_do_painel,True,PITX1,11,7,0,0,0,,
OMIM:119900,"Digital clubbing, isolated congenital",snv_fora_do_painel,True,HPGD,6,3,0,0,0,,
OMIM:120100,Familial cold inflammatory syndrome 1,snv_fora_do_painel,True,NLRP3,35,35,0,0,0,,
OMIM:120200,"Coloboma, ocular",snv_fora_do_painel,True,PAX6,11,11,0,0,0,,
OMIM:120330,Papillorenal syndrome,snv_fora_do_painel,True,PAX2,79,48,0,0,0,,
OMIM:120430,"Coloboma of optic nerveoptic nerve head pits, bilateral congenital, included",snv_fora_do_painel,True,PAX6,2,2,0,0,0,,
OMIM:120433,"Coloboma, ocular, with or without hearing impairment, cleft lip/palate, and/or impaired intellectual development",snv_fora_do_painel,True,YAP1,3,3,0,0,0,,
OMIM:120435,Lynch syndrome I,snv_fora_do_painel,True,MSH2;PMS1,994,507,0,0,0,,
OMIM:120790,"Complement component 4, partial deficiency of",snv_fora_do_painel,True,SERPING1,3,1,0,0,0,,
OMIM:120970,Cone-Rod dystrophy 2,snv_fora_do_painel,True,CRX,100,35,0,0,0,,
OMIM:121050,"Contractural arachnodactyly, congenital",snv_fora_do_painel,True,FBN2,97,91,0,0,0,,
OMIM:121200,"Seizures, benign familial neonatal, 1",snv_fora_do_painel,True,KCNQ2,147,115,0,0,0,,
OMIM:121201,"Epilepsy, benign neonatal, 2",snv_fora_do_painel,True,KCNQ3,19,19,0,0,0,,
OMIM:121300,Coproporphyria,snv_fora_do_painel,True,CPOX,8,8,0,0,0,,
OMIM:121800,"Corneal dystrophy, crystalline, of schnyder",snv_fora_do_painel,True,UBIAD1,11,11,0,0,0,,
OMIM:121820,"Corneal dystrophy, epithelial basement membrane",snv_fora_do_painel,True,TGFBI,2,2,0,0,0,,
OMIM:121850,Corneal fleck dystrophy,snv_fora_do_painel,True,PIKFYVE,16,10,0,0,0,,
OMIM:121900,Groenouw type I corneal dystrophy,snv_fora_do_painel,True,TGFBI,3,3,0,0,0,,
OMIM:122000,"Corneal dystrophy, posterior polymorphous, 1",snv_fora_do_painel,True,OVOL2,5,4,0,0,0,,
OMIM:122100,Meesmann corneal dystrophy 1,snv_fora_do_painel,True,KRT12,8,8,0,0,0,,
OMIM:122200,"Corneal dystrophy, lattice type I",snv_fora_do_painel,True,TGFBI,3,3,0,0,0,,
OMIM:122400,Epithelial recurrent erosion dystrophy,snv_fora_do_painel,True,COL17A1,25,17,0,0,0,,
OMIM:122470,Cornelia de Lange syndrome 1,snv_fora_do_painel,True,NIPBL,474,258,0,0,0,,
OMIM:122600,Spondylocostal dysostosis 5,snv_fora_do_painel,True,TBX6,17,5,0,0,0,,
OMIM:122700,Coumarin resistance,snv_fora_do_painel,True,CYP2A6;CYP2C9;VKORC1,4,4,0,0,0,,
OMIM:122860,"Craniodiaphyseal dysplasia, autosomal dominant",snv_fora_do_painel,True,SOST,2,2,0,0,0,,
OMIM:122880,Craniofacial-deafness-hand syndrome,snv_fora_do_painel,True,PAX3,5,5,0,0,0,,
OMIM:123000,Craniometaphyseal dysplasia,snv_fora_do_painel,True,ANKH,9,6,0,0,0,,
OMIM:123100,Craniosynostosis 1,snv_fora_do_painel,True,TWIST1,86,45,0,0,0,,
OMIM:123150,Jackson-Weiss syndrome,snv_fora_do_painel,True,FGFR1;FGFR2,7,7,0,0,0,,
OMIM:123320,"Creatine phosphokinase, elevated serum",sem_variante_patogenica,True,CAV3,0,0,0,0,0,,
OMIM:123400,Creutzfeldt-Jakob disease,snv_fora_do_painel,True,HLA-DQB1;PRNP,5,5,0,0,0,,
OMIM:123500,Crouzon syndrome,snv_fora_do_painel,True,FGFR2,37,35,0,0,0,,
OMIM:123570,"Cryptophthalmos, unilateral or bilateral, isolated",snv_fora_do_painel,True,FREM2,30,14,0,0,0,,
OMIM:123700,"Cutis laxa, autosomal dominant 1",snv_fora_do_painel,True,ELN,10,3,0,0,0,,
OMIM:123790,Beare-Stevenson cutis gyrata syndrome,snv_fora_do_painel,True,FGFR2,4,3,0,0,0,,
OMIM:124000,"Mitochondrial complex III deficiency, nuclear type 1",snv_fora_do_painel,True,BCS1L,50,40,0,0,0,,
OMIM:124200,Darier-White disease,snv_fora_do_painel,True,ATP2A2,29,18,0,0,0,,
OMIM:124480,"Deafness, congenital, and onychodystrophy, autosomal dominant",snv_fora_do_painel,True,ATP6V1B2,4,4,0,0,0,,
OMIM:124500,Vohwinkel syndrome,snv_fora_do_painel,True,GJB2,16,12,0,0,0,,
OMIM:124900,"Deafness, autosomal dominant 1",snv_fora_do_painel,True,DIAPH1,42,25,0,0,0,,
OMIM:125250,"Optic atrophy with or without deafness, ophthalmoplegia, myopathy, ataxia, and neuropathy",snv_fora_do_painel,True,OPA1,30,22,0,0,0,,
OMIM:125310,"Cerebral arteriopathy, autosomal dominant, with subcortical infarctsand leukoencephalopathy",snv_fora_do_painel,True,NOTCH3,116,110,0,0,0,,
OMIM:125350,Dental noneruption,snv_fora_do_painel,True,PTH1R,15,13,0,0,0,,
OMIM:125370,Dentatorubral-pallidoluysian atrophy,sem_snv,True,ATN1,1,0,0,0,0,,
OMIM:125400,"Dentin dysplasia, type I, with microdontia and misshapen teeth",sem_variante_patogenica,True,SMOC2,0,0,0,0,0,,
OMIM:125420,"Dentin dysplasia, type II",sem_variante_patogenica,True,DSPP,0,0,0,0,0,,
OMIM:125490,Dentinogenesis imperfecta 1,snv_fora_do_painel,True,DSPP,28,6,0,0,0,,
OMIM:125500,"Dentinogenesis imperfecta, shields type III",snv_fora_do_painel,True,DSPP,3,1,0,0,0,,
OMIM:125595,Dermatopathia pigmentosa reticularis,snv_fora_do_painel,True,KRT14,4,4,0,0,0,,
OMIM:125630,Dermodistortive urticaria,sem_variante_patogenica,True,ADGRE2,0,0,0,0,0,,
OMIM:125700,"Diabetes insipidus, Neurohypophyseal type",snv_fora_do_painel,True,AVP,23,22,0,0,0,,
OMIM:125800,"Diabetes insipidus, nephrogenic, 2",snv_fora_do_painel,True,AQP2,43,32,0,0,0,,
OMIM:125850,"Maturity-onset diabetes of the young, type 1",snv_fora_do_painel,True,HNF4A,63,53,0,0,0,,
OMIM:125851,"Maturity-onset diabetes of the young, type II",snv_fora_do_painel,True,GCK,242,195,0,0,0,,
OMIM:125852,"Diabetes mellitus, insulin-dependent, 2",snv_fora_do_painel,True,INS,6,6,0,0,0,,
OMIM:125853,"Diabetes mellitus, noninsulin-dependent",alelo_patogenico_ensaiado,True,ABCC8;AKT2;ENPP1;GCK;GPD2;HMGA1;HNF1A;HNF1B;HNF4A;IGF2BP2;IL6;IRS1;IRS2;KCNJ11;LIPC;MAPK8IP1;MTNR1B;NEUROD1;PAX4;PDX1;PPARG;PPP1R3A;PTPN1;RETN;SLC2A2;SLC30A8;TCF7L2,358,264,2,1,0,2,3351
OMIM:126200,"Multiple sclerosis, susceptibility to",snv_fora_do_painel,False,HLA-DQB1;HLA-DRB1,3,3,0,0,0,,
OMIM:126550,Calvarial doughnut lesions with bone fragility,snv_fora_do_painel,True,SGMS2,1,1,0,0,0,,
OMIM:126600,Doyne honeycomb retinal dystrophy,snv_fora_do_painel,True,EFEMP1,3,3,0,0,0,,
OMIM:126700,Basal laminar drusen,posicao_alelo_diferente,True,CFH,21,16,1,0,0,,
OMIM:127000,"Kenny-caffey syndrome, type 2",snv_fora_do_painel,True,FAM111A,4,3,0,0,0,,
OMIM:127300,Leri-Weill dyschondrosteosis,snv_fora_do_painel,True,SHOX,24,18,0,0,0,,
OMIM:127400,Dyschromatosis symmetrica hereditaria 1,snv_fora_do_painel,True,ADAR,69,36,0,0,0,,
OMIM:127500,Dyschromatosis universalis hereditaria,snv_fora_do_painel,True,SASH1,10,9,0,0,0,,
OMIM:127550,"Dyskeratosis congenita, autosomal dominant, 1",snv_fora_do_painel,True,TERC;TERT;TINF2,31,19,0,0,0,,
OMIM:127700,"Dyslexia, susceptibility to, 1",snv_fora_do_painel,False,DNAAF4,7,4,0,0,0,,
OMIM:127750,"Dementia, lewy body",snv_fora_do_painel,True,GBA1;SNCA;SNCB,11,10,0,0,0,,
OMIM:128100,"Dystonia 1, torsion, autosomal dominant",snv_fora_do_painel,True,TOR1A,5,4,0,0,0,,
OMIM:128101,"Dystonia 4, torsion, autosomal dominant",snv_fora_do_painel,True,TUBB4A,9,9,0,0,0,,
OMIM:128200,Episodic kinesigenic dyskinesia 1,snv_fora_do_painel,True,PRRT2,27,6,0,0,0,,
OMIM:128230,"Dystonia, DOPA-responsive, with or without hyperphenylalaninemia",snv_fora_do_painel,True,GCH1,86,60,0,0,0,,
OMIM:128235,Dystonia 12,snv_fora_do_painel,True,ATP1A3,104,89,0,0,0,,
OMIM:129200,Basan syndrome,snv_fora_do_painel,True,SMARCAD1,2,2,0,0,0,,
OMIM:129400,Rapp-Hodgkin syndrome,snv_fora_do_painel,True,TP63,12,7,0,0,0,,
OMIM:129490,"Ectodermal dysplasia 10A, hypohidrotic/hair/nail type, autosomal dominant",alelo_patogenico_ensaiado,True,EDAR;EDARADD,61,43,5,5,0,2,4188;4189;5849;5852;5853
OMIM:129500,Clouston syndrome,snv_fora_do_painel,True,GJB6,5,5,0,0,0,,
OMIM:129600,"Ectopia lentis, familial",snv_fora_do_painel,True,FBN1,14,14,0,0,0,,
OMIM:130000,"Ehlers-danlos syndrome, type I",snv_fora_do_painel,True,COL5A1,696,509,0,0,0,,
OMIM:130010,"Ehlers-Danlos syndrome, classic type, 2",snv_fora_do_painel,True,COL5A2,17,13,0,0,0,,
OMIM:130050,"Ehlers-Danlos syndrome, Vascular type",snv_fora_do_painel,True,COL3A1,790,668,0,0,0,,
OMIM:130060,"Ehlers-Danlos syndrome, arthrochalasia type, 1",snv_fora_do_painel,True,COL1A1,11,11,0,0,0,,
OMIM:130070,"Ehlers-Danlos syndrome, spondylodysplastic type, 1",snv_fora_do_painel,True,B4GALT7,3,2,0,0,0,,
OMIM:130080,"Ehlers-Danlos syndrome, periodontal type, 1",snv_fora_do_painel,True,C1R,14,10,0,0,0,,
OMIM:130600,Elliptocytosis 2,snv_fora_do_painel,True,SPTA1,17,16,0,0,0,,
OMIM:130650,Beckwith-Wiedemann syndrome,snv_fora_do_painel,True,-;CDKN1C;IGF2;KCNQ1;KCNQ1OT1,153,60,0,0,0,,
OMIM:130720,Lateral meningocele syndrome,snv_fora_do_painel,True,NOTCH3,27,20,0,0,0,,
OMIM:130900,"Amelogenesis imperfecta, type III",snv_fora_do_painel,True,SACK1H,14,11,0,0,0,,
OMIM:131100,Multiple endocrine neoplasia 1,snv_fora_do_painel,True,MEN1,496,255,0,0,0,,
OMIM:131300,Camurati-Engelmann disease,snv_fora_do_painel,True,TGFB1,2,2,0,0,0,,
OMIM:131705,Transient bullous dermolysis of the newborn,snv_fora_do_painel,True,COL7A1,32,26,0,0,0,,
OMIM:131750,"Epidermolysis bullosa dystrophica, autosomal dominant",snv_fora_do_painel,True,COL7A1,60,48,0,0,0,,
OMIM:131760,"Epidermolysis bullosa simplex, Dowling-Meara type",snv_fora_do_painel,True,KRT14;KRT5,26,20,0,0,0,,
OMIM:131800,"Epidermolysis bullosa simplex, Weber-Cockayne type",snv_fora_do_painel,True,KRT14,14,13,0,0,0,,
OMIM:131850,"Epidermolysis bullosa dystrophica, pretibial",snv_fora_do_painel,True,COL7A1,18,15,0,0,0,,
OMIM:131900,"Epidermolysis bullosa simplex 1B, generalized intermediate",snv_fora_do_painel,True,KRT14,15,15,0,0,0,,
OMIM:131950,"Epidermolysis bullosa simplex, Ogna type",snv_fora_do_painel,True,PLEC,86,59,0,0,0,,
OMIM:131960,Epidermolysis bullosa simplex with mottled pigmentation,snv_fora_do_painel,True,KRT5,4,3,0,0,0,,
OMIM:132000,Epidermolysis bullosa with congenital localized absence of skin anddeformity of nails,snv_fora_do_painel,True,COL7A1,3,3,0,0,0,,
OMIM:132400,"Epiphyseal dysplasia, multiple, 1",snv_fora_do_painel,True,COMP,37,30,0,0,0,,
OMIM:132450,"Epiphyseal dysplasia, multiple, with myopia and conductive deafness",snv_fora_do_painel,True,COL2A1,4,4,0,0,0,,
OMIM:132600,"Pilomatrixoma, somatic",snv_fora_do_painel,True,CTNNB1,6,6,0,0,0,,
OMIM:132700,"Cylindromatosis, familial",snv_fora_do_painel,True,CYLD,25,13,0,0,0,,
OMIM:132800,"Multiple self-healing squamous epithelioma, susceptibility to",snv_fora_do_painel,False,TGFBR1,7,5,0,0,0,,
OMIM:132900,"Aortic aneurysm, familial thoracic 4",snv_fora_do_painel,True,MYH11,53,35,0,0,0,,
OMIM:133020,"Erythermalgia, primary",snv_fora_do_painel,True,SCN9A,11,8,0,0,0,,
OMIM:133100,"Erythrocytosis, familial, 1",snv_fora_do_painel,True,EPOR;JAK2;SH2B3,5,5,0,0,0,,
OMIM:133180,"Erythroleukemia, familial, susceptibility to",snv_fora_do_painel,False,ERBB3,3,2,0,0,0,,
OMIM:133190,Spinocerebellar ataxia 34,snv_fora_do_painel,True,ELOVL4,4,4,0,0,0,,
OMIM:133200,Erythrokeratodermia variabilis et progressiva 1,snv_fora_do_painel,True,GJB3,6,6,0,0,0,,
OMIM:133239,"Esophageal cancer, somatic",snv_fora_do_painel,True,DCC;LZTS1;RNF6;TGFBR2;WWOX,12,10,0,0,0,,
OMIM:133540,"Cockayne syndrome, type B",snv_fora_do_painel,True,ERCC6,83,50,0,0,0,,
OMIM:133700,"Exostoses, multiple, type I",snv_fora_do_painel,True,EXT1,85,44,0,0,0,,
OMIM:133701,"Exostoses, multiple, type II",snv_fora_do_painel,True,EXT2,188,94,0,0,0,,
OMIM:133780,Exudative vitreoretinopathy 1,snv_fora_do_painel,True,FZD4;LRP5,20,12,0,0,0,,
OMIM:134600,Fanconi renotubular syndrome 1,snv_fora_do_painel,True,GATM,6,5,0,0,0,,
OMIM:134610,"Familial Mediterranean fever, AD",snv_fora_do_painel,True,MEFV,8,8,0,0,0,,
OMIM:135100,Fibrodysplasia ossificans progressiva,snv_fora_do_painel,True,ACVR1,10,10,0,0,0,,
OMIM:135150,Birt-Hogg-Dube syndrome,snv_fora_do_painel,True,FLCN,58,23,0,0,0,,
OMIM:135290,"Desmoid disease, hereditary",snv_fora_do_painel,True,APC,18,12,0,0,0,,
OMIM:135300,"Fibromatosis, gingival, 1",snv_fora_do_painel,True,SOS1,16,15,0,0,0,,
OMIM:135400,"Hypertrichosis terminalis, generalized, with or without gingival hyperplasia",snv_fora_do_painel,True,ABCA5,7,4,0,0,0,,
OMIM:135500,Zimmermann-Laband syndrome 1,snv_fora_do_painel,True,KCNH1,10,10,0,0,0,,
OMIM:135700,"Fibrosis of extraocular muscles, congenital, 1",snv_fora_do_painel,True,KIF21A,10,9,0,0,0,,
OMIM:135750,Laurin-Sandrow syndrome,sem_variante_patogenica,True,LMBR1,0,0,0,0,0,,
OMIM:135900,Coffin-Siris syndrome 1,snv_fora_do_painel,True,ARID1B,291,135,0,0,0,,
OMIM:136000,"Fingerprints, absence of",snv_fora_do_painel,True,SMARCAD1,4,4,0,0,0,,
OMIM:136120,Fish-Eye disease,snv_fora_do_painel,True,LCAT,17,12,0,0,0,,
OMIM:136140,Floating-Harbor syndrome,snv_fora_do_painel,True,SRCAP,30,15,0,0,0,,
OMIM:136520,"Foveal hypoplasia and presenile cataract syndromefoveal hypoplasia, isolated, included",snv_fora_do_painel,True,PAX6,6,6,0,0,0,,
OMIM:136570,"Chromosome 16p12.1 deletion syndrome, 520-kbfragile site 16p12, included",sem_variante_patogenica,True,FRA16E,0,0,0,0,0,,
OMIM:136630,"Intellectual developmental disorder, autosomal dominant, FRA12A type",snv_fora_do_painel,True,DIP2B,2,1,0,0,0,,
OMIM:136680,Frasier syndrome,snv_fora_do_painel,True,WT1,73,47,0,0,0,,
OMIM:136760,Frontonasal dysplasia 1,snv_fora_do_painel,True,ALX3,8,7,0,0,0,,
OMIM:136800,"Corneal dystrophy, fuchs endothelial, 1",snv_fora_do_painel,True,COL8A2,3,2,0,0,0,,
OMIM:136880,Fundus albipunctatus,snv_fora_do_painel,True,PRPH2;RDH5;RHO;RLBP1,57,37,0,0,0,,
OMIM:136900,Sorsby fundus dystrophy,snv_fora_do_painel,True,TIMP3,4,4,0,0,0,,
OMIM:137200,"Neuromyotonia and axonal neuropathy, autosomal recessive",snv_fora_do_painel,True,HINT1,22,15,0,0,0,,
OMIM:137215,"Gastric cancer, hereditary diffuse",snv_fora_do_painel,True,CDH1,439,185,0,0,0,,
OMIM:137245,"Gastric lymphoma, primary",sem_variante_patogenica,True,BCL10,0,0,0,0,0,,
OMIM:137440,Gerstmann-Straussler disease,snv_fora_do_painel,True,PRNP,13,13,0,0,0,,
OMIM:137550,"Melanocytic nevus syndrome, congenital",snv_fora_do_painel,True,HRAS;NRAS,4,4,0,0,0,,
OMIM:137580,Gilles de la tourette syndrome,snv_fora_do_painel,True,HDC;SLITRK1,5,4,0,0,0,,
OMIM:137600,"Iridogoniodysgenesis, type 2",snv_fora_do_painel,True,PITX2,30,17,0,0,0,,
OMIM:137750,"Glaucoma 1, open angle, A",snv_fora_do_painel,True,MYOC,16,16,0,0,0,,
OMIM:137760,"Glaucoma, primary open angle",snv_fora_do_painel,True,OPTN,43,21,0,0,0,,
OMIM:137800,Glioma susceptibility 1,snv_fora_do_painel,True,ERBB2;IDH1;TP53,3,3,0,0,0,,
OMIM:137920,Renal cysts and diabetes syndrome,snv_fora_do_painel,True,HNF1B,241,138,0,0,0,,
OMIM:137940,Hypotrichosis-Lymphedema-Telangiectasia-Renal defect syndrome,snv_fora_do_painel,True,SOX18,3,2,0,0,0,,
OMIM:138000,Glomuvenous malformations,snv_fora_do_painel,True,GLMN,34,13,0,0,0,,
OMIM:138500,Glycinuria with or without oxalate urolithiasis,snv_fora_do_painel,True,SLC36A2,5,5,0,0,0,,
OMIM:138800,"Goiter, multinodular 1",snv_fora_do_painel,True,DICER1,25,13,0,0,0,,
OMIM:138900,"Uric acid concentration, serum, QTL1",sem_variante_patogenica,True,ABCG2,0,0,0,0,0,,
OMIM:139090,Gray platelet syndrome,snv_fora_do_painel,True,NBEAL2,34,25,0,0,0,,
OMIM:139210,Myhre syndrome,snv_fora_do_painel,True,SMAD4,12,5,0,0,0,,
OMIM:139393,"Neuropathy, inflammatory demyelinating",sem_variante_patogenica,True,PMP22,0,0,0,0,0,,
OMIM:140000,Hand-foot-genital syndrome,snv_fora_do_painel,True,HOXA13,11,5,0,0,0,,
OMIM:140350,Hawkinsinuria,snv_fora_do_painel,True,HPD,32,16,0,0,0,,
OMIM:140600,Osteoarthritis of distal interphalangeal joints,sem_variante_patogenica,False,MATN3,0,0,0,0,0,,
OMIM:140700,Heinz body anemias,alelo_patogenico_ensaiado,True,HBA1;HBA2;HBB,59,43,3,2,0,2,15161;15333
OMIM:141200,"Hematuria, benign familial",snv_fora_do_painel,True,COL4A4,249,170,0,0,0,,
OMIM:141500,"Migraine, familial hemiplegic, 1",snv_fora_do_painel,True,CACNA1A,58,52,0,0,0,,
OMIM:141749,Fetal hemoglobin quantitative trait locus 1,alelo_patogenico_ensaiado,True,HBB;HBG1;HBG2,16,15,3,2,0,2,15161;15333
OMIM:142330,"Hepatic adenomas, familial",snv_fora_do_painel,True,HNF1A,3,2,0,0,0,,
OMIM:142623,"Hirschsprung disease, susceptibility to, 1",snv_fora_do_painel,False,RET,38,35,0,0,0,,
OMIM:142669,"Hip dysplasia, Beukes type",snv_fora_do_painel,True,UFSP2,2,2,0,0,0,,
OMIM:142680,"Periodic fever, familial, autosomal dominant",snv_fora_do_painel,True,TNFRSF1A,26,26,0,0,0,,
OMIM:142690,"Acne inversa, familial",snv_fora_do_painel,True,NCSTN,9,6,0,0,0,,
OMIM:142900,Holt-Oram syndrome,snv_fora_do_painel,True,TBX5,58,43,0,0,0,,
OMIM:142945,Holoprosencephaly 3,snv_fora_do_painel,True,SHH,68,47,0,0,0,,
OMIM:142946,Holoprosencephaly 4,snv_fora_do_painel,True,TGIF1,4,4,0,0,0,,
OMIM:143095,Spondyloepiphyseal dysplasia with congenital joint dislocations,snv_fora_do_painel,True,CHST3,56,36,0,0,0,,
OMIM:143100,Huntington disease,sem_snv,True,HTT,4,0,0,0,0,,
OMIM:143200,Wagner vitreoretinopathy,snv_fora_do_painel,True,VCAN,15,14,0,0,0,,
OMIM:143400,Congenital anomalies of kidney and urinary tract 2,snv_fora_do_painel,True,TBX18,4,2,0,0,0,,
OMIM:143465,Attention deficit-hyperactivity disorder,sem_snv,False,DRD4;DRD5,1,0,0,0,0,,
OMIM:143470,Hyperalphalipoproteinemia 1,snv_fora_do_painel,True,CETP,8,5,0,0,0,,
OMIM:143500,Gilbert syndrome,snv_fora_do_painel,True,UGT1A1,32,18,0,0,0,,
OMIM:143860,"Hyperchlorhidrosis, isolated",snv_fora_do_painel,True,CA12,6,3,0,0,0,,
OMIM:143870,"Hypercalciuria, absorptive, susceptibility to",snv_fora_do_painel,False,ADCY10,3,1,0,0,0,,
OMIM:143880,"Hypercalcemia, infantile, 1",snv_fora_do_painel,True,CYP24A1,48,32,0,0,0,,
OMIM:143890,"Hypercholesterolemia, familial, 1",posicao_alelo_diferente,True,APOA2;EPHX2;GHR;LDLR;PPP1R17,1594,956,2,0,0,,
OMIM:144010,"Hypercholesterolemia, familial, 2",snv_fora_do_painel,True,APOB,173,84,0,0,0,,
OMIM:144200,"Palmoplantar keratoderma, epidermolytic",snv_fora_do_painel,True,KRT9,14,14,0,0,0,,
OMIM:144250,"Hyperlipidemia, familial combined, 3",snv_fora_do_painel,True,LPL,36,29,0,0,0,,
OMIM:144650,"Hyperlipoproteinemia, type V",snv_fora_do_painel,True,APOA5,6,2,0,0,0,,
OMIM:144700,"Renal cell carcinoma, nonpapillary",snv_fora_do_painel,True,FLCN;HNF1A;HNF1B;OGG1;PBRM1;RNF139;VHL,60,31,0,0,0,,
OMIM:144750,"Hyperostosis, endosteal",snv_fora_do_painel,True,LRP5,3,3,0,0,0,,
OMIM:144755,Hyperostosis cranialis interna,snv_fora_do_painel,True,SLC39A14,2,2,0,0,0,,
OMIM:145000,Hyperparathyroidism 1,snv_fora_do_painel,True,CDC73;MEN1,16,10,0,0,0,,
OMIM:145001,Hyperparathyroidism 2,snv_fora_do_painel,True,CDC73,18,11,0,0,0,,
OMIM:145250,"Hyperpigmentation, familial progressive",snv_fora_do_painel,True,KITLG,5,5,0,0,0,,
OMIM:145350,Hypotaurinemic retinal degeneration and cardiomyopathy,snv_fora_do_painel,True,SLC6A6,2,2,0,0,0,,
OMIM:145420,Teebi hypertelorism syndrome 1,snv_fora_do_painel,True,SPECC1L,7,7,0,0,0,,
OMIM:145500,"Hypertension, essential",snv_fora_do_painel,True,ADD1;AGTR1;ATP1B1;CYP3A5;ECE1;GNB3;PTGIS;RGS5,8,4,0,0,0,,
OMIM:145600,"Malignant hyperthermia, susceptibility to, 1",snv_fora_do_painel,False,RYR1,154,136,0,0,0,,
OMIM:145650,"Thyroid hormone resistance, selective pituitary",snv_fora_do_painel,True,THRB,7,6,0,0,0,,
OMIM:145680,Dystransthyretinemic euthyroidal hyperthyroxinemia,snv_fora_do_painel,True,TTR,7,7,0,0,0,,
OMIM:145750,"Hypertriglyceridemia, familial",snv_fora_do_painel,False,APOA5,4,3,0,0,0,,
OMIM:145900,Hypertrophic neuropathy of dejerine-sottas,snv_fora_do_painel,True,EGR2;MPZ;PMP22;PRX,37,28,0,0,0,,
OMIM:145980,"Hypocalciuric hypercalcemia, familial, type I",snv_fora_do_painel,True,CASR,79,66,0,0,0,,
OMIM:145981,"Hypocalciuric hypercalcemia, familial, type II",snv_fora_do_painel,True,GNA11,9,5,0,0,0,,
OMIM:146000,Hypochondroplasia,snv_fora_do_painel,True,FGFR3,28,27,0,0,0,,
OMIM:146110,Hypogonadotropic hypogonadism 7 without anosmia,snv_fora_do_painel,True,ANOS1;AXL;CCDC141;CHD7;DUSP6;FEZF1;FGF17;FGF8;FGFR1;FLRT3;GNRH1;GNRHR;HS6ST1;KISS1;KISS1R;NSMF;PROK2;PROKR2;SEMA3A;SEMA3E;SOX10;SPRY4;SRA1;TAC3;TACR3;WDR11,44,39,0,0,0,,
OMIM:146200,"Hypoparathyroidism, familial isolated",snv_fora_do_painel,True,PTH,5,4,0,0,0,,
OMIM:146255,"Hypoparathyroidism, sensorineural deafness, and renal dysplasia",snv_fora_do_painel,True,GATA3,59,22,0,0,0,,
OMIM:146300,"Hypophosphatasia, adult",snv_fora_do_painel,True,ALPL,184,151,0,0,0,,
OMIM:146500,"Multiple system atrophy 1, susceptibility to",snv_fora_do_painel,False,COQ2,12,7,0,0,0,,
OMIM:146510,Pallister-Hall syndrome,snv_fora_do_painel,True,GLI3,90,35,0,0,0,,
OMIM:146520,Hypotrichosis 2,snv_fora_do_painel,True,CDSN,2,2,0,0,0,,
OMIM:146550,Marie unna hereditary hypotrichosis 1,snv_fora_do_painel,True,HRURF,5,5,0,0,0,,
OMIM:146590,"Ichthyosis hystrix, Curth-Macklin type",sem_snv,True,KRT1,4,0,0,0,0,,
OMIM:146600,Ichthyosis hystrix gravior,snv_fora_do_painel,True,KRT10,1,1,0,0,0,,
OMIM:146700,Ichthyosis vulgaris,snv_fora_do_painel,True,FLG,100,61,0,0,0,,
OMIM:146750,"Ichthyosis, lamellar, autosomal dominant",snv_fora_do_painel,True,ASPRV1,3,3,0,0,0,,
OMIM:146800,"Ichthyosis, Bullous type",snv_fora_do_painel,True,KRT2,9,9,0,0,0,,
OMIM:147060,Hyper-IgE recurrent infection syndrome,snv_fora_do_painel,True,STAT3,69,66,0,0,0,,
OMIM:147250,Solitary median maxillary central incisor,snv_fora_do_painel,True,SHH,20,16,0,0,0,,
OMIM:147430,Marsili syndrome,snv_fora_do_painel,True,ZFHX2,1,1,0,0,0,,
OMIM:147480,"Cholestasis, intrahepatic, of pregnancy, 1",snv_fora_do_painel,True,ATP8B1,16,11,0,0,0,,
OMIM:147630,Insulinomatosis and diabetes mellitus,snv_fora_do_painel,True,MAFA,2,2,0,0,0,,
OMIM:147750,IVIC syndrome,sem_snv,True,SALL4,3,0,0,0,0,,
OMIM:147891,Ischiocoxopodopatellar syndrome with or without pulmonary arterial hypertension,snv_fora_do_painel,True,TBX4,22,15,0,0,0,,
OMIM:147920,Kabuki Syndrome 1,snv_fora_do_painel,True,KDM6A;KMT2D,517,243,0,0,0,,
OMIM:147950,Hypogonadotropic hypogonadism 2 with or without anosmia,snv_fora_do_painel,True,FGFR1,141,91,0,0,0,,
OMIM:148000,"Kaposi sarcoma, susceptibility to",sem_variante_patogenica,False,BPTF;IL6,0,0,0,0,0,,
OMIM:148050,KBG syndrome,snv_fora_do_painel,True,ANKRD11,457,181,0,0,0,,
OMIM:148190,"Keratitis, hereditary",snv_fora_do_painel,True,PAX6,1,1,0,0,0,,
OMIM:148200,Keratoendotheliitis fugax hereditaria,snv_fora_do_painel,True,NLRP3,6,6,0,0,0,,
OMIM:148210,"Keratitis-Ichthyosis-Deafness syndrome, autosomal dominant",snv_fora_do_painel,True,GJB2,9,9,0,0,0,,
OMIM:148300,Keratoconus 1,snv_fora_do_painel,True,VSX1,7,7,0,0,0,,
OMIM:148350,"Keratoderma, palmoplantar, with deafness",snv_fora_do_painel,True,GJB2,19,15,0,0,0,,
OMIM:148370,Keratolytic winter erythema,sem_variante_patogenica,True,CTSB,0,0,0,0,0,,
OMIM:148500,Tylosis with esophageal cancer,snv_fora_do_painel,True,RHBDF2,1,1,0,0,0,,
OMIM:148600,"Palmoplantar keratoderma, punctate type IA",snv_fora_do_painel,True,AAGAB,9,4,0,0,0,,
OMIM:148700,Keratosis palmoplantaris striata I,snv_fora_do_painel,True,DSG1,15,10,0,0,0,,
OMIM:148820,"Waardenburg syndrome, type 3",snv_fora_do_painel,True,PAX3,12,11,0,0,0,,
OMIM:149200,Bart-Pumphrey syndrome,snv_fora_do_painel,True,GJB2,14,10,0,0,0,,
OMIM:149400,Hyperekplexia 1,snv_fora_do_painel,True,GLRA1;GPHN,32,27,0,0,0,,
OMIM:149700,Lacrimal duct defect,snv_fora_do_painel,True,IGSF3,2,1,0,0,0,,
OMIM:149730,Lacrimoauriculodentodigital syndrome-1,snv_fora_do_painel,True,FGFR2,3,2,0,0,0,,
OMIM:150250,Larsen syndrome,snv_fora_do_painel,True,FLNB,22,21,0,0,0,,
OMIM:150400,"Tooth agenesis, selective, 4",snv_fora_do_painel,True,WNT10A,95,53,0,0,0,,
OMIM:150550,"Periodic fever, immunodeficiency, and thrombocytopenia syndrome",snv_fora_do_painel,True,WDR1,7,6,0,0,0,,
OMIM:150600,Legg-Calve-Perthes disease,snv_fora_do_painel,True,COL2A1,3,3,0,0,0,,
OMIM:150800,Hereditary leiomyomatosis and renal cell cancer,snv_fora_do_painel,True,FH,139,86,0,0,0,,
OMIM:151050,Lenz-Majewski hyperostotic dwarfism,snv_fora_do_painel,True,PTDSS1,6,6,0,0,0,,
OMIM:151100,Leopard syndrome 1,snv_fora_do_painel,True,PTPN11,59,59,0,0,0,,
OMIM:151210,"Platyspondylic lethal skeletal dysplasia, Torrance type",snv_fora_do_painel,True,COL2A1,7,6,0,0,0,,
OMIM:151600,"Nail disorder, nonsyndromic congenital, 3",snv_fora_do_painel,True,PLCD1,7,5,0,0,0,,
OMIM:151623,Li-Fraumeni syndrome,snv_fora_do_painel,True,TP53,352,254,0,0,0,,
OMIM:151660,"Lipodystrophy, familial partial, type 2",snv_fora_do_painel,True,LMNA,11,11,0,0,0,,
OMIM:151800,"Lipomatosis, multiple symmetric, with or without peripheral neuropathy",snv_fora_do_painel,True,MFN2,2,1,0,0,0,,
OMIM:152700,Systemic lupus erythematosus,snv_fora_do_painel,False,DNASE1;FCGR2A;FCGR2B;TREX1,20,11,0,0,0,,
OMIM:152950,"Microcephaly with or without chorioretinopathy, lymphedema, or impaired intellectual development",snv_fora_do_painel,True,KIF11,82,47,0,0,0,,
OMIM:153100,Lymphatic malformation 1,snv_fora_do_painel,True,FLT4,21,19,0,0,0,,
OMIM:153300,Yellow nail syndrome,snv_fora_do_painel,True,CELSR1,1,1,0,0,0,,
OMIM:153400,Lymphedema-Distichiasis syndrome,snv_fora_do_painel,True,FOXC2,30,14,0,0,0,,
OMIM:153550,Chromosome 5q deletion syndrome,snv_fora_do_painel,True,RPS14,1,1,0,0,0,,
OMIM:153600,"Macroglobulinemia, Waldenstrom, somatic",sem_variante_patogenica,True,MYD88,0,0,0,0,0,,
OMIM:153670,"Bernard-Soulier syndrome, type A2, autosomal dominant",snv_fora_do_painel,True,GP1BA,27,19,0,0,0,,
OMIM:153700,"Macular dystrophy, vitelliform, 2",snv_fora_do_painel,True,BEST1,85,75,0,0,0,,
OMIM:153800,"Macular degeneration, age-related, 2",snv_fora_do_painel,False,ABCA4,154,140,0,0,0,,
OMIM:153870,"Macular dystrophy, concentric annular",snv_fora_do_painel,True,IMPG1,7,4,0,0,0,,
OMIM:154020,"Hypomagnesemia 2, renal",snv_fora_do_painel,True,FXYD2,1,1,0,0,0,,
OMIM:154400,"Acrofacial dysostosis 1, Nager type",snv_fora_do_painel,True,SF3B4,20,8,0,0,0,,
OMIM:154500,Treacher Collins syndrome 1,snv_fora_do_painel,True,TCOF1,180,52,0,0,0,,
OMIM:154700,Marfan syndrome,snv_fora_do_painel,True,FBN1,2813,1932,0,0,0,,
OMIM:154780,Marshall syndrome,snv_fora_do_painel,True,COL11A1,23,16,0,0,0,,
OMIM:154800,"Mastocytosis, cutaneous",snv_fora_do_painel,True,KIT,3,3,0,0,0,,
OMIM:155100,Macrothrombocytopenia and granulocyte inclusions with or without nephritis or sensorineural hearing loss,snv_fora_do_painel,True,MYH9,42,33,0,0,0,,
OMIM:155240,"Thyroid carcinoma, familial medullary",snv_fora_do_painel,True,NTRK1;RET,28,27,0,0,0,,
OMIM:155255,MEDULLOBLASTOMA,alelo_patogenico_ensaiado,True,BRCA2;CTNNB1;ELP1;GPR161;PTCH2;SUFU,171,88,2,2,0,2,6085;6086
OMIM:155310,Visceral myopathy 1,snv_fora_do_painel,True,ACTG2,32,28,0,0,0,,
OMIM:155500,"Macrodactyly, somatic",snv_fora_do_painel,True,PIK3CA,1,1,0,0,0,,
OMIM:155600,"Melanoma, cutaneous malignant",snv_fora_do_painel,True,BRAF;STK11,14,10,0,0,0,,
OMIM:155601,"Melanoma, cutaneous malignant, susceptibility to, 2",snv_fora_do_painel,False,CDKN2A,18,14,0,0,0,,
OMIM:155755,Melanoma-Astrocytoma syndrome,snv_fora_do_painel,False,CDKN2A,28,21,0,0,0,,
OMIM:155950,"Melorheostosis, isolated",snv_fora_do_painel,True,MAP2K1,5,5,0,0,0,,
OMIM:156200,"Intellectual developmental disorder, autosomal dominant 1",snv_fora_do_painel,True,MBD5,96,41,0,0,0,,
OMIM:156240,"Mesothelioma, malignant",sem_variante_patogenica,True,BCL10;WT1,0,0,0,0,0,,
OMIM:156250,Metachondromatosis,snv_fora_do_painel,True,PTPN11,65,55,0,0,0,,
OMIM:156400,"Metaphyseal chondrodysplasia, Jansen type",snv_fora_do_painel,True,PTH1R,10,9,0,0,0,,
OMIM:156500,"Metaphyseal chondrodysplasia, Schmid type",snv_fora_do_painel,True,COL10A1,44,27,0,0,0,,
OMIM:156510,Metaphyseal dysplasia with maxillary hypoplasia and brachydactyly,snv_fora_do_painel,True,RUNX2,6,5,0,0,0,,
OMIM:156530,Metatropic dysplasia,snv_fora_do_painel,True,TRPV4,22,21,0,0,0,,
OMIM:156550,Kniest dysplasia,snv_fora_do_painel,True,COL2A1,19,14,0,0,0,,
OMIM:156610,"Skin creases, congenital symmetric circumferential, 1",snv_fora_do_painel,True,TUBB,6,6,0,0,0,,
OMIM:157170,Holoprosencephaly 2,snv_fora_do_painel,True,SIX3,17,11,0,0,0,,
OMIM:157300,"Migraine with or without aura, susceptibility to, 1",sem_variante_patogenica,False,EDNRA;ESR1;TNF,0,0,0,0,0,,
OMIM:157600,Mirror movements 1 and/or agenesis of the corpus callosum,snv_fora_do_painel,True,DCC;NTN1;RAD51,26,16,0,0,0,,
OMIM:157640,"Progressive external ophthalmoplegia with mitochondrial DNA deletions, autosomal dominant 1",snv_fora_do_painel,True,POLG,72,54,0,0,0,,
OMIM:157800,Cardiospondylocarpofacial syndrome,snv_fora_do_painel,True,MAP3K7,7,4,0,0,0,,
OMIM:158000,Monilethrix,snv_fora_do_painel,True,KRT86,1,1,0,0,0,,
OMIM:158300,"Arthrogryposis, distal, type 7",snv_fora_do_painel,True,MYH8,2,2,0,0,0,,
OMIM:158310,"Mucoepithelial dysplasia, hereditary",snv_fora_do_painel,True,SREBF1,4,3,0,0,0,,
OMIM:158320,Muir-Torre syndrome,snv_fora_do_painel,True,MLH1;MSH2,142,80,0,0,0,,
OMIM:158330,Mullerian aplasia and hyperandrogenism,snv_fora_do_painel,True,WNT4,3,3,0,0,0,,
OMIM:158350,Cowden syndrome 1,snv_fora_do_painel,True,PTEN,389,237,0,0,0,,
OMIM:158580,"Neuronopathy, distal hereditary motor, type VIIA",snv_fora_do_painel,True,SLC5A7,10,6,0,0,0,,
OMIM:158590,"Neuronopathy, distal hereditary motor, type IIA",snv_fora_do_painel,True,HSPB8,4,3,0,0,0,,
OMIM:158600,"Spinal muscular atrophy, lower extremity-predominant, 1, autosomal dominant",snv_fora_do_painel,True,DYNC1H1,20,19,0,0,0,,
OMIM:158810,Bethlem myopathy 1A,snv_fora_do_painel,True,COL6A1,448,302,0,0,0,,
OMIM:158900,Facioscapulohumeral muscular dystrophy 1,snv_fora_do_painel,True,FRG1,1,1,0,0,0,,
OMIM:158901,Facioscapulohumeral muscular dystrophy 2,snv_fora_do_painel,True,SMCHD1,79,42,0,0,0,,
OMIM:159550,Ataxia-Pancytopenia syndrome,snv_fora_do_painel,True,SAMD9L,4,4,0,0,0,,
OMIM:159595,"Myeloproliferative syndrome, transient",sem_variante_patogenica,True,GATA1,0,0,0,0,0,,
OMIM:159900,"Dystonia-11, myoclonic",snv_fora_do_painel,True,SGCE,130,56,0,0,0,,
OMIM:159950,Spinal muscular atrophy with progressive myoclonic epilepsy,snv_fora_do_painel,True,ASAH1,20,17,0,0,0,,
OMIM:160120,"Episodic ataxia, type 1",snv_fora_do_painel,True,KCNA1,34,33,0,0,0,,
OMIM:160150,"Myopathy, centronuclear, autosomal dominant",snv_fora_do_painel,True,DNM2;MTMR14,14,13,0,0,0,,
OMIM:160500,"Myopathy, distal, 1",snv_fora_do_painel,True,MYH7,37,32,0,0,0,,
OMIM:160565,"Myopathy, tubular aggregate, 1",snv_fora_do_painel,True,STIM1,11,8,0,0,0,,
OMIM:160800,"Myotonia congenita, autosomal dominant",snv_fora_do_painel,True,CLCN1,286,196,0,0,0,,
OMIM:160900,Myotonic dystrophy 1,sem_snv,True,DMPK,171,0,0,0,0,,
OMIM:160980,"Carney complex, type 1",snv_fora_do_painel,True,PRKAR1A,75,35,0,0,0,,
OMIM:161000,Naegeli-Franceschetti-Jadassohn syndrome,snv_fora_do_painel,True,KRT14,2,1,0,0,0,,
OMIM:161050,"Nail disorder, nonsyndromic congenital, 1",snv_fora_do_painel,True,FZD6,6,5,0,0,0,,
OMIM:161200,Nail-Patella syndrome,snv_fora_do_painel,True,LMX1B,53,39,0,0,0,,
OMIM:161400,Narcolepsy 1,snv_fora_do_painel,True,HCRT,1,1,0,0,0,,
OMIM:161800,Nemaline myopathy 3,snv_fora_do_painel,True,ACTA1,160,147,0,0,0,,
OMIM:162000,"Tubulointerstitial kidney disease, autosomal dominant, 1",snv_fora_do_painel,True,UMOD,82,77,0,0,0,,
OMIM:162091,Schwannomatosis,snv_fora_do_painel,False,SMARCB1,10,6,0,0,0,,
OMIM:162100,"Amyotrophy, hereditary neuralgic",snv_fora_do_painel,True,SEPTIN9,3,3,0,0,0,,
OMIM:162200,"Neurofibromatosis, type 1",snv_fora_do_painel,True,NF1,4621,1751,0,0,0,,
OMIM:162210,"Neurofibromatosis, familial spinal",snv_fora_do_painel,True,NF1,117,74,0,0,0,,
OMIM:162300,"Multiple endocrine neoplasia, type IIB",snv_fora_do_painel,True,RET,19,17,0,0,0,,
OMIM:162350,"Ceroid lipofuscinosis, neuronal, 4B, autosomal dominant",snv_fora_do_painel,True,DNAJC5,4,2,0,0,0,,
OMIM:162400,"Neuropathy, hereditary sensory and autonomic, type IA",snv_fora_do_painel,True,SPTLC1,7,6,0,0,0,,
OMIM:162500,"Neuropathy, hereditary, with liability to pressure palsies",snv_fora_do_painel,True,PMP22,7,5,0,0,0,,
OMIM:162800,Cyclic neutropenia,snv_fora_do_painel,True,ELANE,54,47,0,0,0,,
OMIM:162830,"Neutrophilia, hereditary",snv_fora_do_painel,True,CSF3R,5,4,0,0,0,,
OMIM:162900,"Epidermal nevus, somatic",snv_fora_do_painel,True,FGFR3;HRAS;NRAS;PIK3CA,13,13,0,0,0,,
OMIM:163000,"Nevi flammei, familial multiple",snv_fora_do_painel,True,GNAQ,1,1,0,0,0,,
OMIM:163200,Schimmelpenning-Feuerstein-Mims syndrome,snv_fora_do_painel,True,HRAS;KRAS;NRAS,9,9,0,0,0,,
OMIM:163500,"Night blindness, congenital stationary, autosomal dominant 2",snv_fora_do_painel,True,PDE6B,10,5,0,0,0,,
OMIM:163800,Sick sinus syndrome 2,snv_fora_do_painel,True,HCN4,8,5,0,0,0,,
OMIM:163950,Noonan syndrome 1,snv_fora_do_painel,True,BRAF;MAP2K1;PTPN11,159,153,0,0,0,,
OMIM:164200,Oculodentodigital dysplasia,snv_fora_do_painel,True,GJA1,26,23,0,0,0,,
OMIM:164210,Hemifacial microsomia,snv_fora_do_painel,True,SF3B2,11,7,0,0,0,,
OMIM:164230,Obsessive-Compulsive disorder 1,sem_snv,False,HTR2A;SLC6A4,1,0,0,0,0,,
OMIM:164280,Feingold syndrome 1,snv_fora_do_painel,True,MYCN,33,17,0,0,0,,
OMIM:164300,Oculopharyngeal muscular dystrophy,sem_snv,True,PABPN1,11,0,0,0,0,,
OMIM:164310,Oculopharyngodistal myopathy 1,sem_variante_patogenica,True,LRP12,0,0,0,0,0,,
OMIM:164400,Spinocerebellar ataxia 1,sem_variante_patogenica,True,ATXN1,0,0,0,0,0,,
OMIM:164500,Spinocerebellar ataxia 7,sem_snv,True,ATXN7,1,0,0,0,0,,
OMIM:164745,Omodysplasia 2,snv_fora_do_painel,True,FZD2,3,3,0,0,0,,
OMIM:165300,"Optic atrophy 3, autosomal dominant",snv_fora_do_painel,True,OPA3,16,13,0,0,0,,
OMIM:165500,Optic atrophy 1,snv_fora_do_painel,True,OPA1,66,40,0,0,0,,
OMIM:165510,Optic atrophy with negative electroretinograms,snv_fora_do_painel,True,SSBP1,4,4,0,0,0,,
OMIM:165550,Optic nerve hypoplasia,snv_fora_do_painel,True,PAX6,2,1,0,0,0,,
OMIM:165720,Osteoarthritis susceptibility 1,sem_variante_patogenica,False,FRZB,0,0,0,0,0,,
OMIM:165800,"Short stature and advanced bone age, with or without early-onset osteoarthritis and/or osteochondritis dissecans",snv_fora_do_painel,True,ACAN,52,32,0,0,0,,
OMIM:166200,"Osteogenesis imperfecta, type I",snv_fora_do_painel,True,COL1A1,1427,941,0,0,0,,
OMIM:166210,"Osteogenesis imperfecta, type II",snv_fora_do_painel,True,COL1A1;COL1A2,167,149,0,0,0,,
OMIM:166220,"Osteogenesis imperfecta, type IV",snv_fora_do_painel,True,COL1A1;COL1A2,180,157,0,0,0,,
OMIM:166250,Osteoglophonic dysplasia,snv_fora_do_painel,True,FGFR1,4,4,0,0,0,,
OMIM:166260,Gnathodiaphyseal dysplasia,snv_fora_do_painel,True,ANO5,143,100,0,0,0,,
OMIM:166300,Multicentric carpotarsal osteolysis syndrome,snv_fora_do_painel,True,MAFB,12,12,0,0,0,,
OMIM:166350,"Osseous heteroplasia, progressive",snv_fora_do_painel,True,GNAS,8,1,0,0,0,,
OMIM:166600,"Osteopetrosis, autosomal dominant 2",snv_fora_do_painel,True,CLCN7,16,15,0,0,0,,
OMIM:166700,Buschke-Ollendorff syndrome,snv_fora_do_painel,True,LEMD3,16,7,0,0,0,,
OMIM:166710,OSTEOPOROSIS,snv_fora_do_painel,False,CALCR;COL1A1;COL1A2;PDLIM4,6,6,0,0,0,,
OMIM:166760,"Otitis media, susceptibility to",snv_fora_do_painel,False,A2ML1,3,3,0,0,0,,
OMIM:166780,Otofaciocervical syndrome,snv_fora_do_painel,True,EYA1,18,15,0,0,0,,
OMIM:166900,"Ovalocytosis, hereditary hemolytic",snv_fora_do_painel,True,SLC4A1,3,1,0,0,0,,
OMIM:167000,Ovarian cancer,snv_fora_do_painel,True,AKT1;CDH1;CTNNB1;ERBB2;OPCML;PIK3CA;PRKN,151,106,0,0,0,,
OMIM:167030,"Nephrolithiasis, calcium oxalate",sem_variante_patogenica,True,SLC26A1,0,0,0,0,0,,
OMIM:167100,"Hypertrophic osteoarthropathy, primary, autosomal dominant",snv_fora_do_painel,True,SLCO2A1,9,9,0,0,0,,
OMIM:167200,"Pachyonychia congenita, type 1",snv_fora_do_painel,True,KRT16;KRT6A,14,12,0,0,0,,
OMIM:167210,Pachyonychia congenita 2,snv_fora_do_painel,True,KRT17;KRT6B,13,11,0,0,0,,
OMIM:167250,Paget disease of bone 3,snv_fora_do_painel,True,SQSTM1,5,4,0,0,0,,
OMIM:167320,Inclusion body myopathy with early-onset paget disease with or without frontotemporal dementia 1,snv_fora_do_painel,True,VCP,11,11,0,0,0,,
OMIM:167400,Paroxysmal extreme pain disorder,snv_fora_do_painel,True,SCN9A,13,12,0,0,0,,
OMIM:167800,"Pancreatitis, hereditary",posicao_alelo_diferente,True,CFTR;CTRC;PRSS1;PRSS2;SPINK1,260,185,1,0,0,,
OMIM:168000,Paragangliomas 1,snv_fora_do_painel,True,SDHD,48,26,0,0,0,,
OMIM:168300,Paramyotonia congenita,snv_fora_do_painel,True,SCN4A,22,22,0,0,0,,
OMIM:168400,Parastremmatic dwarfism,snv_fora_do_painel,True,TRPV4,2,2,0,0,0,,
OMIM:168500,Parietal foramina,snv_fora_do_painel,True,MSX2,7,2,0,0,0,,
OMIM:168550,Parietal foramina with cleidocranial dysplasia,snv_fora_do_painel,True,MSX2,3,1,0,0,0,,
OMIM:168600,"Parkinson disease, late-onset",alelo_patogenico_ensaiado,True,ADH1C;ATXN2;ATXN3;ATXN8OS;GBA1;MAPT;MT-TT;NR4A2;SNCAIP;TBP,27,25,1,1,0,2,1940
OMIM:168601,"Parkinson disease 1, autosomal dominant",snv_fora_do_painel,True,SNCA,6,6,0,0,0,,
OMIM:168605,Perry syndrome,snv_fora_do_painel,True,DCTN1,12,11,0,0,0,,
OMIM:169100,Char syndrome,snv_fora_do_painel,True,TFAP2B,10,9,0,0,0,,
OMIM:169150,"Macular dystrophy, patterned, 1",snv_fora_do_painel,True,PRPH2,31,19,0,0,0,,
OMIM:169400,Pelger-Huet anomaly,snv_fora_do_painel,True,LBR,9,6,0,0,0,,
OMIM:169600,Benign chronic pemphigus,snv_fora_do_painel,True,ATP2C1,16,9,0,0,0,,
OMIM:170100,Prolidase deficiency,snv_fora_do_painel,True,PEPD,30,24,0,0,0,,
OMIM:170390,Andersen cardiodysrhythmic periodic paralysis,snv_fora_do_painel,True,KCNJ2,54,47,0,0,0,,
OMIM:170400,"Hypokalemic periodic paralysis, type 1",snv_fora_do_painel,True,CACNA1S;SCN4A,105,64,0,0,0,,
OMIM:170500,Hyperkalemic periodic paralysis,snv_fora_do_painel,True,SCN4A,113,94,0,0,0,,
OMIM:170650,"Periodontitis, aggressive, 1",snv_fora_do_painel,True,CTSC,1,1,0,0,0,,
OMIM:171200,"THIOUREA TASTINGPHENYLTHIOCARBAMIDE TASTING, INCLUDED",sem_variante_patogenica,True,TAS2R38,0,0,0,0,0,,
OMIM:171300,PHEOCHROMOCYTOMA,snv_fora_do_painel,True,KIF1B;MAX;RET;TMEM127;VHL,376,227,0,0,0,,
OMIM:171400,"Multiple endocrine neoplasia, type IIA",snv_fora_do_painel,True,RET,47,45,0,0,0,,
OMIM:172700,Pick disease of brain,snv_fora_do_painel,True,MAPT;PSEN1,79,79,0,0,0,,
OMIM:172800,Piebald trait,snv_fora_do_painel,True,KIT,18,10,0,0,0,,
OMIM:172870,Pigmented paravenous chorioretinal atrophy,snv_fora_do_painel,True,CRB1,82,62,0,0,0,,
OMIM:173100,"Isolated growth hormone deficiency, type II",snv_fora_do_painel,True,GH1,19,14,0,0,0,,
OMIM:173200,Pityriasis rubra pilaris,snv_fora_do_painel,True,CARD14,7,6,0,0,0,,
OMIM:173600,"Pneumothorax, primary spontaneous",snv_fora_do_painel,True,FLCN,31,12,0,0,0,,
OMIM:173650,Kindler syndrome,snv_fora_do_painel,True,FERMT1,28,16,0,0,0,,
OMIM:173900,Polycystic kidneys,snv_fora_do_painel,True,PKD1,1632,667,0,0,0,,
OMIM:174000,"Tubulointerstitial kidney disease, autosomal dominant, 2",snv_fora_do_painel,True,MUC1,9,3,0,0,0,,
OMIM:174050,Polycystic liver disease 1 with or without kidney cysts,snv_fora_do_painel,True,PRKCSH,29,18,0,0,0,,
OMIM:174200,"Polydactyly, postaxial, types A1 and B",snv_fora_do_painel,True,GLI3,27,12,0,0,0,,
OMIM:174300,Orofaciodigital syndrome V,snv_fora_do_painel,True,DDX59,4,2,0,0,0,,
OMIM:174400,"Polydactyly, preaxial I",sem_snv,True,GLI1,1,0,0,0,0,,
OMIM:174500,"Polydactyly, preaxial II",snv_fora_do_painel,True,-,11,11,0,0,0,,
OMIM:174700,"Polydactyly, preaxial IV",snv_fora_do_painel,True,GLI3,14,6,0,0,0,,
OMIM:174800,"McCune-Albright syndrome, somatic, mosaic",snv_fora_do_painel,True,GNAS,7,5,0,0,0,,
OMIM:174810,Familial expansile osteolysis,sem_snv,True,TNFRSF11A,2,0,0,0,0,,
OMIM:174900,Juvenile polyposis syndrome,snv_fora_do_painel,True,BMPR1A;SMAD4,371,171,0,0,0,,
OMIM:175050,Juvenile polyposis/hereditary hemorrhagic telangiectasia syndrome,snv_fora_do_painel,True,SMAD4,59,30,0,0,0,,
OMIM:175100,Adenomatous polyposis coli,posicao_alelo_diferente,True,APC,1550,558,1,0,0,,
OMIM:175200,Peutz-Jeghers syndrome,snv_fora_do_painel,True,STK11,258,111,0,0,0,,
OMIM:175510,"Gastrointestinal stromal tumor/GIST-plus syndrome, somatic or familial",snv_fora_do_painel,True,PDGFRA,3,2,0,0,0,,
OMIM:175700,Greig cephalopolysyndactyly syndrome,snv_fora_do_painel,True,GLI3,100,40,0,0,0,,
OMIM:175780,Brain small vessel disease 1 with or without ocular anomalies,snv_fora_do_painel,True,COL4A1,135,115,0,0,0,,
OMIM:175800,"Porokeratosis 1, multiple types",snv_fora_do_painel,True,PMVK,4,3,0,0,0,,
OMIM:175900,"Porokeratosis 3, multiple types",snv_fora_do_painel,True,MVK,92,62,0,0,0,,
OMIM:176000,"Porphyria, acute intermittent",snv_fora_do_painel,True,HMBS,59,45,0,0,0,,
OMIM:176100,Porphyria cutanea tarda,snv_fora_do_painel,True,UROD,19,12,0,0,0,,
OMIM:176200,Porphyria variegata,snv_fora_do_painel,True,PPOX,20,12,0,0,0,,
OMIM:176270,Prader-Willi syndrome,snv_fora_do_painel,True,-;HERC2;MAGEL2;MKRN3;NPAP1;PWAR1;PWRN1;SNORD115-1;SNORD116-1,7,4,0,0,0,,
OMIM:176305,"Preaxial deficiency, postaxial polydactyly, and hypospadias",snv_fora_do_painel,True,HOXA13,3,2,0,0,0,,
OMIM:176400,"Precocious puberty, central",snv_fora_do_painel,True,KISS1R,1,1,0,0,0,,
OMIM:176410,"Precocious puberty, male",snv_fora_do_painel,True,LHCGR,19,17,0,0,0,,
OMIM:176430,Premature chromatid separation trait,snv_fora_do_painel,True,BUB1B,8,4,0,0,0,,
OMIM:176450,Currarino syndrome,snv_fora_do_painel,True,MNX1,19,13,0,0,0,,
OMIM:176500,"Cerebral amyloid angiopathy, itm2b-related, 1",snv_fora_do_painel,True,ITM2B,2,2,0,0,0,,
OMIM:176670,Hutchinson-Gilford progeria syndrome,snv_fora_do_painel,True,LMNA,15,14,0,0,0,,
OMIM:176807,Prostate cancer,snv_fora_do_painel,True,BRCA2;CHEK2;KLF6;MAD1L1;MXI1;PTEN;ZFHX3,81,46,0,0,0,,
OMIM:176860,"Thrombophilia, hereditary, due to protein C deficiency, autosomaldominant",snv_fora_do_painel,True,PROC,64,56,0,0,0,,
OMIM:176920,"Proteus syndrome, somatic",snv_fora_do_painel,True,AKT1,1,1,0,0,0,,
OMIM:177000,"Protoporphyria, erythropoietic, 1",snv_fora_do_painel,True,FECH,27,20,0,0,0,,
OMIM:177170,Pseudoachondroplasia,snv_fora_do_painel,True,COMP,47,38,0,0,0,,
OMIM:177200,Liddle syndrome 1,snv_fora_do_painel,True,SCNN1B,22,16,0,0,0,,
OMIM:177650,Exfoliation syndrome,sem_variante_patogenica,False,LOXL1,0,0,0,0,0,,
OMIM:177735,"Pseudohypoaldosteronism, type I, autosomal dominant",snv_fora_do_painel,True,NR3C2,37,27,0,0,0,,
OMIM:177820,Pseudo-Von willebrand disease,snv_fora_do_painel,True,GP1BA,21,13,0,0,0,,
OMIM:177850,"Pseudoxanthoma elasticum, forme fruste",snv_fora_do_painel,True,ABCC6,72,52,0,0,0,,
OMIM:177900,"Psoriasis 1, susceptibility to",sem_variante_patogenica,False,HLA-C,0,0,0,0,0,,
OMIM:178110,"Contractures, pterygia, and spondylocarpostarsal fusion syndrome 1A",snv_fora_do_painel,True,MYH3,15,12,0,0,0,,
OMIM:178500,"Pulmonary fibrosis, idiopathic",snv_fora_do_painel,True,MUC5B;SFTPA2;SFTPC;TERC;TERT,26,21,0,0,0,,
OMIM:178600,"Pulmonary hypertension, primary, 1",alelo_patogenico_ensaiado,True,BMPR2,357,203,2,2,0,3,584;610
OMIM:179300,Radioulnar synostosis,snv_fora_do_painel,False,SMAD6,4,2,0,0,0,,
OMIM:179800,"Renal tubular acidosis, distal, autosomal dominant",snv_fora_do_painel,True,SLC4A1,14,13,0,0,0,,
OMIM:179850,Dowling-Degos disease,snv_fora_do_painel,True,KRT5,4,3,0,0,0,,
OMIM:180000,"Retinal arteries, tortuosity of",snv_fora_do_painel,True,COL4A1,39,31,0,0,0,,
OMIM:180100,Retinitis pigmentosa 1,snv_fora_do_painel,True,RP1,74,23,0,0,0,,
OMIM:180104,Retinitis pigmentosa 9,snv_fora_do_painel,True,RP9,1,1,0,0,0,,
OMIM:180105,Retinitis pigmentosa 10,snv_fora_do_painel,True,IMPDH1,7,6,0,0,0,,
OMIM:180200,RETINOBLASTOMA,snv_fora_do_painel,True,RB1,760,360,0,0,0,,
OMIM:180295,"Rhabdomyosarcoma, embryonal, 2",snv_fora_do_painel,True,DICER1,16,8,0,0,0,,
OMIM:180300,Rheumatoid arthritis,snv_fora_do_painel,False,CD244;CIITA;IL10;NFKBIL1;SLC22A4,9,4,0,0,0,,
OMIM:180500,"Axenfeld-Rieger syndrome, type 1",snv_fora_do_painel,True,PITX2,59,33,0,0,0,,
OMIM:180550,Ring dermoid of cornea,snv_fora_do_painel,True,PITX2,1,1,0,0,0,,
OMIM:180700,"Robinow syndrome, autosomal dominant 1",snv_fora_do_painel,True,DVL1;WNT5A,16,12,0,0,0,,
OMIM:180750,Robinow-Sorauf syndrome,snv_fora_do_painel,True,TWIST1,4,2,0,0,0,,
OMIM:180800,Roussy-Levy hereditary areflexic dystasia,snv_fora_do_painel,True,MPZ;PMP22,4,3,0,0,0,,
OMIM:180849,Rubinstein-Taybi syndrome 1,snv_fora_do_painel,True,CREBBP;EP300,251,140,0,0,0,,
OMIM:180860,Silver-Russell syndrome 1,snv_fora_do_painel,True,-;IGF2,9,4,0,0,0,,
OMIM:180920,Aplasia of lacrimal and salivary glands,snv_fora_do_painel,True,FGF10,7,5,0,0,0,,
OMIM:181000,"Sarcoidosis, susceptibility to, 1",sem_variante_patogenica,False,HLA-DRB1,0,0,0,0,0,,
OMIM:181030,"Salivary gland adenoma, pleomorphic",sem_variante_patogenica,True,PLAG1,0,0,0,0,0,,
OMIM:181270,Scalp-ear-nipple syndrome,snv_fora_do_painel,True,KCTD1,9,9,0,0,0,,
OMIM:181350,"Emery-Dreifuss muscular dystrophy 2, autosomal dominant",snv_fora_do_painel,True,LMNA,36,31,0,0,0,,
OMIM:181400,"Scapuloperoneal syndrome, neurogenic, Kaeser type",snv_fora_do_painel,True,DES,10,6,0,0,0,,
OMIM:181405,Scapuloperoneal spinal muscular atrophy,snv_fora_do_painel,True,TRPV4,5,4,0,0,0,,
OMIM:181450,Ulnar-Mammary syndrome,snv_fora_do_painel,True,TBX3,32,12,0,0,0,,
OMIM:181500,Schizophrenia,snv_fora_do_painel,True,APOL2;CHI3L1;DAOA;DISC2;DRD3;HTR2A;MTHFR;RTN4R;SYN2,25,20,0,0,0,,
OMIM:181600,Huriez syndrome,snv_fora_do_painel,True,SMARCAD1,3,1,0,0,0,,
OMIM:182000,"Keratosis, seborrheic, somatic",snv_fora_do_painel,True,PIK3CA,4,4,0,0,0,,
OMIM:182170,"Anemia, sideroblastic, autosomal dominant",sem_snv,True,HSPA9,1,0,0,0,0,,
OMIM:182212,Shprintzen-Goldberg craniosynostosis syndrome,snv_fora_do_painel,True,SKI,23,20,0,0,0,,
OMIM:182230,Septooptic dysplasia,snv_fora_do_painel,True,HESX1,18,9,0,0,0,,
OMIM:182250,Singleton-Merten syndrome 1,snv_fora_do_painel,True,IFIH1,11,11,0,0,0,,
OMIM:182280,Small cell cancer of the lung,snv_fora_do_painel,True,RB1,8,8,0,0,0,,
OMIM:182290,Smith-Magenis syndrome,snv_fora_do_painel,True,RAI1,68,20,0,0,0,,
OMIM:182410,Sneddon syndrome,snv_fora_do_painel,True,ADA2,32,24,0,0,0,,
OMIM:182600,"Spastic paraplegia 3, autosomal dominant",snv_fora_do_painel,True,ATL1,66,59,0,0,0,,
OMIM:182601,"Spastic paraplegia 4, autosomal dominant",snv_fora_do_painel,True,SPAST,437,254,0,0,0,,
OMIM:182900,"Spherocytosis, type 1",snv_fora_do_painel,True,ANK1,323,154,0,0,0,,
OMIM:182940,"Neural tube defects, susceptibility to",snv_fora_do_painel,True,FUZ;TBXT;VANGL1;VANGL2,1,1,0,0,0,,
OMIM:182980,"Spinal muscular atrophy, late-onset, Finkel type",snv_fora_do_painel,True,VAPB,1,1,0,0,0,,
OMIM:183086,Spinocerebellar ataxia 6,snv_fora_do_painel,True,CACNA1A,59,47,0,0,0,,
OMIM:183090,Spinocerebellar ataxia 2,sem_snv,True,ATXN2,3,0,0,0,0,,
OMIM:183600,Split-Hand/foot malformation 1,snv_fora_do_painel,True,DLX5,5,5,0,0,0,,
OMIM:183900,Spondyloepiphyseal dysplasia congenita,snv_fora_do_painel,True,COL2A1,43,41,0,0,0,,
OMIM:184095,"Spondyloepiphyseal dysplasia, Maroteaux type",snv_fora_do_painel,True,TRPV4,5,4,0,0,0,,
OMIM:184250,"Spondyloepimetaphyseal dysplasia, Strudwick type",snv_fora_do_painel,True,COL2A1,14,14,0,0,0,,
OMIM:184252,"Spondylometaphyseal dysplasia, Kozlowski type",snv_fora_do_painel,True,TRPV4,7,7,0,0,0,,
OMIM:184253,"Spondylometaphyseal dysplasia, Algerian type",snv_fora_do_painel,True,COL2A1,2,2,0,0,0,,
OMIM:184255,"Spondylometaphyseal dysplasia, corner Fracture type",snv_fora_do_painel,True,COL2A1;FN1,18,16,0,0,0,,
OMIM:184260,Osteochondrodysplasia,snv_fora_do_painel,True,TRIP11,16,10,0,0,0,,
OMIM:184450,"Stuttering, familial persistent, 1",sem_snv,True,AP4E1,1,0,0,0,0,,
OMIM:184460,Stapes ankylosis with broad thumb and toes,snv_fora_do_painel,True,NOG,6,3,0,0,0,,
OMIM:184500,Steatocystoma multiplex,snv_fora_do_painel,True,KRT17,5,4,0,0,0,,
OMIM:184840,"Stickler syndrome, type III",snv_fora_do_painel,True,COL11A2,22,14,0,0,0,,
OMIM:184900,Stiff skin syndrome,snv_fora_do_painel,True,FBN1,10,10,0,0,0,,
OMIM:185000,Overhydrated hereditary stomatocytosis,snv_fora_do_painel,True,RHAG,5,5,0,0,0,,
OMIM:185020,Cryohydrocytosis,snv_fora_do_painel,True,SLC4A1,6,5,0,0,0,,
OMIM:185070,Stormorken syndrome,snv_fora_do_painel,True,STIM1,25,18,0,0,0,,
OMIM:185300,Sturge-Weber syndrome,snv_fora_do_painel,True,GNAQ,1,1,0,0,0,,
OMIM:185500,Supravalvular aortic stenosis,snv_fora_do_painel,True,ELN,153,67,0,0,0,,
OMIM:185800,"Symphalangism, proximal, 1A",snv_fora_do_painel,True,NOG,11,10,0,0,0,,
OMIM:186000,Synpolydactyly 1,snv_fora_do_painel,True,HOXD13,18,8,0,0,0,,
OMIM:186100,"Syndactyly, type III",snv_fora_do_painel,True,GJA1,1,1,0,0,0,,
OMIM:186200,"Syndactyly, type IV",sem_variante_patogenica,True,LMBR1,0,0,0,0,0,,
OMIM:186300,"Syndactyly, type V",snv_fora_do_painel,True,HOXD13,8,3,0,0,0,,
OMIM:186500,Multiple synostoses syndrome 1,snv_fora_do_painel,True,NOG,8,5,0,0,0,,
OMIM:186570,Tarsal-Carpal coalition syndrome,snv_fora_do_painel,True,NOG,4,3,0,0,0,,
OMIM:186580,Blau syndrome,snv_fora_do_painel,True,NOD2,14,14,0,0,0,,
OMIM:187000,"Teeth, odd shapes oflobodontia, included",snv_fora_do_painel,True,ASCL5,1,1,0,0,0,,
OMIM:187300,"Telangiectasia, hereditary hemorrhagic, type 1",snv_fora_do_painel,True,ENG,163,101,0,0,0,,
OMIM:187500,Tetralogy of Fallot,snv_fora_do_painel,True,GATA4;GATA6;JAG1;NKX2-5;TBX1;ZFPM2,41,21,0,0,0,,
OMIM:187600,"Thanatophoric dysplasia, type I",snv_fora_do_painel,True,FGFR3,19,19,0,0,0,,
OMIM:187601,"Thanatophoric dysplasia, type II",snv_fora_do_painel,True,FGFR3,4,4,0,0,0,,
OMIM:187800,"Bleeding disorder, platelet-type, 16",snv_fora_do_painel,True,ITGA2B,18,14,0,0,0,,
OMIM:187900,"Bleeding disorder, platelet-type, 17",snv_fora_do_painel,True,GFI1B,6,5,0,0,0,,
OMIM:187950,Thrombocythemia 1,snv_fora_do_painel,True,CALR;SH2B3;THPO,6,3,0,0,0,,
OMIM:188000,Thrombocytopenia 2,snv_fora_do_painel,True,ANKRD26,9,9,0,0,0,,
OMIM:188050,"Thrombophiliavenous thromboembolism, included",snv_fora_do_painel,True,F13A1;F2;HABP2;MTHFR,24,21,0,0,0,,
OMIM:188055,Thrombophilia due to deficiency of activated protein C cofactor,snv_fora_do_painel,True,F5,15,6,0,0,0,,
OMIM:188400,Digeorge syndrome,snv_fora_do_painel,True,TBX1,32,15,0,0,0,,
OMIM:188470,"Thyroid cancer, nonmedullary, 2",snv_fora_do_painel,True,HRAS;MINPP1;NRAS;SRGAP1,4,4,0,0,0,,
OMIM:188550,"Thyroid cancer, nonmedullary, 1",snv_fora_do_painel,False,NKX2-1,2,2,0,0,0,,
OMIM:188570,"Thyroid hormone resistance, generalized, autosomal dominant",snv_fora_do_painel,True,THRB,52,44,0,0,0,,
OMIM:188580,"Thyrotoxic periodic paralysis, susceptibility to, 1",snv_fora_do_painel,False,CACNA1S,20,12,0,0,0,,
OMIM:188740,"Tibia, hypoplasia or aplasia of, with polydactyly",snv_fora_do_painel,True,-,4,4,0,0,0,,
OMIM:189500,Witkop syndrome,snv_fora_do_painel,True,MSX1,11,4,0,0,0,,
OMIM:190300,"Tremor, hereditary essential, 1",sem_variante_patogenica,False,DRD3,0,0,0,0,0,,
OMIM:190320,Trichodentoosseous syndrome,snv_fora_do_painel,True,DLX3,6,2,0,0,0,,
OMIM:190330,Trichomegaly,snv_fora_do_painel,True,FGF5,5,2,0,0,0,,
OMIM:190350,"Trichorhinophalangeal syndrome, type I",snv_fora_do_painel,True,TRPS1,135,69,0,0,0,,
OMIM:190351,"Trichorhinophalangeal syndrome, type III",snv_fora_do_painel,True,TRPS1,99,51,0,0,0,,
OMIM:190440,Trigonocephaly 1,sem_variante_patogenica,True,FGFR1,0,0,0,0,0,,
OMIM:190605,Triphalangeal thumb-polysyndactyly syndrome,snv_fora_do_painel,True,LMBR1,1,1,0,0,0,,
OMIM:190900,TRITANOPIA,sem_variante_patogenica,True,OPN1SW,0,0,0,0,0,,
OMIM:191100,Tuberous sclerosis-1,snv_fora_do_painel,True,TSC1,567,227,0,0,0,,
OMIM:191480,Uncombable hair syndrome 1,snv_fora_do_painel,True,PADI3,4,4,0,0,0,,
OMIM:191800,"Bladder dysfunction, autonomic, with impaired pupillary reflex and secondary CAKUT",snv_fora_do_painel,True,CHRNA3,9,6,0,0,0,,
OMIM:191830,Renal hypodysplasia/aplasia 1,snv_fora_do_painel,True,ITGA8,11,8,0,0,0,,
OMIM:191900,Muckle-Wells syndrome,snv_fora_do_painel,True,NLRP3,12,12,0,0,0,,
OMIM:192315,"Vasculopathy, retinal, with cerebral leukodystrophy",snv_fora_do_painel,True,TREX1,53,10,0,0,0,,
OMIM:192430,Velocardiofacial syndrome,snv_fora_do_painel,True,DGCR2;DGCR6;DGCR8;ESS2;TBX1,5,4,0,0,0,,
OMIM:192500,Long QT syndrome 1,snv_fora_do_painel,True,KCNQ1,221,163,0,0,0,,
OMIM:192600,"Cardiomyopathy, familial hypertrophic 1",snv_fora_do_painel,True,CAV3;MYH6;MYH7;MYLK2,174,161,0,0,0,,
OMIM:192605,"Ventricular tachycardia, familial",sem_variante_patogenica,True,GNAI2,0,0,0,0,0,,
OMIM:192950,"Vertical talus, congenital",snv_fora_do_painel,True,HOXD10,1,1,0,0,0,,
OMIM:193003,"Nystagmus 4, congenital, autosomal dominant",snv_fora_do_painel,True,FGF14,8,4,0,0,0,,
OMIM:193100,"Hypophosphatemic rickets, autosomal dominant",snv_fora_do_painel,True,FGF23,6,5,0,0,0,,
OMIM:193220,Vitreoretinochoroidopathy,snv_fora_do_painel,True,BEST1,20,18,0,0,0,,
OMIM:193230,Snowflake vitreoretinal degeneration,snv_fora_do_painel,True,KCNJ13,1,1,0,0,0,,
OMIM:193235,"Vitreoretinopathy, neovascular inflammatory",snv_fora_do_painel,True,CAPN5,4,4,0,0,0,,
OMIM:193300,Von hippel-lindau syndrome,snv_fora_do_painel,True,CCND1;VHL,361,213,0,0,0,,
OMIM:193400,"von Willebrand disease, type 1",snv_fora_do_painel,True,VWF,92,63,0,0,0,,
OMIM:193500,"Waardenburg syndrome, type 1",snv_fora_do_painel,True,PAX3,130,78,0,0,0,,
OMIM:193510,"Waardenburg syndrome, type 2A",snv_fora_do_painel,True,MITF,120,62,0,0,0,,
OMIM:193520,Watson syndrome,snv_fora_do_painel,True,NF1,137,85,0,0,0,,
OMIM:193530,Weyers acrofacial dysostosis,snv_fora_do_painel,True,EVC;EVC2,467,247,0,0,0,,
OMIM:193670,Whim syndrome,snv_fora_do_painel,True,CXCR4,22,5,0,0,0,,
OMIM:193700,"Arthrogryposis, distal, type 2A",snv_fora_do_painel,True,MYH3,13,12,0,0,0,,
OMIM:193900,White sponge nevus 1,snv_fora_do_painel,True,KRT4,3,1,0,0,0,,
OMIM:194050,Williams-Beuren syndrome,snv_fora_do_painel,True,ELN;MLXIPL,3,1,0,0,0,,
OMIM:194070,Wilms tumor 1,snv_fora_do_painel,True,BRCA2;GPC3;GPC4;H19;IGF2;WT1,120,67,0,0,0,,
OMIM:194071,Multiple tumor-associated chromosome region 1,sem_variante_patogenica,True,-,0,0,0,0,0,,
OMIM:194072,"Wilms tumor, aniridia, genitourinary anomalies and impaired intellectual development syndrome",snv_fora_do_painel,True,PAX6;WT1,68,42,0,0,0,,
OMIM:194080,Denys-Drash syndrome,snv_fora_do_painel,True,WT1,76,50,0,0,0,,
OMIM:194190,Wolf-Hirschhorn syndrome,snv_fora_do_painel,True,-;CPLX1;CTBP1;FGFRL1;LETM1;NSD2,5,3,0,0,0,,
OMIM:194200,Wolff-Parkinson-White syndrome,snv_fora_do_painel,True,PRKAG2,10,9,0,0,0,,
OMIM:194300,"Woolly hair, autosomal dominant",snv_fora_do_painel,True,KRT74,2,2,0,0,0,,
OMIM:194380,Dehydrated hereditary stomatocytosis 1 with or without pseudohyperkalemia and/or perinatal edema,snv_fora_do_painel,True,PIEZO1,20,16,0,0,0,,
OMIM:200100,ABETALIPOPROTEINEMIA,snv_fora_do_painel,True,MTTP,64,37,0,0,0,,
OMIM:200110,Ablepharon-Macrostomia syndrome,snv_fora_do_painel,True,TWIST2,1,1,0,0,0,,
OMIM:200150,Choreoacanthocytosis,snv_fora_do_painel,True,VPS13A,250,136,0,0,0,,
OMIM:200500,Acheiropody,snv_fora_do_painel,True,LMBR1,1,1,0,0,0,,
OMIM:200600,"Achondrogenesis, type IA",snv_fora_do_painel,True,TRIP11,67,30,0,0,0,,
OMIM:200610,"Achondrogenesis, type II",snv_fora_do_painel,True,COL2A1,36,30,0,0,0,,
OMIM:200700,Acromesomelic dysplasia 2A,snv_fora_do_painel,True,GDF5,7,3,0,0,0,,
OMIM:200990,Acrocallosal syndrome,snv_fora_do_painel,True,KIF7,86,49,0,0,0,,
OMIM:201000,Carpenter syndrome 1,snv_fora_do_painel,True,RAB23,22,10,0,0,0,,
OMIM:201100,"Acrodermatitis enteropathica, Zinc-Deficiency type",snv_fora_do_painel,True,SLC39A4,78,35,0,0,0,,
OMIM:201250,"Acromesomelic dysplasia, Hunter-Thompson type",snv_fora_do_painel,True,GDF5,1,1,0,0,0,,
OMIM:201300,"Neuropathy, hereditary sensory and autonomic, type II",snv_fora_do_painel,True,KIF1A;RETREG1;SCN9A;WNK1,204,117,0,0,0,,
OMIM:201400,"Acth deficiency, isolated",snv_fora_do_painel,True,TBX19,24,20,0,0,0,,
OMIM:201450,"Acyl-Coa dehydrogenase, medium-chain, deficiency of",snv_fora_do_painel,True,ACADM,321,223,0,0,0,,
OMIM:201470,"Acyl-Coa dehydrogenase, short-chain, deficiency of",snv_fora_do_painel,True,ACADS,66,47,0,0,0,,
OMIM:201475,Very long-chain acyl-CoA dehydrogenase deficiency,snv_fora_do_painel,True,ACADVL,450,264,0,0,0,,
OMIM:201710,Lipoid congenital adrenal hyperplasia,snv_fora_do_painel,True,STAR,68,43,0,0,0,,
OMIM:201750,Antley-Bixler syndrome with genital anomalies and disordered steroidogenesis,snv_fora_do_painel,True,POR,35,21,0,0,0,,
OMIM:201810,"Adrenal hyperplasia, congenital, due to 3-beta-hydroxysteroid dehydrogenase 2 deficiency",snv_fora_do_painel,True,HSD3B2,61,45,0,0,0,,
OMIM:201910,"Adrenal hyperplasia, congenital, due to 21-hydroxylase deficiency",snv_fora_do_painel,True,CYP21A2,74,58,0,0,0,,
OMIM:202010,"Adrenal hyperplasia, congenital, due to 11-beta-hydroxylase deficiency",snv_fora_do_painel,True,CYP11B1,96,69,0,0,0,,
OMIM:202110,"Adrenal hyperplasia, congenital, due to 17-alpha-hydroxylase deficiency",snv_fora_do_painel,True,CYP17A1,91,68,0,0,0,,
OMIM:202200,Glucocorticoid deficiency 1,snv_fora_do_painel,True,MC2R,26,18,0,0,0,,
OMIM:202300,"Adrenocortical carcinoma, pediatric",snv_fora_do_painel,False,TP53,68,62,0,0,0,,
OMIM:202370,Peroxisome biogenesis disorder 2B,snv_fora_do_painel,True,PEX5,68,35,0,0,0,,
OMIM:202400,"Afibrinogenemia, congenitalhypofibrinogenemia, congenital, included",snv_fora_do_painel,True,FGA;FGB;FGG,42,30,0,0,0,,
OMIM:202650,Agnathia-Otocephaly complex,snv_fora_do_painel,True,PRRX1,5,3,0,0,0,,
OMIM:202700,"Neutropenia, severe congenital, 1, autosomal dominant",snv_fora_do_painel,True,ELANE,76,58,0,0,0,,
OMIM:203100,"Albinism, oculocutaneous, type IA",snv_fora_do_painel,True,TYR,146,116,0,0,0,,
OMIM:203200,"Albinism, oculocutaneous, type II",snv_fora_do_painel,True,MC1R;OCA2,138,95,0,0,0,,
OMIM:203290,"Albinism, oculocutaneous, type III",snv_fora_do_painel,True,TYRP1,21,13,0,0,0,,
OMIM:203300,Hermansky-Pudlak syndrome 1,snv_fora_do_painel,True,HPS1,84,49,0,0,0,,
OMIM:203400,Corticosterone methyloxidase type I deficiency,snv_fora_do_painel,True,CYP11B2,32,23,0,0,0,,
OMIM:203450,Alexander disease,snv_fora_do_painel,True,GFAP,55,54,0,0,0,,
OMIM:203500,Alkaptonuria,snv_fora_do_painel,True,HGD,247,194,0,0,0,,
OMIM:203650,Alopecia-intellectual disability syndrome 1,snv_fora_do_painel,True,AHSG,1,1,0,0,0,,
OMIM:203655,Alopecia universalis congenita,snv_fora_do_painel,True,HR,8,5,0,0,0,,
OMIM:203700,Mitochondrial DNA depletion syndrome 4A (Alpers type),alelo_patogenico_ensaiado,True,POLG,307,201,1,1,0,2,5849
OMIM:203740,Oxoglutarate dehydrogenase deficiency,snv_fora_do_painel,True,OGDH,5,5,0,0,0,,
OMIM:203750,Alpha-methylacetoacetic aciduria,snv_fora_do_painel,True,ACAT1,194,110,0,0,0,,
OMIM:203780,"Alport syndrome 2, autosomal recessive",snv_fora_do_painel,True,COL4A4,523,358,0,0,0,,
OMIM:203800,Alstrom syndrome,snv_fora_do_painel,True,ALMS1,820,354,0,0,0,,
OMIM:204000,"Leber congenital amaurosis, type I",snv_fora_do_painel,True,GUCY2D,227,137,0,0,0,,
OMIM:204100,"Leber congenital amaurosis, type II",snv_fora_do_painel,True,RPE65,239,174,0,0,0,,
OMIM:204200,"Ceroid lipofuscinosis, neuronal, 3",snv_fora_do_painel,True,CLN3,95,56,0,0,0,,
OMIM:204300,"Ceroid lipofuscinosis, neuronal, 6B (Kufs type)",snv_fora_do_painel,True,CLN6,29,18,0,0,0,,
OMIM:204500,"Ceroid lipofuscinosis, neuronal, 2",snv_fora_do_painel,True,TPP1,115,74,0,0,0,,
OMIM:204650,"Amelogenesis imperfecta, type IC",snv_fora_do_painel,True,ENAM,4,2,0,0,0,,
OMIM:204690,"Amelogenesis imperfecta, type IG (enamel-renal syndrome)",snv_fora_do_painel,True,FAM20A,39,18,0,0,0,,
OMIM:204700,"Amelogenesis imperfecta, hypomaturation type, iia1",snv_fora_do_painel,True,KLK4,5,2,0,0,0,,
OMIM:204750,Alpha-aminoadipic and alpha-ketoadipic aciduria,snv_fora_do_painel,True,DHTKD1,52,27,0,0,0,,
OMIM:204870,"Corneal dystrophy, gelatinous drop-like",snv_fora_do_painel,True,TACSTD2,11,8,0,0,0,,
OMIM:205100,"Amyotrophic lateral sclerosis 2, juvenile",snv_fora_do_painel,True,ALS2,25,18,0,0,0,,
OMIM:205400,Tangier disease,snv_fora_do_painel,True,ABCA1,25,20,0,0,0,,
OMIM:205950,"Anemia, sideroblastic, 2, pyridoxine-refractory",snv_fora_do_painel,True,SLC25A38,50,33,0,0,0,,
OMIM:206100,"Anemia, hypochromic microcytic, with iron overload 1",snv_fora_do_painel,True,SLC11A2,7,5,0,0,0,,
OMIM:206200,Iron-Refractory iron deficiency anemia,snv_fora_do_painel,True,TMPRSS6,18,13,0,0,0,,
OMIM:206500,Anencephaly,sem_variante_patogenica,True,TRIM36,0,0,0,0,0,,
OMIM:206700,Gillespie syndrome,snv_fora_do_painel,True,ITPR1,23,17,0,0,0,,
OMIM:206800,Anonychia congenita,snv_fora_do_painel,True,RSPO4,13,11,0,0,0,,
OMIM:206900,"Microphthalmia, syndromic 3",snv_fora_do_painel,True,SIX6;SOX2,73,29,0,0,0,,
OMIM:206920,Microphthalmia with limb anomalies,snv_fora_do_painel,True,SMOC1,14,13,0,0,0,,
OMIM:207410,Antley-Bixler syndrome without genital anomalies or disordered steroidogenesis,snv_fora_do_painel,True,FGFR2;POR,7,7,0,0,0,,
OMIM:207750,Apolipoprotein C-II deficiency,snv_fora_do_painel,True,APOC2,14,11,0,0,0,,
OMIM:207800,Argininemia,snv_fora_do_painel,True,ARG1,109,56,0,0,0,,
OMIM:207900,Argininosuccinic aciduria,snv_fora_do_painel,True,ASL,194,153,0,0,0,,
OMIM:208000,"Arterial calcification, generalized, of infancy, 1",snv_fora_do_painel,True,ABCC6;ENPP1,54,39,0,0,0,,
OMIM:208050,Arterial tortuosity syndrome,snv_fora_do_painel,True,SLC2A10,48,30,0,0,0,,
OMIM:208085,"Arthrogryposis, renal dysfunction, and cholestasis 1",snv_fora_do_painel,True,VPS33B,46,28,0,0,0,,
OMIM:208100,"Arthrogryposis multiplex congenita, Neurogenic type",snv_fora_do_painel,True,ERGIC1,3,3,0,0,0,,
OMIM:208150,Fetal akinesia deformation sequence,snv_fora_do_painel,True,MUSK,254,143,0,0,0,,
OMIM:208230,"Arthropathy, progressive pseudorheumatoid, of childhood",snv_fora_do_painel,True,CCN6,36,20,0,0,0,,
OMIM:208250,Camptodactyly-Arthropathy-Coxa vara-pericarditis syndrome,snv_fora_do_painel,True,PRG4,38,7,0,0,0,,
OMIM:208400,ASPARTYLGLUCOSAMINURIA,snv_fora_do_painel,True,AGA,88,49,0,0,0,,
OMIM:208530,Right atrial isomerism (Ivemark),snv_fora_do_painel,True,GDF1,10,3,0,0,0,,
OMIM:208540,Renal-hepatic-pancreatic dysplasia 1,snv_fora_do_painel,True,NPHP3,49,29,0,0,0,,
OMIM:208550,"Asthma, nasal polyps, and aspirin intolerance",sem_variante_patogenica,True,PTGER2;TBX21,0,0,0,0,0,,
OMIM:208900,Ataxia-telangiectasia,snv_fora_do_painel,True,ATM,2433,987,0,0,0,,
OMIM:208920,"Ataxia, early-onset, with oculomotor apraxia and hypoalbuminemia",snv_fora_do_painel,True,APTX,24,15,0,0,0,,
OMIM:209300,ATRANSFERRINEMIA,snv_fora_do_painel,True,TF,15,11,0,0,0,,
OMIM:209500,Atrichia with papular lesions,snv_fora_do_painel,True,HR,10,4,0,0,0,,
OMIM:209850,Autism susceptibility 1,snv_fora_do_painel,True,NLGN3;NLGN4X;SNRPN,52,37,0,0,0,,
OMIM:209880,"Central hypoventilation syndrome, congenital, 1, with or without Hirschsprung disease",sem_snv,True,PHOX2B,14,0,0,0,0,,
OMIM:209885,Barber-Say syndrome,snv_fora_do_painel,True,TWIST2,3,2,0,0,0,,
OMIM:209900,Bardet-Biedl syndrome 1,snv_fora_do_painel,True,ARL6;BBS1;CCDC28B,152,97,0,0,0,,
OMIM:209920,"Bare lymphocyte syndrome, type II",snv_fora_do_painel,True,CIITA,28,12,0,0,0,,
OMIM:209950,"Immunodeficiency 27A, mycobacteriosis, AR",snv_fora_do_painel,True,IFNGR1,16,8,0,0,0,,
OMIM:210000,Behr syndrome,snv_fora_do_painel,True,OPA1,11,5,0,0,0,,
OMIM:210100,"Beta-aminoisobutyric acid, urinary excretion of",sem_variante_patogenica,True,AGXT2,0,0,0,0,0,,
OMIM:210200,3-Methylcrotonyl-CoA carboxylase 1 deficiency,posicao_alelo_diferente,True,MCCC1,177,96,1,0,0,,
OMIM:210210,3-Methylcrotonyl-CoA carboxylase 2 deficiency,snv_fora_do_painel,True,MCCC2,163,114,0,0,0,,
OMIM:210250,Sitosterolemia 1,snv_fora_do_painel,True,ABCG8,32,23,0,0,0,,
OMIM:210370,Bietti crystalline corneoretinal dystrophy,snv_fora_do_painel,True,CYP4V2,40,28,0,0,0,,
OMIM:210600,Seckel syndrome 1,snv_fora_do_painel,True,ATR,19,16,0,0,0,,
OMIM:210710,"Microcephalic osteodysplastic primordial dwarfism, type I",snv_fora_do_painel,True,RNU4ATAC,13,13,0,0,0,,
OMIM:210720,"Microcephalic osteodysplastic primordial dwarfism, type II",snv_fora_do_painel,True,PCNT,132,77,0,0,0,,
OMIM:210750,"SKIN/HAIR/EYE PIGMENTATION, VARIATION IN, 6",sem_variante_patogenica,True,SLC24A4,0,0,0,0,0,,
OMIM:210900,Bloom syndrome,snv_fora_do_painel,True,BLM,480,181,0,0,0,,
OMIM:211180,Bowen-Conradi syndrome,snv_fora_do_painel,True,EMG1,1,1,0,0,0,,
OMIM:211350,Kyphomelic dysplasia,snv_fora_do_painel,True,CCN2,2,1,0,0,0,,
OMIM:211380,Elsahy-Waters syndrome,snv_fora_do_painel,True,CDH11,6,5,0,0,0,,
OMIM:211400,Bronchiectasis with or without elevated sweat chloride 1,snv_fora_do_painel,True,CFTR;SCNN1B,433,294,0,0,0,,
OMIM:211500,"Bulbar palsy, progressive, of childhood",snv_fora_do_painel,True,SLC52A3,4,4,0,0,0,,
OMIM:211530,Brown-Vialetto-Van Laere syndrome 1,snv_fora_do_painel,True,SLC52A3,24,17,0,0,0,,
OMIM:211600,"Cholestasis, progressive familial intrahepatic 1",snv_fora_do_painel,True,ATP8B1,50,33,0,0,0,,
OMIM:211750,C syndrome,snv_fora_do_painel,True,CD96,5,4,0,0,0,,
OMIM:211800,Calcification of joints and arteries,snv_fora_do_painel,True,NT5E,4,3,0,0,0,,
OMIM:211900,"Tumoral calcinosis, hyperphosphatemic, familial, 1",snv_fora_do_painel,True,GALNT3,40,31,0,0,0,,
OMIM:211980,"Lung cancer, susceptibility to",snv_fora_do_painel,True,BRAF;CASP8;CYP2A6;EGFR;ERBB2;ERCC6;FASLG;IRF1;KRAS;MAP3K8;PIK3CA;PPP2R1B;PRKN;SLC67A1,27,14,0,0,0,,
OMIM:212050,"Candidiasis, familial chronic mucocutaneous, autosomal recessive",snv_fora_do_painel,True,CARD9,22,14,0,0,0,,
OMIM:212065,"Congenital disorder of glycosylation, type Ia",snv_fora_do_painel,True,PMM2,203,153,0,0,0,,
OMIM:212066,"Congenital disorder of glycosylation, type IIa",snv_fora_do_painel,True,MGAT2,11,7,0,0,0,,
OMIM:212070,Carboxypeptidase N deficiency,snv_fora_do_painel,True,CPN1,2,1,0,0,0,,
OMIM:212093,"Cardiac valvular defect, developmental",snv_fora_do_painel,True,PLD1,12,8,0,0,0,,
OMIM:212112,Malouf syndrome,snv_fora_do_painel,True,LMNA,2,2,0,0,0,,
OMIM:212138,Carnitine-acylcarnitine translocase deficiency,snv_fora_do_painel,True,SLC25A20,64,36,0,0,0,,
OMIM:212140,"Carnitine deficiency, systemic primary",snv_fora_do_painel,True,SLC22A5,239,170,0,0,0,,
OMIM:212350,Sengers syndrome,snv_fora_do_painel,True,AGK,45,35,0,0,0,,
OMIM:212500,"Cataract 46, juvenile-onset",snv_fora_do_painel,True,LEMD2,1,1,0,0,0,,
OMIM:212550,Optic disc anomalies with retinal and/or macular dystrophy,snv_fora_do_painel,True,SIX6,3,2,0,0,0,,
OMIM:212720,Martsolf syndrome 1,snv_fora_do_painel,True,RAB3GAP2,10,5,0,0,0,,
OMIM:212750,"Celiac disease, susceptibility to, 1",sem_variante_patogenica,False,HLA-DQA1;HLA-DQB1,0,0,0,0,0,,
OMIM:212780,Cenani-Lenz syndactyly syndrome,snv_fora_do_painel,True,LRP4,36,29,0,0,0,,
OMIM:212840,Cerebellar ataxia and hypogonadotropic hypogonadism,snv_fora_do_painel,True,RNF216,13,11,0,0,0,,
OMIM:213000,"Cerebellar hypoplasia/atrophy, epilepsy, and global developmental delay",snv_fora_do_painel,True,OXR1,34,26,0,0,0,,
OMIM:213200,"Spinocerebellar ataxia, autosomal recessive 2",snv_fora_do_painel,True,PMPCA,7,7,0,0,0,,
OMIM:213300,Joubert syndrome 1,snv_fora_do_painel,True,INPP5E,48,32,0,0,0,,
OMIM:213600,"Basal ganglia calcification, idiopathic, 1",snv_fora_do_painel,True,JAM2;MYORG;NAA60;PDGFB;PDGFRB;SLC20A2;XPR1,38,25,0,0,0,,
OMIM:213700,Cerebrotendinous xanthomatosis,snv_fora_do_painel,True,CYP27A1,164,95,0,0,0,,
OMIM:213980,"Craniofacial dysmorphism, skeletal anomalies, and impaired intellectual development 1",snv_fora_do_painel,True,TMCO1,12,8,0,0,0,,
OMIM:214100,Peroxisome biogenesis disorder 1A (Zellweger),snv_fora_do_painel,True,PEX1,141,70,0,0,0,,
OMIM:214110,Peroxisome biogenesis disorder 2A (Zellweger),snv_fora_do_painel,True,PEX5,13,8,0,0,0,,
OMIM:214150,Cerebrooculofacioskeletal syndrome 1,snv_fora_do_painel,True,ERCC6,50,31,0,0,0,,
OMIM:214300,"Klippel-Feil syndrome, autosomal recessive",snv_fora_do_painel,True,MEOX1,7,5,0,0,0,,
OMIM:214350,CHANDS,snv_fora_do_painel,True,RIPK4,1,1,0,0,0,,
OMIM:214400,"Charcot-Marie-Tooth disease, type 4A",snv_fora_do_painel,True,GDAP1,77,50,0,0,0,,
OMIM:214450,"Griscelli syndrome, type 1",snv_fora_do_painel,True,MYO5A,7,7,0,0,0,,
OMIM:214500,Chediak-Higashi syndrome,snv_fora_do_painel,True,LYST,224,124,0,0,0,,
OMIM:214700,"Diarrhea 1, secretory chloride, congenital",snv_fora_do_painel,True,SLC26A3,54,32,0,0,0,,
OMIM:214800,Charge syndrome,snv_fora_do_painel,True,CHD7,77,36,0,0,0,,
OMIM:214950,"Bile acid synthesis defect, congenital, 4",snv_fora_do_painel,True,AMACR,2,2,0,0,0,,
OMIM:215045,"Chondrodysplasia, Blomstrand type",snv_fora_do_painel,True,PTH1R,9,7,0,0,0,,
OMIM:215100,"Rhizomelic chondrodysplasia punctata, type 1",snv_fora_do_painel,True,PEX7,49,28,0,0,0,,
OMIM:215140,Greenberg skeletal dysplasia,snv_fora_do_painel,True,LBR,11,8,0,0,0,,
OMIM:215150,Otospondylomegaepiphyseal dysplasia,snv_fora_do_painel,True,COL11A2,25,14,0,0,0,,
OMIM:215300,Chondrosarcoma,snv_fora_do_painel,True,EXT1,16,6,0,0,0,,
OMIM:215470,Boucher-Neuhauser syndrome,snv_fora_do_painel,True,PNPLA6,16,14,0,0,0,,
OMIM:215500,"Choroidal dystrophy, central areolar 1",snv_fora_do_painel,True,GUCY2D,24,17,0,0,0,,
OMIM:215600,"Cirrhosis, familial",sem_variante_patogenica,True,KRT18,0,0,0,0,0,,
OMIM:215700,"Citrullinemia, classic",snv_fora_do_painel,True,ASS1,142,113,0,0,0,,
OMIM:216100,Cleft lip/palate with abnormal thumbs and microcephaly,snv_fora_do_painel,True,ESCO2,38,7,0,0,0,,
OMIM:216340,Yunis-Varon syndrome,snv_fora_do_painel,True,FIG4,20,14,0,0,0,,
OMIM:216360,Coach syndrome 1,snv_fora_do_painel,True,TMEM67,28,20,0,0,0,,
OMIM:216400,"Cockayne syndrome, type A",snv_fora_do_painel,True,ERCC8,62,40,0,0,0,,
OMIM:216550,Cohen syndrome,snv_fora_do_painel,True,VPS13B,793,377,0,0,0,,
OMIM:216820,"Coloboma, ocular, autosomal recessive",snv_fora_do_painel,True,SALL2,1,1,0,0,0,,
OMIM:216900,Achromatopsia 2,snv_fora_do_painel,True,CNGA3,116,89,0,0,0,,
OMIM:217000,Complement component 2 deficiency,snv_fora_do_painel,True,C2,5,1,0,0,0,,
OMIM:217080,Jalili syndrome,snv_fora_do_painel,True,CNNM4,18,14,0,0,0,,
OMIM:217085,"Congenital heart defects, hamartomas of tongue, and polysyndactyly",snv_fora_do_painel,True,WDPCP,16,10,0,0,0,,
OMIM:217090,"Plasminogen deficiency, type I",snv_fora_do_painel,True,PLG,13,11,0,0,0,,
OMIM:217095,Conotruncal heart malformations,snv_fora_do_painel,True,GATA6;NKX2-5;NKX2-6;TBX1,8,4,0,0,0,,
OMIM:217300,Cornea plana 2,snv_fora_do_painel,True,KERA,10,8,0,0,0,,
OMIM:217400,Corneal endothelial dystrophy and perceptive deafness,snv_fora_do_painel,True,SLC4A11,99,58,0,0,0,,
OMIM:217700,"Corneal endothelial dystrophy, autosomal recessive",snv_fora_do_painel,True,SLC4A11,47,32,0,0,0,,
OMIM:217800,"Macular dystrophy, corneal, 1",snv_fora_do_painel,True,CHST6,51,34,0,0,0,,
OMIM:218000,Agenesis of the corpus callosum with peripheral neuropathy,alelo_patogenico_ensaiado,True,SLC12A6,76,42,1,1,0,2,5327
OMIM:218030,Apparent mineralocorticoid excess,snv_fora_do_painel,True,HSD11B2,16,10,0,0,0,,
OMIM:218040,Costello syndrome,snv_fora_do_painel,True,HRAS,34,24,0,0,0,,
OMIM:218330,Cranioectodermal dysplasia,snv_fora_do_painel,True,IFT122,86,51,0,0,0,,
OMIM:218340,Temtamy syndrome,snv_fora_do_painel,True,C12orf57,22,14,0,0,0,,
OMIM:218400,"Craniometaphyseal dysplasia, autosomal recessive",sem_variante_patogenica,True,GJA1,0,0,0,0,0,,
OMIM:218600,Baller-Gerold syndrome,snv_fora_do_painel,True,RECQL4,363,168,0,0,0,,
OMIM:218700,"Hypothyroidism, congenital, nongoitrous, 2",snv_fora_do_painel,True,PAX8,15,14,0,0,0,,
OMIM:218800,"Crigler-Najjar syndrome, type I",snv_fora_do_painel,True,UGT1A1,39,21,0,0,0,,
OMIM:219000,Fraser syndrome,snv_fora_do_painel,True,FRAS1,170,105,0,0,0,,
OMIM:219050,"Cryptorchidism, unilateral or bilateral",snv_fora_do_painel,True,INSL3,6,5,0,0,0,,
OMIM:219080,ACTH-independent macronodular adrenal hyperplasia,snv_fora_do_painel,True,GNAS,2,2,0,0,0,,
OMIM:219090,"Pituitary adenoma 4, ACTH-secreting, somatic",sem_variante_patogenica,True,AIP;USP8,0,0,0,0,0,,
OMIM:219100,"Cutis laxa, autosomal recessive, type IA",snv_fora_do_painel,True,FBLN5,12,9,0,0,0,,
OMIM:219150,"Cutis laxa, autosomal recessive, type IIIA",snv_fora_do_painel,True,ALDH18A1,15,10,0,0,0,,
OMIM:219200,"Cutis laxa, autosomal recessive, type IIA",snv_fora_do_painel,True,ATP6V0A2,32,18,0,0,0,,
OMIM:219500,CYSTATHIONINURIA,snv_fora_do_painel,True,CTH,4,2,0,0,0,,
OMIM:219600,Cystic disease of lung,snv_fora_do_painel,True,CCR2,6,4,0,0,0,,
OMIM:219700,Cystic fibrosis,posicao_alelo_diferente,True,CFTR;FCGR2A;TGFB1,1147,664,2,0,0,,
OMIM:219730,Ventriculomegaly with cystic kidney disease,snv_fora_do_painel,True,CRB2,11,9,0,0,0,,
OMIM:219750,"Cystinosis, adult nonnephropathic",snv_fora_do_painel,True,CTNS,115,69,0,0,0,,
OMIM:219800,"Cystinosis, nephropathic",snv_fora_do_painel,True,CTNS,96,56,0,0,0,,
OMIM:219900,"Cystinosis, late-onset juvenile or adolescent nephropathic",snv_fora_do_painel,True,CTNS,111,66,0,0,0,,
OMIM:220100,Cystinuria,snv_fora_do_painel,True,SLC3A1;SLC7A9,184,125,0,0,0,,
OMIM:220110,"Mitochondrial complex IV deficiency, nuclear type 1",snv_fora_do_painel,True,COX10;COX15;COX6B1;FASTKD2;MT-TN;MT-TS1;SCO1;SCO2;SURF1;TACO1,112,61,0,0,0,,
OMIM:220111,"Mitochondrial complex IV deficiency, nuclear type 5, (French-Canadian)",snv_fora_do_painel,True,LRPPRC,118,67,0,0,0,,
OMIM:220120,D-glyceric aciduria,snv_fora_do_painel,True,GLYCTK,3,1,0,0,0,,
OMIM:220150,"Hypouricemia, renal, 1",snv_fora_do_painel,True,SLC22A12,18,14,0,0,0,,
OMIM:220210,Ritscher-Schinzel syndrome 1,snv_fora_do_painel,True,WASHC5,15,12,0,0,0,,
OMIM:220290,"Deafness, autosomal recessive 1A",snv_fora_do_painel,True,GJB2;GJB3;GJB6,174,125,0,0,0,,
OMIM:220400,Jervell and Lange-Nielsen syndrome 1,snv_fora_do_painel,True,KCNQ1,60,40,0,0,0,,
OMIM:220500,Doors syndrome,snv_fora_do_painel,True,TBC1D24,18,14,0,0,0,,
OMIM:220600,Split-Hand/foot malformation 1 with sensorineural hearing loss,snv_fora_do_painel,True,DLX5,3,3,0,0,0,,
OMIM:221200,Deafness and myopia,snv_fora_do_painel,True,SLITRK6,3,3,0,0,0,,
OMIM:221750,"Deafness, sensorineural, with pituitary dwarfism",snv_fora_do_painel,True,LHX3,31,18,0,0,0,,
OMIM:221770,Polycystic lipomembranous osteodysplasia with sclerosing leukoencephalopathy,snv_fora_do_painel,True,TREM2;TYROBP,13,8,0,0,0,,
OMIM:221820,"Leukoencephalopathy, diffuse hereditary, with spheroids",snv_fora_do_painel,True,CSF1R,20,19,0,0,0,,
OMIM:221900,"Persistent hyperplastic primary vitreous, autosomal recessive",snv_fora_do_painel,True,ATOH7,5,4,0,0,0,,
OMIM:222100,"Diabetes mellitus, insulin-dependent-1",snv_fora_do_painel,False,HNF1A;IL6,2,1,0,0,0,,
OMIM:222300,Wolfram syndrome 1,snv_fora_do_painel,True,WFS1,117,70,0,0,0,,
OMIM:222448,Donnai-Barrow syndrome,snv_fora_do_painel,True,LRP2,81,54,0,0,0,,
OMIM:222470,Trichohepatoenteric syndrome 1,snv_fora_do_painel,True,SKIC3,37,26,0,0,0,,
OMIM:222600,Diastrophic dysplasia,snv_fora_do_painel,True,SLC26A2,160,59,0,0,0,,
OMIM:222700,Lysinuric protein intolerance,snv_fora_do_painel,True,SLC7A7,128,53,0,0,0,,
OMIM:222730,Dicarboxylicamino aciduria,sem_variante_patogenica,True,SLC1A1,0,0,0,0,0,,
OMIM:222748,Dihydropyrimidinuria,snv_fora_do_painel,True,DPYS,18,17,0,0,0,,
OMIM:222765,"Rhizomelic chondrodysplasia punctata, type 2",snv_fora_do_painel,True,GNPAT,20,11,0,0,0,,
OMIM:222800,"Erythrocytosis, familial, 8",snv_fora_do_painel,True,BPGM,4,3,0,0,0,,
OMIM:222900,"Sucrase-isomaltase deficiency, congenital",snv_fora_do_painel,True,SI,69,43,0,0,0,,
OMIM:223000,"Lactase deficiency, congenital",snv_fora_do_painel,True,LCT,9,6,0,0,0,,
OMIM:223100,Lactase persistence/nonpersistence,sem_variante_patogenica,True,MCM6,0,0,0,0,0,,
OMIM:223360,"Orthostatic hypotension 1, due to DBH deficiency",snv_fora_do_painel,True,DBH,9,5,0,0,0,,
OMIM:223800,Dyggve-Melchior-Clausen disease,snv_fora_do_painel,True,DYM,32,20,0,0,0,,
OMIM:223900,"Neuropathy, hereditary sensory and autonomic, type III",alelo_patogenico_ensaiado,True,ELP1,269,151,2,2,0,2,6085;6086
OMIM:224050,"Cerebellar hypoplasia, impaired intellectual development, and dysequilibrium syndrome 1",snv_fora_do_painel,True,VLDLR,29,24,0,0,0,,
OMIM:224100,"Anemia, dyserythropoietic congenital, type II",snv_fora_do_painel,True,SEC23B,84,54,0,0,0,,
OMIM:224120,"Anemia, congenital dyserythropoietic, type Ia",snv_fora_do_painel,True,CDAN1,31,15,0,0,0,,
OMIM:224230,"Dyskeratosis congenita, autosomal recessive 1",snv_fora_do_painel,True,NHP2;NOP10,2,2,0,0,0,,
OMIM:224410,"Dyssegmental dysplasia, Silverman-Handmaker type",snv_fora_do_painel,True,HSPG2,19,15,0,0,0,,
OMIM:224500,"Dystonia 2, torsion, autosomal recessive",snv_fora_do_painel,True,HPCA,1,1,0,0,0,,
OMIM:224690,Meier-Gorlin syndrome 1,snv_fora_do_painel,True,ORC1,18,10,0,0,0,,
OMIM:224750,Schopf-Schulz-Passarge syndrome,snv_fora_do_painel,True,WNT10A,43,33,0,0,0,,
OMIM:224900,"Ectodermal dysplasia 10B, hypohidrotic/hair/tooth type, autosomal recessive",alelo_patogenico_ensaiado,True,EDAR;EDARADD,19,14,3,3,0,2,5849;5855;5856
OMIM:225060,Cleft lip/palate-ectodermal dysplasia syndrome,snv_fora_do_painel,True,NECTIN1,7,5,0,0,0,,
OMIM:225100,Ectopia lentis,snv_fora_do_painel,True,ADAMTSL4,27,9,0,0,0,,
OMIM:225200,Ectopia lentis et pupillae,snv_fora_do_painel,True,ADAMTSL4,22,7,0,0,0,,
OMIM:225250,"Hypothyroidism, congenital, nongoitrous, 5",sem_variante_patogenica,True,NKX2-5,0,0,0,0,0,,
OMIM:225280,"Ectodermal dysplasia, ectrodactyly, and macular dystrophy syndrome",snv_fora_do_painel,True,CDH3,5,4,0,0,0,,
OMIM:225300,Split-Hand/foot malformation 6,snv_fora_do_painel,True,WNT10B,19,11,0,0,0,,
OMIM:225320,"Ehlers-Danlos syndrome, autosomal recessive, cardiac valvular form",snv_fora_do_painel,True,COL1A2,18,15,0,0,0,,
OMIM:225400,"Ehlers-Danlos syndrome, kyphoscoliotic type, 1",snv_fora_do_painel,True,PLOD1,101,60,0,0,0,,
OMIM:225410,"Ehlers-Danlos syndrome, dermatosparaxis type",snv_fora_do_painel,True,ADAMTS2,100,43,0,0,0,,
OMIM:225500,Ellis-Van creveld syndrome,snv_fora_do_painel,True,EVC;EVC2,530,281,0,0,0,,
OMIM:225750,Aicardi-Goutieres syndrome 1,snv_fora_do_painel,True,TREX1,64,16,0,0,0,,
OMIM:225753,"Pontocerebellar hypoplasia, type 4",snv_fora_do_painel,True,TSEN54,19,9,0,0,0,,
OMIM:225790,Proliferative vasculopathy and hydranencephaly-hydrocephaly syndrome,snv_fora_do_painel,True,FLVCR2,15,9,0,0,0,,
OMIM:226200,Enterokinase deficiency,snv_fora_do_painel,True,TMPRSS15,18,8,0,0,0,,
OMIM:226300,"Complement hyperactivation, angiopathic thrombosis, and protein-losing enteropathy",snv_fora_do_painel,True,CD55,10,6,0,0,0,,
OMIM:226400,"Epidermodysplasia verruciformis, susceptibility to, 1",snv_fora_do_painel,False,TMC6,6,3,0,0,0,,
OMIM:226600,"Epidermolysis bullosa dystrophica, autosomal recessive",snv_fora_do_painel,True,COL7A1,232,175,0,0,0,,
OMIM:226650,"Epidermolysis bullosa, junctional, Non-Herlitz type",snv_fora_do_painel,True,COL17A1;LAMB3,82,47,0,0,0,,
OMIM:226670,Epidermolysis bullosa simplex with muscular dystrophy,snv_fora_do_painel,True,PLEC,95,63,0,0,0,,
OMIM:226700,"Epidermolysis bullosa, junctional, Herlitz type",snv_fora_do_painel,True,LAMA3;LAMB3;LAMC2,148,90,0,0,0,,
OMIM:226730,"Epidermolysis bullosa, junctional, with pyloric atresia",snv_fora_do_painel,True,ITGA6;ITGB4;PLEC,71,44,0,0,0,,
OMIM:226750,Kohlschutter-Tonz syndrome,snv_fora_do_painel,True,ROGDI,46,30,0,0,0,,
OMIM:226900,"Epiphyseal dysplasia, multiple, 4",snv_fora_do_painel,True,SLC26A2,159,55,0,0,0,,
OMIM:226960,Lowry-Wood syndrome,snv_fora_do_painel,True,RNU4ATAC,12,12,0,0,0,,
OMIM:226980,"Epiphyseal dysplasia, multiple, with early-onset diabetes mellitus",snv_fora_do_painel,True,EIF2AK3,40,22,0,0,0,,
OMIM:226990,"Immunodeficiency 32B, monocyte and dendritic cell deficiency, autosomal recessive",snv_fora_do_painel,True,IRF8,1,1,0,0,0,,
OMIM:227240,"SKIN/HAIR/EYE PIGMENTATION, VARIATION IN, 5",snv_fora_do_painel,True,SLC45A2,23,11,0,0,0,,
OMIM:227260,"Focal facial dermal dysplasia 3, Setleis type",snv_fora_do_painel,True,TWIST2,3,2,0,0,0,,
OMIM:227300,Combined deficiency of factor V and factor VIII type 1,snv_fora_do_painel,True,LMAN1,12,6,0,0,0,,
OMIM:227400,Factor V deficiency,snv_fora_do_painel,True,F5,80,48,0,0,0,,
OMIM:227500,Factor VII deficiency,snv_fora_do_painel,True,F7,47,42,0,0,0,,
OMIM:227600,Factor X deficiency,snv_fora_do_painel,True,F10,21,17,0,0,0,,
OMIM:227645,"Fanconi anemia, complementation group C",snv_fora_do_painel,True,FANCC,135,70,0,0,0,,
OMIM:227646,"Fanconi anemia, complementation group D2",snv_fora_do_painel,True,FANCD2,112,65,0,0,0,,
OMIM:227650,Fanconi anemia,snv_fora_do_painel,True,FANCA,551,324,0,0,0,,
OMIM:227810,Fanconi-Bickel syndrome,snv_fora_do_painel,True,SLC2A2,52,31,0,0,0,,
OMIM:228000,Farber lipogranulomatosis,snv_fora_do_painel,True,ASAH1,53,44,0,0,0,,
OMIM:228300,Hypogonadotropic hypogonadism 23 without anosmia,snv_fora_do_painel,True,LHB,6,4,0,0,0,,
OMIM:228520,Fibrochondrogenesis 1,snv_fora_do_painel,True,COL11A1,10,9,0,0,0,,
OMIM:228550,"Myofibromatosis, infantile, 1",snv_fora_do_painel,True,PDGFRB,7,7,0,0,0,,
OMIM:228600,Hyaline fibromatosis syndrome,snv_fora_do_painel,True,ANTXR2,36,20,0,0,0,,
OMIM:228900,Fibular hypoplasia and complex brachydactyly,snv_fora_do_painel,True,GDF5,4,4,0,0,0,,
OMIM:228930,"Fibular aplasia or hypoplasia, femoral bowing and poly-, syn-, and oligodactyly",snv_fora_do_painel,True,WNT7A,4,4,0,0,0,,
OMIM:228960,Flaujeac factor deficiency,snv_fora_do_painel,True,KNG1,5,5,0,0,0,,
OMIM:228980,"Fleck retina, familial benign",sem_variante_patogenica,True,PLA2G5,0,0,0,0,0,,
OMIM:229050,"Folate malabsorption, hereditary",snv_fora_do_painel,True,SLC46A1,16,9,0,0,0,,
OMIM:229070,Hypogonadotropic hypogonadism 24 without anosmia,snv_fora_do_painel,True,FSHB,5,4,0,0,0,,
OMIM:229100,Formiminotransferase deficiency,snv_fora_do_painel,True,FTCD,38,13,0,0,0,,
OMIM:229200,Brittle cornea syndrome,snv_fora_do_painel,True,ZNF469,40,10,0,0,0,,
OMIM:229300,Friedreich ataxia 1,snv_fora_do_painel,True,FXN,12,7,0,0,0,,
OMIM:229600,"Fructose intolerance, hereditary",snv_fora_do_painel,True,ALDOB,93,59,0,0,0,,
OMIM:229700,"Fructose-1,6-bisphosphatase deficiency",snv_fora_do_painel,True,FBP1,53,29,0,0,0,,
OMIM:229800,"Fructosuria, essential",snv_fora_do_painel,True,KHK,1,1,0,0,0,,
OMIM:230000,Fucosidosis,snv_fora_do_painel,True,FUCA1,83,52,0,0,0,,
OMIM:230200,Galactokinase deficiency with cataracts,snv_fora_do_painel,True,GALK1,92,46,0,0,0,,
OMIM:230350,Galactose epimerase deficiency,snv_fora_do_painel,True,GALE,54,31,0,0,0,,
OMIM:230400,Galactosemia,snv_fora_do_painel,True,GALT,233,187,0,0,0,,
OMIM:230450,"Gamma-Glutamylcysteine synthetase deficiency, hemolytic anemia dueto",snv_fora_do_painel,True,GCLC,2,2,0,0,0,,
OMIM:230500,"GM1-gangliosidosis, type I",snv_fora_do_painel,True,GLB1,142,106,0,0,0,,
OMIM:230600,"GM1-gangliosidosis, type II",snv_fora_do_painel,True,GLB1,112,84,0,0,0,,
OMIM:230650,"GM1-gangliosidosis, type III",snv_fora_do_painel,True,GLB1,110,83,0,0,0,,
OMIM:230740,GAPO syndrome,snv_fora_do_painel,True,ANTXR1,8,5,0,0,0,,
OMIM:230800,"Gaucher disease, type I",snv_fora_do_painel,True,GBA1,80,67,0,0,0,,
OMIM:230900,"Gaucher disease, type II",snv_fora_do_painel,True,GBA1,36,34,0,0,0,,
OMIM:231000,"Gaucher disease, type III",snv_fora_do_painel,True,GBA1,26,24,0,0,0,,
OMIM:231005,"Gaucher disease, type IIIC",snv_fora_do_painel,True,GBA1,22,20,0,0,0,,
OMIM:231050,Geleophysic dysplasia 1,snv_fora_do_painel,True,ADAMTSL2,14,13,0,0,0,,
OMIM:231070,Geroderma osteodysplasticum,snv_fora_do_painel,True,GORAB,15,10,0,0,0,,
OMIM:231090,"Hydatidiform mole, recurrent, 1",snv_fora_do_painel,True,NLRP7,19,14,0,0,0,,
OMIM:231095,Ghosal hematodiaphyseal syndrome,snv_fora_do_painel,True,TBXAS1,9,5,0,0,0,,
OMIM:231200,Bernard-Soulier syndrome,snv_fora_do_painel,True,GP1BA;GP1BB;GP9,114,54,0,0,0,,
OMIM:231300,"Glaucoma 3, primary congenital, A",snv_fora_do_painel,True,CYP1B1,66,43,0,0,0,,
OMIM:231530,3-Hydroxyacyl-Coa dehydrogenase deficiency,snv_fora_do_painel,True,HADH,20,9,0,0,0,,
OMIM:231550,Achalasia-Addisonianism-Alacrima syndrome,snv_fora_do_painel,True,AAAS,60,38,0,0,0,,
OMIM:231670,Glutaric acidemia I,snv_fora_do_painel,True,GCDH,290,234,0,0,0,,
OMIM:231680,Multiple acyl-CoA dehydrogenation deficiency,snv_fora_do_painel,True,ETFA;ETFB;ETFDH,344,218,0,0,0,,
OMIM:231690,Glutaric aciduria III,snv_fora_do_painel,True,SUGCT,4,4,0,0,0,,
OMIM:231900,Hemolytic anemia due to glutathione synthetase deficiency,snv_fora_do_painel,True,GSS,20,15,0,0,0,,
OMIM:231950,Glutathioninuria,sem_variante_patogenica,True,GGT1,0,0,0,0,0,,
OMIM:232200,Glycogen storage disease Ia,snv_fora_do_painel,True,G6PC1,159,116,0,0,0,,
OMIM:232220,Glycogen storage disease Ib,snv_fora_do_painel,True,SLC37A4,148,85,0,0,0,,
OMIM:232240,Glycogen storage disease Ic,snv_fora_do_painel,True,SLC37A4,17,11,0,0,0,,
OMIM:232300,Glycogen storage disease II,snv_fora_do_painel,True,GAA,786,458,0,0,0,,
OMIM:232400,Glycogen storage disease III,snv_fora_do_painel,True,AGL,462,219,0,0,0,,
OMIM:232500,Glycogen storage disease IV,snv_fora_do_painel,True,GBE1,168,109,0,0,0,,
OMIM:232600,Glycogen storage disease V,snv_fora_do_painel,True,PYGM,249,136,0,0,0,,
OMIM:232700,Glycogen storage disease VI,snv_fora_do_painel,True,PYGL,62,41,0,0,0,,
OMIM:232800,Glycogen storage disease VII,snv_fora_do_painel,True,PFKM,89,53,0,0,0,,
OMIM:233100,Renal glucosuria,snv_fora_do_painel,True,SLC5A2,50,36,0,0,0,,
OMIM:233300,Ovarian dysgenesis 1,snv_fora_do_painel,True,FSHR,12,10,0,0,0,,
OMIM:233400,Perrault syndrome 1,snv_fora_do_painel,True,HSD17B4,50,39,0,0,0,,
OMIM:233420,"46,xy sex reversal 7",snv_fora_do_painel,True,DHH,5,4,0,0,0,,
OMIM:233600,Immunodeficiency 59 and hypoglycemia,snv_fora_do_painel,True,HYOU1,4,3,0,0,0,,
OMIM:233650,Combined cellular and humoral immune defects with granulomas,snv_fora_do_painel,True,RAG1;RAG2,234,145,0,0,0,,
OMIM:233690,"GRANULOMATOUS DISEASE, CHRONIC, AUTOSOMAL RECESSIVE, CYTOCHROME b-NEGATIVE",snv_fora_do_painel,True,CYBA,62,39,0,0,0,,
OMIM:233700,"Granulomatous disease, chronic, autosomal recessive, cytochrome b-positive, type I",snv_fora_do_painel,True,NCF1,13,7,0,0,0,,
OMIM:233710,"Chronic granulomatous disease 2, autosomal recessive",snv_fora_do_painel,True,NCF2,65,42,0,0,0,,
OMIM:233910,"Hyperphenylalaninemia, BH4-deficient, B",snv_fora_do_painel,True,GCH1,6,5,0,0,0,,
OMIM:234000,Factor XII deficiency,snv_fora_do_painel,True,F12,10,6,0,0,0,,
OMIM:234050,"Trichothiodystrophy 4, nonphotosensitive",snv_fora_do_painel,True,MPLKIP,11,5,0,0,0,,
OMIM:234200,Neurodegeneration with brain iron accumulation 1,snv_fora_do_painel,True,PANK2,127,79,0,0,0,,
OMIM:234500,Hartnup disorder,snv_fora_do_painel,True,SLC6A19,30,26,0,0,0,,
OMIM:234580,Heimler syndrome 1,snv_fora_do_painel,True,PEX1,144,68,0,0,0,,
OMIM:234810,Pulmonary venoocclusive disease 2,snv_fora_do_painel,True,EIF2AK4,39,26,0,0,0,,
OMIM:235200,"Hemochromatosis, type 1",snv_fora_do_painel,True,BMP2;HFE,20,15,0,0,0,,
OMIM:235400,"Hemolytic uremic syndrome, atypical, susceptibility to, 1",snv_fora_do_painel,False,CFH;CFHR1;CFHR3,41,29,0,0,0,,
OMIM:235510,Hennekam lymphangiectasia-lymphedema syndrome,snv_fora_do_painel,True,CCBE1,7,5,0,0,0,,
OMIM:235550,Hepatic venoocclusive disease with immunodeficiency,snv_fora_do_painel,True,SP110,41,20,0,0,0,,
OMIM:235555,"Bile acid synthesis defect, congenital, 2",snv_fora_do_painel,True,AKR1D1,16,12,0,0,0,,
OMIM:235700,"Hemolytic anemia, nonspherocytic, due to hexokinase deficiency",snv_fora_do_painel,True,HK1,9,9,0,0,0,,
OMIM:235730,Mowat-Wilson syndrome,snv_fora_do_painel,True,ZEB2,270,103,0,0,0,,
OMIM:235800,Histidinemia,sem_snv,True,HAL,1,0,0,0,0,,
OMIM:236000,"Lymphoma, hodgkin",sem_variante_patogenica,False,KLHDC8B,0,0,0,0,0,,
OMIM:236200,Homocystinuria due to cystathionine beta-synthase deficiency,snv_fora_do_painel,True,CBS,143,108,0,0,0,,
OMIM:236250,"Homocystinuria due to deficiency of n(5,10)-methylenetetrahydrofolatereductase activity",snv_fora_do_painel,True,MTHFR,168,115,0,0,0,,
OMIM:236270,"Homocystinuria-megaloblastic anemia, cbl E type",snv_fora_do_painel,True,MTRR,137,62,0,0,0,,
OMIM:236500,"Multinucleated neurons, anhydramnios, renal dysplasia, cerebellar hypoplasia, and hydranencephaly",snv_fora_do_painel,True,CEP55,8,7,0,0,0,,
OMIM:236600,"Hydrocephalus, nonsyndromic, autosomal recessive 1",snv_fora_do_painel,True,CCDC88C,42,21,0,0,0,,
OMIM:236670,"Muscular dystrophy-dystroglycanopathy (congenital with brain and eye anomalies), type A, 1",snv_fora_do_painel,True,FKRP;FKTN;LARGE1;POMT1;POMT2,100,54,0,0,0,,
OMIM:236680,Hydrolethalus syndrome 1,snv_fora_do_painel,True,HYLS1,8,5,0,0,0,,
OMIM:236690,"Hydrocephalus, normal pressure, 1",snv_fora_do_painel,True,CFAP43,4,2,0,0,0,,
OMIM:236700,Mckusick-Kaufman syndrome,snv_fora_do_painel,True,MKKS,74,31,0,0,0,,
OMIM:236730,Urofacial syndrome,snv_fora_do_painel,True,HPSE2,17,8,0,0,0,,
OMIM:236792,L-2-hydroxyglutaric aciduria,snv_fora_do_painel,True,L2HGDH,40,29,0,0,0,,
OMIM:236800,Hydroxykynureninuria,snv_fora_do_painel,True,KYNU,3,3,0,0,0,,
OMIM:237300,"Carbamoyl phosphate synthetase I deficiency, hyperammonemia due to",snv_fora_do_painel,True,CPS1,284,189,0,0,0,,
OMIM:237310,N-acetylglutamate synthase deficiency,snv_fora_do_painel,True,NAGS,88,45,0,0,0,,
OMIM:237450,"Hyperbilirubinemia, Rotor type, digenic",snv_fora_do_painel,True,SLCO1B1;SLCO1B3,13,10,0,0,0,,
OMIM:237500,DUBIN-JOHNSON syndrome,snv_fora_do_painel,True,ABCC2,88,54,0,0,0,,
OMIM:237900,"Hyperbilirubinemia, familial transient neonatal",posicao_alelo_diferente,True,UGT1A1,28,17,1,0,0,,
OMIM:238320,Hypergonadotropic hypogonadism,snv_fora_do_painel,True,LHCGR,30,24,0,0,0,,
OMIM:238600,Type I hyperlipoproteinemia,snv_fora_do_painel,True,LPL,95,81,0,0,0,,
OMIM:238700,"Hyperlysinemia, type I",snv_fora_do_painel,True,AASS,2,2,0,0,0,,
OMIM:238970,Hyperornithinemia-hyperammonemia-homocitrullinemia syndrome,snv_fora_do_painel,True,SLC25A15,69,39,0,0,0,,
OMIM:239000,"Paget disease of bone 5, juvenile-onset",snv_fora_do_painel,True,TNFRSF11B,5,3,0,0,0,,
OMIM:239100,van Buchem disease,sem_variante_patogenica,True,SOST,0,0,0,0,0,,
OMIM:239200,"Hyperparathyroidism, neonatal severe",snv_fora_do_painel,True,CASR,44,41,0,0,0,,
OMIM:239300,Hyperphosphatasia with impaired intellectual development syndrome 1,snv_fora_do_painel,True,PIGV,9,8,0,0,0,,
OMIM:239500,"Hyperprolinemia, type I",snv_fora_do_painel,True,PRODH,19,11,0,0,0,,
OMIM:239510,"Hyperprolinemia, type II",snv_fora_do_painel,True,ALDH4A1,23,10,0,0,0,,
OMIM:239850,Hypertrichotic osteochondrodysplasia,snv_fora_do_painel,True,ABCC9,23,23,0,0,0,,
OMIM:240300,"Autoimmune polyendocrinopathy syndrome , type I, with or without reversible metaphyseal dysplasia",snv_fora_do_painel,True,AIRE,194,108,0,0,0,,
OMIM:240500,"Immunodeficiency, common variable, 2",alelo_patogenico_ensaiado,True,CD19;CR2;ICOS;TNFRSF13B;TNFRSF13C,33,19,1,1,0,2,645207
OMIM:240600,"Glycogen storage disease 0, liver",snv_fora_do_painel,True,GYS2,41,24,0,0,0,,
OMIM:240800,"Hypoglycemia of infancy, leucine-sensitive",snv_fora_do_painel,True,ABCC8,89,67,0,0,0,,
OMIM:240900,Hypoinsulinemic hypoglycemia with hemihypertrophy,snv_fora_do_painel,True,AKT2,1,1,0,0,0,,
OMIM:241080,Woodhouse-Sakati syndrome,snv_fora_do_painel,True,DCAF17,53,28,0,0,0,,
OMIM:241200,"Bartter syndrome, type 2",snv_fora_do_painel,True,KCNJ1,53,40,0,0,0,,
OMIM:241410,Hypoparathyroidism-retardation-dysmorphism syndrome,snv_fora_do_painel,True,TBCE,14,8,0,0,0,,
OMIM:241500,"Hypophosphatasia, infantile",snv_fora_do_painel,True,ALPL,159,126,0,0,0,,
OMIM:241510,"Hypophosphatasia, childhood",snv_fora_do_painel,True,ALPL,113,99,0,0,0,,
OMIM:241520,"Hypophosphatemic rickets, autosomal recessive",snv_fora_do_painel,True,DMP1,6,4,0,0,0,,
OMIM:241530,"Hypophosphatemic rickets with hypercalciuria, hereditary",snv_fora_do_painel,True,SLC34A3,62,39,0,0,0,,
OMIM:241600,Immunodeficiency 43,snv_fora_do_painel,True,B2M,4,4,0,0,0,,
OMIM:241800,Pallister-Hall-like syndrome,snv_fora_do_painel,True,SMO,8,7,0,0,0,,
OMIM:241850,Bamforth-Lazarus syndrome,snv_fora_do_painel,True,FOXE1,4,3,0,0,0,,
OMIM:242100,"Ichthyosis, congenital, autosomal recessive 2",snv_fora_do_painel,True,ALOX12B;ALOXE3,57,43,0,0,0,,
OMIM:242150,"Ichthyosiform erythroderma, corneal involvement, and deafness",snv_fora_do_painel,True,AP1B1,10,7,0,0,0,,
OMIM:242300,"Ichthyosis, congenital, autosomal recessive 1",snv_fora_do_painel,True,TGM1,162,111,0,0,0,,
OMIM:242500,"Ichthyosis, congenital, autosomal recessive 4B",snv_fora_do_painel,True,ABCA12,55,36,0,0,0,,
OMIM:242600,IMINOGLYCINURIA,snv_fora_do_painel,True,SLC36A2,4,4,0,0,0,,
OMIM:242700,Immune defect due to absence of thymus,sem_snv,True,FOXN1,2,0,0,0,0,,
OMIM:242840,Vici syndrome,snv_fora_do_painel,True,EPG5,182,103,0,0,0,,
OMIM:242860,Immunodeficiency-Centromeric instability-facial anomalies syndrome,snv_fora_do_painel,True,DNMT3B,16,15,0,0,0,,
OMIM:242900,"Immunoosseous dysplasia, Schimke type",snv_fora_do_painel,True,SMARCAL1,155,74,0,0,0,,
OMIM:243000,"Indifference to pain, congenital, autosomal recessive",snv_fora_do_painel,True,SCN9A,32,23,0,0,0,,
OMIM:243060,"Male infertility with large-headed, multiflagellar, polyploid spermatozoa",snv_fora_do_painel,True,AURKC,5,3,0,0,0,,
OMIM:243150,Gastrointestinal defects and immunodeficiency syndrome,snv_fora_do_painel,True,TTC7A,40,30,0,0,0,,
OMIM:243180,"Visceral neuropathy, familial, autosomal recessive",snv_fora_do_painel,True,ERBB3,10,7,0,0,0,,
OMIM:243300,"Cholestasis, benign recurrent intrahepatic 1",snv_fora_do_painel,True,ATP8B1,39,26,0,0,0,,
OMIM:243310,Baraitser-Winter syndrome 1,snv_fora_do_painel,True,ACTB,66,62,0,0,0,,
OMIM:243400,"Acetylation, slow",sem_variante_patogenica,True,NAT2,0,0,0,0,0,,
OMIM:243500,Isovaleric acidemia,snv_fora_do_painel,True,IVD,135,88,0,0,0,,
OMIM:243605,Stromme syndrome,snv_fora_do_painel,True,CENPF,33,19,0,0,0,,
OMIM:243700,"Hyper-IgE syndrome 2, autosomal recessive, with recurrent infections",snv_fora_do_painel,True,DOCK8,109,55,0,0,0,,
OMIM:243800,Johanson-Blizzard syndrome,snv_fora_do_painel,True,UBR1,21,17,0,0,0,,
OMIM:244200,Hypogonadotropic hypogonadism 3 with or without anosmia,snv_fora_do_painel,True,PROKR2,9,6,0,0,0,,
OMIM:244400,"Ciliary dyskinesia, primary, 1",snv_fora_do_painel,True,DNAI1,91,52,0,0,0,,
OMIM:244450,Kaufman oculocerebrofacial syndrome,snv_fora_do_painel,True,UBE3B,35,21,0,0,0,,
OMIM:244460,"Kenny-caffey syndrome, type 1",snv_fora_do_painel,True,TBCE,12,7,0,0,0,,
OMIM:245000,Papillon-Lefevre syndrome,snv_fora_do_painel,True,CTSC,83,51,0,0,0,,
OMIM:245010,Haim-Munk syndrome,snv_fora_do_painel,True,CTSC,73,45,0,0,0,,
OMIM:245050,Succinyl CoA:3-oxoacid CoA transferase deficiency,snv_fora_do_painel,True,OXCT1,19,16,0,0,0,,
OMIM:245150,Keutel syndrome,snv_fora_do_painel,True,MGP,4,3,0,0,0,,
OMIM:245200,Krabbe disease,posicao_alelo_diferente,True,GALC,309,200,1,0,0,,
OMIM:245300,"KURU, SUSCEPTIBILITY TO",sem_variante_patogenica,False,PRNP,0,0,0,0,0,,
OMIM:245340,Erythrocyte lactate transporter defect,sem_snv,True,SLC16A1,1,0,0,0,0,,
OMIM:245348,Pyruvate dehydrogenase E2 deficiency,snv_fora_do_painel,True,DLAT,15,9,0,0,0,,
OMIM:245349,Pyruvate dehydrogenase e3-binding protein deficiency,snv_fora_do_painel,True,PDHX,23,12,0,0,0,,
OMIM:245400,Mitochondrial DNA depletion syndrome 9 (encephalomyopathic type with methylmalonic aciduria),snv_fora_do_painel,True,SUCLG1,27,20,0,0,0,,
OMIM:245450,D-lactic aciduria with susceptibility to gout,snv_fora_do_painel,True,LDHD,8,5,0,0,0,,
OMIM:245480,Specific granule deficiency,snv_fora_do_painel,True,CEBPE,9,4,0,0,0,,
OMIM:245570,"Epilepsy, focal, with speech disorder and with or without impaired intellectual development",snv_fora_do_painel,True,GRIN2A,224,157,0,0,0,,
OMIM:245590,"Growth hormone insensitivity with immune dysregulation 1, autosomal recessive",snv_fora_do_painel,True,STAT5B,30,17,0,0,0,,
OMIM:245600,"Multiple joint dislocations, short stature, craniofacial dysmorphism, with or without congenital heart defects",snv_fora_do_painel,True,B3GAT3;CHST3,30,22,0,0,0,,
OMIM:245660,Laryngoonychocutaneous syndrome,snv_fora_do_painel,True,LAMA3,41,28,0,0,0,,
OMIM:245800,Laurence-Moon syndrome,snv_fora_do_painel,True,PNPLA6,6,5,0,0,0,,
OMIM:245900,Lecithin:cholesterol acyltransferase deficiency,snv_fora_do_painel,True,LCAT,16,12,0,0,0,,
OMIM:246200,Donohue syndrome,snv_fora_do_painel,True,INSR,20,20,0,0,0,,
OMIM:246300,"Leprosy, susceptibility to",sem_variante_patogenica,False,TLR2,0,0,0,0,0,,
OMIM:246450,3-hydroxy-3-methylglutaryl-CoA lyase deficiency,snv_fora_do_painel,True,HMGCL,77,41,0,0,0,,
OMIM:246650,"Lipase deficiency, combined",snv_fora_do_painel,True,LMF1,12,10,0,0,0,,
OMIM:246700,Chylomicron retention disease,snv_fora_do_painel,True,SAR1B,13,8,0,0,0,,
OMIM:246900,Dihydrolipoamide dehydrogenase deficiency,snv_fora_do_painel,True,DLD,94,56,0,0,0,,
OMIM:247100,Urbach-Wiethe disease,snv_fora_do_painel,True,ECM1,32,16,0,0,0,,
OMIM:247420,LUTHERAN NULL,sem_variante_patogenica,True,BCAM,0,0,0,0,0,,
OMIM:248000,"Macrocephaly/megalencephaly syndrome, autosomal recessive",sem_snv,True,TBC1D7,3,0,0,0,0,,
OMIM:248190,"Hypomagnesemia 5, renal, with or without ocular involvement",snv_fora_do_painel,True,CLDN19,25,20,0,0,0,,
OMIM:248200,Stargardt disease 1,snv_fora_do_painel,True,ABCA4,411,342,0,0,0,,
OMIM:248250,"Hypomagnesemia 3, renal",snv_fora_do_painel,True,CLDN16,42,35,0,0,0,,
OMIM:248300,Meleda disease,snv_fora_do_painel,True,SLURP1,11,10,0,0,0,,
OMIM:248340,3MC syndrome 3,snv_fora_do_painel,True,COLEC10,5,3,0,0,0,,
OMIM:248360,Malonyl-CoA decarboxylase deficiency,snv_fora_do_painel,True,MLYCD,62,28,0,0,0,,
OMIM:248370,Mandibuloacral dysplasia,snv_fora_do_painel,True,LMNA,4,4,0,0,0,,
OMIM:248390,Treacher Collins syndrome 3,snv_fora_do_painel,True,POLR1C,27,14,0,0,0,,
OMIM:248450,Manitoba oculotrichoanal syndrome,snv_fora_do_painel,True,FREM1,38,20,0,0,0,,
OMIM:248500,Alpha-mannosidosis,snv_fora_do_painel,True,MAN2B1,265,145,0,0,0,,
OMIM:248510,"Mannosidosis, beta",snv_fora_do_painel,True,MANBA,107,66,0,0,0,,
OMIM:248600,Maple syrup urine disease,snv_fora_do_painel,True,BCKDHA,217,148,0,0,0,,
OMIM:248700,Marden-Walker syndrome,snv_fora_do_painel,True,PIEZO2,5,3,0,0,0,,
OMIM:248800,Marinesco-Sjogren syndrome,snv_fora_do_painel,True,SIL1,27,12,0,0,0,,
OMIM:248900,Mast syndrome,snv_fora_do_painel,True,SPG21,11,5,0,0,0,,
OMIM:249000,Meckel syndrome 1,snv_fora_do_painel,True,MKS1,61,37,0,0,0,,
OMIM:249100,"Familial Mediterranean fever, AR",snv_fora_do_painel,True,MEFV,14,11,0,0,0,,
OMIM:249210,Megacystis-microcolon-intestinal hypoperistalsis syndrome 1,snv_fora_do_painel,True,MYLK,1,1,0,0,0,,
OMIM:249270,Thiamine-Responsive megaloblastic anemia syndrome,snv_fora_do_painel,True,SLC19A2,26,14,0,0,0,,
OMIM:249400,"Neurocutaneous melanosis, somatic",snv_fora_do_painel,True,NRAS,1,1,0,0,0,,
OMIM:249420,Frank-ter Haar syndrome,snv_fora_do_painel,True,SH3PXD2B,7,5,0,0,0,,
OMIM:249500,"Intellectual developmental disorder, autosomal recessive 1",snv_fora_do_painel,True,PRSS12,3,1,0,0,0,,
OMIM:249700,Langer mesomelic dysplasia,snv_fora_do_painel,True,SHOX,5,2,0,0,0,,
OMIM:249900,Metachromatic leukodystrophy due to saposin B deficiency,snv_fora_do_painel,True,PSAP,67,44,0,0,0,,
OMIM:250100,Metachromatic leukodystrophy,snv_fora_do_painel,True,ARSA,385,272,0,0,0,,
OMIM:250220,"Spondylometaphyseal dysplasia, Sedaghatian type",snv_fora_do_painel,True,GPX4,8,3,0,0,0,,
OMIM:250250,Cartilage-hair hypoplasia,snv_fora_do_painel,True,RMRP,183,25,0,0,0,,
OMIM:250400,"Metaphyseal chondrodysplasia, Spahr type",snv_fora_do_painel,True,MMP13,5,5,0,0,0,,
OMIM:250410,Retinitis pigmentosa with or without skeletal anomalies,snv_fora_do_painel,True,CWC27,17,9,0,0,0,,
OMIM:250460,Metaphyseal dysplasia without hypotrichosis,snv_fora_do_painel,True,RMRP,29,14,0,0,0,,
OMIM:250620,3-hydroxyisobutryl-CoA hydrolase deficiency,snv_fora_do_painel,True,HIBCH,36,26,0,0,0,,
OMIM:250790,Methemoglobinemia and ambiguous genitalia,snv_fora_do_painel,True,CYB5A,3,3,0,0,0,,
OMIM:250800,Methemoglobinemia due to deficiency of methemoglobin reductase,snv_fora_do_painel,True,CYB5R3,16,13,0,0,0,,
OMIM:250850,Methionine adenosyltransferase I/III deficiency,snv_fora_do_painel,True,MAT1A,37,29,0,0,0,,
OMIM:250940,"Homocystinuria-megaloblastic anemia, cblG complementation type",snv_fora_do_painel,True,MTR,98,56,0,0,0,,
OMIM:250950,"3-methylglutaconic aciduria, type I",snv_fora_do_painel,True,AUH,27,16,0,0,0,,
OMIM:251000,"Methylmalonic aciduria, mut type",snv_fora_do_painel,True,MMUT,204,159,0,0,0,,
OMIM:251100,"Methylmalonic aciduria, vitamin B12-responsive, cblA type",snv_fora_do_painel,True,MMAA,106,58,0,0,0,,
OMIM:251110,"Methylmalonic aciduria, vitamin B12-responsive, cblB type",snv_fora_do_painel,True,MMAB,92,61,0,0,0,,
OMIM:251120,Methylmalonyl-Coa epimerase deficiency,snv_fora_do_painel,True,MCEE,9,4,0,0,0,,
OMIM:251200,"Microcephaly, primary autosomal recessive, 1",snv_fora_do_painel,True,MCPH1,68,37,0,0,0,,
OMIM:251230,Microcephaly-micromelia syndrome,snv_fora_do_painel,True,DONSON,6,4,0,0,0,,
OMIM:251255,Jawad syndrome,snv_fora_do_painel,True,RBBP8,4,2,0,0,0,,
OMIM:251260,Nijmegen breakage syndrome,snv_fora_do_painel,True,NBN,413,173,0,0,0,,
OMIM:251270,"Microcephaly and chorioretinopathy, autosomal recessive, 1",snv_fora_do_painel,True,TUBGCP6,30,14,0,0,0,,
OMIM:251280,"Microcephaly, seizures, spasticity, and brain calcifications",snv_fora_do_painel,True,PCDH12,18,10,0,0,0,,
OMIM:251290,Band-Like calcification with simplified gyration and polymicrogyria,snv_fora_do_painel,True,OCLN,15,8,0,0,0,,
OMIM:251300,Galloway-Mowat syndrome 1,snv_fora_do_painel,True,WDR73,28,15,0,0,0,,
OMIM:251450,Desbuquois dysplasia 1,snv_fora_do_painel,True,CANT1,34,20,0,0,0,,
OMIM:251750,"Microspherophakia and/or megalocornea, with ectopia lentis and with or without secondary glaucoma",snv_fora_do_painel,True,LTBP2,6,5,0,0,0,,
OMIM:251850,"Diarrhea 2, with microvillous atrophy",snv_fora_do_painel,True,MYO5B,46,33,0,0,0,,
OMIM:251880,Mitochondrial DNA depletion syndrome 3 (hepatocerebral type),snv_fora_do_painel,True,DGUOK,30,18,0,0,0,,
OMIM:251900,"Mitochondrial myopathy, episodic, with optic atrophy and reversible leukoencephalopathy",snv_fora_do_painel,True,FDX2,3,2,0,0,0,,
OMIM:251950,Mitochondrial myopathy with lactic acidosis,snv_fora_do_painel,True,PNPLA8,17,8,0,0,0,,
OMIM:252010,"Mitochondrial complex I deficiency, nuclear type 1",snv_fora_do_painel,True,NDUFS4,37,23,0,0,0,,
OMIM:252011,Mitochondrial complex II deficiency,snv_fora_do_painel,True,SDHA,220,117,0,0,0,,
OMIM:252100,Mohr syndrome,snv_fora_do_painel,True,NEK1,4,3,0,0,0,,
OMIM:252150,"Molybdenum cofactor deficiency, complementation group A",snv_fora_do_painel,True,MOCS1,76,33,0,0,0,,
OMIM:252160,"Molybdenum cofactor deficiency, complementation group B",snv_fora_do_painel,True,MOCS2,24,13,0,0,0,,
OMIM:252270,Myelodysplasia and leukemia syndrome with monosomy 7,snv_fora_do_painel,True,SAMD9L,5,4,0,0,0,,
OMIM:252500,Mucolipidosis II alpha/beta,snv_fora_do_painel,True,GNPTAB,325,142,0,0,0,,
OMIM:252600,Mucolipidosis III alpha/beta,snv_fora_do_painel,True,GNPTAB,278,133,0,0,0,,
OMIM:252605,Mucolipidosis III gamma,snv_fora_do_painel,True,GNPTG,79,43,0,0,0,,
OMIM:252650,Mucolipidosis IV,snv_fora_do_painel,True,MCOLN1,111,59,0,0,0,,
OMIM:252900,Mucopolysaccharidosis type IIIA,snv_fora_do_painel,True,SGSH,193,125,0,0,0,,
OMIM:252920,Mucopolysaccharidosis type IIIB,snv_fora_do_painel,True,NAGLU,261,167,0,0,0,,
OMIM:252930,Mucopolysaccharidosis type IIIC,snv_fora_do_painel,True,HGSNAT,155,90,0,0,0,,
OMIM:252940,"Mucopolysaccharidosis, type IIID",snv_fora_do_painel,True,GNS,74,34,0,0,0,,
OMIM:253000,Mucopolysaccharidosis IVA,snv_fora_do_painel,True,GALNS,304,223,0,0,0,,
OMIM:253010,Mucopolysaccharidosis type IVB (Morquio),snv_fora_do_painel,True,GLB1,266,189,0,0,0,,
OMIM:253200,"Mucopolysaccharidosis, type VI",snv_fora_do_painel,True,ARSB,239,163,0,0,0,,
OMIM:253220,Mucopolysaccharidosis VII,snv_fora_do_painel,True,GUSB,103,64,0,0,0,,
OMIM:253250,Mulibrey nanism,snv_fora_do_painel,True,TRIM37,41,26,0,0,0,,
OMIM:253260,"Biotinidase deficiencymultiple carboxylase deficiency, late-onset",snv_fora_do_painel,True,BTD,208,143,0,0,0,,
OMIM:253270,Holocarboxylase synthetase deficiency,snv_fora_do_painel,True,HLCS,137,70,0,0,0,,
OMIM:253280,"Muscular dystrophy-dystroglycanopathy (congenital with brain and eye anomalies), type A, 3",snv_fora_do_painel,True,POMGNT1,88,63,0,0,0,,
OMIM:253290,"Multiple pterygium syndrome, Lethal type",snv_fora_do_painel,True,CHRNA1;CHRND;CHRNG,105,61,0,0,0,,
OMIM:253300,"Spinal muscular atrophy, type I",snv_fora_do_painel,True,SMN1,24,14,0,0,0,,
OMIM:253310,Lethal congenital contracture syndrome 1,snv_fora_do_painel,True,GLE1,21,12,0,0,0,,
OMIM:253400,"Spinal muscular atrophy, type III",snv_fora_do_painel,True,SMN1;SMN2,16,14,0,0,0,,
OMIM:253550,"Spinal muscular atrophy, type II",snv_fora_do_painel,True,SMN1,13,8,0,0,0,,
OMIM:253600,"Muscular dystrophy, limb-girdle, type 2A",snv_fora_do_painel,True,CAPN3,406,246,0,0,0,,
OMIM:253601,"Muscular dystrophy, limb-girdle, type 2B",snv_fora_do_painel,True,DYSF,367,231,0,0,0,,
OMIM:253700,"Muscular dystrophy, limb-girdle, type 2C",snv_fora_do_painel,True,SGCG,89,48,0,0,0,,
OMIM:253800,"Muscular dystrophy-dystroglycanopathy (congenital with brain and eye anomalies), type A, 4",snv_fora_do_painel,True,FKTN,44,23,0,0,0,,
OMIM:254090,Ullrich congenital muscular dystrophy 1,snv_fora_do_painel,True,COL6A1,74,52,0,0,0,,
OMIM:254100,"Muscular dystrophy, congenital, with rapid progression",sem_snv,True,BET1,1,0,0,0,0,,
OMIM:254110,"Muscular dystrophy, limb-girdle, type 2H",snv_fora_do_painel,True,TRIM32,24,5,0,0,0,,
OMIM:254130,Miyoshi muscular dystrophy 1,snv_fora_do_painel,True,DYSF,278,179,0,0,0,,
OMIM:254210,"Myasthenic syndrome, congenital, 6, presynaptic",snv_fora_do_painel,True,CHAT,94,63,0,0,0,,
OMIM:254300,"Myasthenia, limb-girdle, familial",snv_fora_do_painel,True,DOK7,110,45,0,0,0,,
OMIM:254450,"Myelofibrosis with myeloid metaplasia, somatic",snv_fora_do_painel,True,CALR;JAK2;MPL;SH2B3,47,29,0,0,0,,
OMIM:254500,Multiple myeloma,snv_fora_do_painel,False,CCND1;LIG4,23,13,0,0,0,,
OMIM:254600,Myeloperoxidase deficiency,snv_fora_do_painel,True,MPO,13,10,0,0,0,,
OMIM:254770,"Myoclonic epilepsy, juvenile, susceptibility to, 1",sem_variante_patogenica,False,EFHC1,0,0,0,0,0,,
OMIM:254780,Myoclonic epilepsy of Lafora,snv_fora_do_painel,True,EPM2A,20,12,0,0,0,,
OMIM:254800,"Epilepsy, progressive myoclonic 1A (Unverricht and Lundborg)",snv_fora_do_painel,True,CSTB,13,12,0,0,0,,
OMIM:254900,"Epilepsy, progressive myoclonic, 4, with or without renal failure",snv_fora_do_painel,True,SCARB2,26,14,0,0,0,,
OMIM:254940,Carey-Fineman-Ziter syndrome,snv_fora_do_painel,True,MYMK,3,3,0,0,0,,
OMIM:255100,Lipid storage myopathy due to flavin adenine dinucleotide synthetase deficiency,snv_fora_do_painel,True,FLAD1,13,5,0,0,0,,
OMIM:255110,"Carnitine palmitoyltransferase II deficiency, myopathic, stress-induced",snv_fora_do_painel,True,CPT2,55,29,0,0,0,,
OMIM:255120,Carnitine palmitoyltransferase I deficiency,snv_fora_do_painel,True,CPT1A,131,79,0,0,0,,
OMIM:255125,"Myopathy with exercise intolerance, Swedish type",snv_fora_do_painel,True,ISCU,2,2,0,0,0,,
OMIM:255160,"Myopathy, myosin storage, autosomal recessive",snv_fora_do_painel,True,MYH7,21,20,0,0,0,,
OMIM:255200,"Myopathy, centronuclear, 2",snv_fora_do_painel,True,BIN1,7,6,0,0,0,,
OMIM:255300,"Myopathy, congenital",snv_fora_do_painel,True,CLCN1,16,15,0,0,0,,
OMIM:255310,"Myopathy, congenital, with fiber-type disproportion",snv_fora_do_painel,True,TPM3,18,13,0,0,0,,
OMIM:255320,Minicore myopathy with external ophthalmoplegia,snv_fora_do_painel,True,RYR1,116,81,0,0,0,,
OMIM:255600,"Myosclerosis, autosomal recessive",snv_fora_do_painel,True,COL6A2,8,6,0,0,0,,
OMIM:255700,"Myotonia congenita, autosomal recessive",snv_fora_do_painel,True,CLCN1,302,200,0,0,0,,
OMIM:255800,"Schwartz-jampel syndrome, type 1",snv_fora_do_painel,True,HSPG2,25,18,0,0,0,,
OMIM:255960,"Myxoma, intracardiac",snv_fora_do_painel,True,PRKAR1A,5,3,0,0,0,,
OMIM:255995,Congenital myopathy 13,snv_fora_do_painel,True,STAC3,14,7,0,0,0,,
OMIM:256020,Focal segmental glomerulosclerosis 10,snv_fora_do_painel,True,LMX1B,12,11,0,0,0,,
OMIM:256030,"Nemaline myopathy 2, autosomal recessive",snv_fora_do_painel,True,NEB,1285,648,0,0,0,,
OMIM:256040,Proteasome-associated autoinflammatory syndrome 1 and digenic forms,snv_fora_do_painel,True,PSMB8,8,7,0,0,0,,
OMIM:256050,"Atelosteogenesis, type II",snv_fora_do_painel,True,SLC26A2,150,52,0,0,0,,
OMIM:256100,Nephronophthisis 1,snv_fora_do_painel,True,NPHP1,47,26,0,0,0,,
OMIM:256300,"Nephrotic syndrome, type 1",snv_fora_do_painel,True,NPHS1,250,145,0,0,0,,
OMIM:256370,"Nephrotic syndrome, type 4",snv_fora_do_painel,True,WT1,26,26,0,0,0,,
OMIM:256450,"Hyperinsulinemic hypoglycemia, familial, 1",snv_fora_do_painel,True,ABCC8,171,132,0,0,0,,
OMIM:256500,Netherton syndrome,snv_fora_do_painel,True,SPINK5,60,34,0,0,0,,
OMIM:256520,Neu-Laxova syndrome 1,snv_fora_do_painel,True,PHGDH,27,19,0,0,0,,
OMIM:256540,Galactosialidosis,snv_fora_do_painel,True,CTSA,71,38,0,0,0,,
OMIM:256550,Neuraminidase deficiency,snv_fora_do_painel,True,NEU1,34,28,0,0,0,,
OMIM:256600,Neurodegeneration with brain iron accumulation 2A,snv_fora_do_painel,True,PLA2G6,122,83,0,0,0,,
OMIM:256700,"Neuroblastoma, susceptibility to",sem_variante_patogenica,False,KIF1B,0,0,0,0,0,,
OMIM:256730,"Ceroid lipofuscinosis, neuronal, 1",snv_fora_do_painel,True,PPT1,128,82,0,0,0,,
OMIM:256731,"Ceroid lipofuscinosis, neuronal, 5",snv_fora_do_painel,True,CLN5,80,36,0,0,0,,
OMIM:256800,"Insensitivity to pain, congenital, with anhidrosis",snv_fora_do_painel,True,NTRK1,187,104,0,0,0,,
OMIM:256810,Mitochondrial DNA depletion syndrome 6 (hepatocerebral type),snv_fora_do_painel,True,MPV17,44,31,0,0,0,,
OMIM:256840,"Neuropathy, hereditary sensory, with spastic paraplegia, autosomal recessive",snv_fora_do_painel,True,CCT5,1,1,0,0,0,,
OMIM:256850,"Giant axonal neuropathy 1, autosomal recessive",snv_fora_do_painel,True,GAN,51,33,0,0,0,,
OMIM:257200,"Niemann-Pick disease, type A",snv_fora_do_painel,True,SMPD1,330,203,0,0,0,,
OMIM:257220,"Niemann-pick disease, type C1",snv_fora_do_painel,True,NPC1,532,304,0,0,0,,
OMIM:257270,"Night blindness, congenital stationary, type 1B",snv_fora_do_painel,True,GRM6,14,8,0,0,0,,
OMIM:257300,Mosaic variegated aneuploidy syndrome 1,snv_fora_do_painel,True,BUB1B,76,41,0,0,0,,
OMIM:257320,Lissencephaly 2,snv_fora_do_painel,True,RELN,81,50,0,0,0,,
OMIM:257400,"Nystagmus, congenital motor, autosomal recessive",snv_fora_do_painel,True,ROBO1,1,1,0,0,0,,
OMIM:257850,"Oculodentodigital dysplasia, autosomal recessive",snv_fora_do_painel,True,GJA1,30,30,0,0,0,,
OMIM:257920,3MC syndrome 1,snv_fora_do_painel,True,MASP1,13,10,0,0,0,,
OMIM:257980,Odontoonychodermal dysplasia,snv_fora_do_painel,True,WNT10A,101,57,0,0,0,,
OMIM:258100,Oguchi disease 1,snv_fora_do_painel,True,SAG,8,7,0,0,0,,
OMIM:258150,Spermatogenic failure 1,snv_fora_do_painel,True,SYCP2,51,29,0,0,0,,
OMIM:258315,Omodysplasia 1,snv_fora_do_painel,True,GPC6,3,2,0,0,0,,
OMIM:258450,"Progressive external ophthalmoplegia with mitochondrial DNA deletions,autosomal recessive",snv_fora_do_painel,True,POLG,68,50,0,0,0,,
OMIM:258480,Opsismodysplasia,snv_fora_do_painel,True,INPPL1,25,15,0,0,0,,
OMIM:258501,"3-methylglutaconic aciduria, type III",snv_fora_do_painel,True,OPA3,26,14,0,0,0,,
OMIM:258660,"Nonarteritic anterior ischemic optic neuropathy, susceptibility to",snv_fora_do_painel,False,GP1BA,14,7,0,0,0,,
OMIM:258860,Orofaciodigital syndrome IV,snv_fora_do_painel,True,TCTN3,58,24,0,0,0,,
OMIM:258865,Orofaciodigital syndrome IX,snv_fora_do_painel,True,TBC1D32,4,2,0,0,0,,
OMIM:258870,Gyrate atrophy of choroid and retina with or without ornithinemia,snv_fora_do_painel,True,OAT,125,76,0,0,0,,
OMIM:258900,Orotic aciduria,sem_variante_patogenica,True,UMPS,0,0,0,0,0,,
OMIM:259050,Primrose syndrome,snv_fora_do_painel,True,ZBTB20,46,34,0,0,0,,
OMIM:259100,"Hypertrophic osteoarthropathy, primary, autosomal recessive 1",snv_fora_do_painel,True,HPGD,19,13,0,0,0,,
OMIM:259420,"Osteogenesis imperfecta, type III",snv_fora_do_painel,True,COL1A1;COL1A2,129,110,0,0,0,,
OMIM:259440,"Osteogenesis imperfecta, type IX",snv_fora_do_painel,True,PPIB,10,5,0,0,0,,
OMIM:259450,Bruck syndrome 1,snv_fora_do_painel,True,FKBP10,27,11,0,0,0,,
OMIM:259500,Osteosarcoma,snv_fora_do_painel,True,CHEK2;RB1;TP53,46,35,0,0,0,,
OMIM:259600,"Multicentric osteolysis, nodulosis, and arthropathy",snv_fora_do_painel,True,MMP2,11,7,0,0,0,,
OMIM:259680,Chronic recurrent multifocal osteomyelitis,snv_fora_do_painel,True,IL1R1,1,1,0,0,0,,
OMIM:259700,"Osteopetrosis, autosomal recessive 1",snv_fora_do_painel,True,TCIRG1,151,83,0,0,0,,
OMIM:259710,"Osteopetrosis, autosomal recessive 2",snv_fora_do_painel,True,TNFSF11,5,2,0,0,0,,
OMIM:259720,"Osteopetrosis, autosomal recessive 5",snv_fora_do_painel,True,OSTM1,9,7,0,0,0,,
OMIM:259730,"Osteopetrosis, autosomal recessive 3",snv_fora_do_painel,True,CA2,17,11,0,0,0,,
OMIM:259770,Osteoporosis-pseudoglioma syndrome,snv_fora_do_painel,True,LRP5,34,26,0,0,0,,
OMIM:259775,Raine syndrome,snv_fora_do_painel,True,FAM20C,16,14,0,0,0,,
OMIM:259900,"Hyperoxaluria, primary, type I",snv_fora_do_painel,True,AGXT,271,191,0,0,0,,
OMIM:260000,"Hyperoxaluria, primary, type II",snv_fora_do_painel,True,GRHPR,105,47,0,0,0,,
OMIM:260005,5-@oxoprolinase deficiency,snv_fora_do_painel,True,OPLAH,40,22,0,0,0,,
OMIM:260300,"Parkinson disease 15, autosomal recessive early-onset",snv_fora_do_painel,True,FBXO7,46,25,0,0,0,,
OMIM:260350,Pancreatic cancer,snv_fora_do_painel,True,ACVR1B;KRAS;SMAD4;STK11;TP53,37,13,0,0,0,,
OMIM:260370,"Pancreatic agenesis, congenital",snv_fora_do_painel,True,PDX1,6,5,0,0,0,,
OMIM:260400,Shwachman-Diamond syndrome 1,snv_fora_do_painel,True,DNAJC21;SBDS;SRP54,36,21,0,0,0,,
OMIM:260500,Papilloma of choroid plexus,sem_snv,False,TP53,1,0,0,0,0,,
OMIM:260540,"Supranuclear palsy, progressive atypical",snv_fora_do_painel,True,MAPT,5,4,0,0,0,,
OMIM:260565,Peho syndrome,snv_fora_do_painel,True,ZNHIT3,6,5,0,0,0,,
OMIM:260570,Immunodeficiency 108 with autoinflammation,snv_fora_do_painel,True,CEBPE,1,1,0,0,0,,
OMIM:260600,"Leukodystrophy, hypomyelinating, 3",snv_fora_do_painel,True,AIMP1,12,4,0,0,0,,
OMIM:260660,Cousin syndrome,sem_snv,True,TBX15,2,0,0,0,0,,
OMIM:260800,Pentosuria,sem_snv,True,DCXR,1,0,0,0,0,,
OMIM:260920,Hyper-Igd syndrome,snv_fora_do_painel,True,MVK,96,62,0,0,0,,
OMIM:261000,Intrinsic factor deficiency,snv_fora_do_painel,True,CBLIF,15,8,0,0,0,,
OMIM:261100,Megaloblastic anemia 1,snv_fora_do_painel,True,CUBN,110,63,0,0,0,,
OMIM:261500,Eosinophil peroxidase deficiency,sem_variante_patogenica,True,EPX,0,0,0,0,0,,
OMIM:261515,D-bifunctional protein deficiency,posicao_alelo_diferente,True,HSD17B4,174,101,1,0,0,,
OMIM:261540,Peters-plus syndrome,snv_fora_do_painel,True,B3GLCT,16,12,0,0,0,,
OMIM:261550,"Persistent mullerian duct syndrome, types I and II",snv_fora_do_painel,True,AMH;AMHR2,37,23,0,0,0,,
OMIM:261600,Phenylketonuria,alelo_patogenico_ensaiado,True,PAH,851,674,42,27,0,3,102831;576;577;580;581;582;584;587;588;589;591;593;595;596;599;605;607;608;610;612;613;625;636;92727;92731;92751;940659
OMIM:261630,"Hyperphenylalaninemia, bh4-deficient, C",snv_fora_do_painel,True,QDPR,55,45,0,0,0,,
OMIM:261640,"Hyperphenylalaninemia, BH4-deficient, A",snv_fora_do_painel,True,PTS,100,83,0,0,0,,
OMIM:261650,"Phosphoenolpyruvate carboxykinase 2, mitochondrial",sem_snv,True,PCK2,1,0,0,0,0,,
OMIM:261670,"Phosphoglycerate mutase, muscle, deficiency of",snv_fora_do_painel,True,PGAM2,11,6,0,0,0,,
OMIM:261680,"Phosphoenolpyruvate carboxykinase deficiency, cytosolic",snv_fora_do_painel,True,PCK1,5,4,0,0,0,,
OMIM:261740,"Glycogen storage disease of heart, lethal congenital",snv_fora_do_painel,True,PRKAG2,15,15,0,0,0,,
OMIM:261750,Glycogen storage disease type IXb,snv_fora_do_painel,True,PHKB,121,70,0,0,0,,
OMIM:261990,"Abnormal hair, joint laxity, and developmental delay",snv_fora_do_painel,True,HEPHL1,3,1,0,0,0,,
OMIM:262000,Bjornstad syndrome,snv_fora_do_painel,True,BCS1L,51,39,0,0,0,,
OMIM:262190,"Pineal hyperplasia, insulin-resistant diabetes mellitus, and somatic abnormalities",snv_fora_do_painel,True,INSR,11,8,0,0,0,,
OMIM:262300,Achromatopsia 3,posicao_alelo_diferente,True,CNGB3,145,90,1,0,0,,
OMIM:262400,"Growth hormone deficiency, isolated, type IA",snv_fora_do_painel,True,GH1,11,5,0,0,0,,
OMIM:262500,Laron syndrome,snv_fora_do_painel,True,GHR,26,21,0,0,0,,
OMIM:262600,"Pituitary hormone deficiency, combined, 2",alelo_patogenico_ensaiado,True,PROP1,75,54,1,1,0,3,576
OMIM:262650,Pituitary dwarfism IV,snv_fora_do_painel,True,GH1,4,4,0,0,0,,
OMIM:262700,"Pituitary hormone deficiency, combined, 4",snv_fora_do_painel,True,LHX4,7,5,0,0,0,,
OMIM:262850,Plasmin inhibitor deficiency,snv_fora_do_painel,True,SERPINF2,3,1,0,0,0,,
OMIM:262890,Scott syndrome,snv_fora_do_painel,True,ANO6,10,6,0,0,0,,
OMIM:263200,Polycystic kidney disease 4 with or without polycystic liver disease,snv_fora_do_painel,True,PKHD1,585,344,0,0,0,,
OMIM:263210,Gillessen-Kaesbach-Nishimura syndrome,snv_fora_do_painel,True,ALG9,17,13,0,0,0,,
OMIM:263300,Polycythemia vera,snv_fora_do_painel,True,JAK2,2,2,0,0,0,,
OMIM:263400,"Erythrocytosis, familial, 2",snv_fora_do_painel,True,VHL,237,172,0,0,0,,
OMIM:263520,Short-Rib thoracic dysplasia 6 with or without polydactyly,snv_fora_do_painel,True,NEK1,101,61,0,0,0,,
OMIM:263570,"Polyglucosan body neuropathy, adult form",snv_fora_do_painel,True,GBE1,34,28,0,0,0,,
OMIM:263650,"Popliteal pterygium syndrome, Bartsocas-Papas type 1",snv_fora_do_painel,True,RIPK4,6,4,0,0,0,,
OMIM:263700,"Porphyria, congenital erythropoietic",snv_fora_do_painel,True,UROS,23,22,0,0,0,,
OMIM:263750,Postaxial acrofacial dysostosis,snv_fora_do_painel,True,DHODH,12,10,0,0,0,,
OMIM:263800,Gitelman syndrome,snv_fora_do_painel,True,SLC12A3,329,222,0,0,0,,
OMIM:264070,"Hyperphenylalaninemia, BH4-deficient, D",snv_fora_do_painel,True,PCBD1,16,8,0,0,0,,
OMIM:264080,Progesterone resistance,sem_variante_patogenica,True,PGR,0,0,0,0,0,,
OMIM:264090,Wiedemann-Rautenstrauch syndrome,snv_fora_do_painel,True,POLR3A,28,22,0,0,0,,
OMIM:264300,"Pseudohermaphroditism, male, with gynecomastia",snv_fora_do_painel,True,HSD17B3,43,35,0,0,0,,
OMIM:264350,"Pseudohypoaldosteronism, type I, autosomal recessive",snv_fora_do_painel,True,SCNN1A,29,16,0,0,0,,
OMIM:264470,Peroxisomal acyl-CoA oxidase deficiency,snv_fora_do_painel,True,ACOX1,65,35,0,0,0,,
OMIM:264600,Pseudovaginal perineoscrotal hypospadias,alelo_patogenico_ensaiado,True,SRD5A2,89,67,1,1,0,2,3351
OMIM:264700,"Vitamin D hydroxylation-deficient rickets, type 1A",snv_fora_do_painel,True,CYP27B1,66,37,0,0,0,,
OMIM:264800,Pseudoxanthoma elasticum,snv_fora_do_painel,True,ABCC6;XYLT1;XYLT2,213,143,0,0,0,,
OMIM:265000,Escobar syndrome,snv_fora_do_painel,True,CHRNG,50,27,0,0,0,,
OMIM:265050,3MC syndrome 2,snv_fora_do_painel,True,COLEC11,8,6,0,0,0,,
OMIM:265100,Pulmonary alveolar microlithiasis,snv_fora_do_painel,True,SLC34A2,10,5,0,0,0,,
OMIM:265120,"Surfactant metabolism dysfunction, pulmonary, 1",snv_fora_do_painel,True,SFTPB,11,6,0,0,0,,
OMIM:265380,Alveolar capillary dysplasia with misalignment of pulmonary veins,snv_fora_do_painel,True,FOXF1,50,33,0,0,0,,
OMIM:265450,Pulmonary venoocclusive disease 1,snv_fora_do_painel,True,BMPR2,31,21,0,0,0,,
OMIM:265800,Pycnodysostosis,snv_fora_do_painel,True,CTSK,74,48,0,0,0,,
OMIM:265900,Pyle disease,snv_fora_do_painel,True,SFRP4,6,3,0,0,0,,
OMIM:266100,"Epilepsy, pyridoxine-dependent",snv_fora_do_painel,True,ALDH7A1,171,131,0,0,0,,
OMIM:266120,"Uridine 5-prime monophosphate hydrolase deficiency, hemolytic anemiadue to",snv_fora_do_painel,True,NT5C3A,14,9,0,0,0,,
OMIM:266130,Glutathione synthetase deficiency,snv_fora_do_painel,True,GSS,49,36,0,0,0,,
OMIM:266140,"Pyropoikilocytosis, hereditary",snv_fora_do_painel,True,SPTA1,14,12,0,0,0,,
OMIM:266150,Pyruvate carboxylase deficiency,snv_fora_do_painel,True,PC,113,57,0,0,0,,
OMIM:266200,Pyruvate kinase deficiency of red cells,snv_fora_do_painel,True,PKLR,48,41,0,0,0,,
OMIM:266265,"Congenital disorder of glycosylation, type IIc",snv_fora_do_painel,True,SLC35C1,10,7,0,0,0,,
OMIM:266280,RAPADILINO syndrome,snv_fora_do_painel,True,RECQL4,27,14,0,0,0,,
OMIM:266300,"SKIN/HAIR/EYE PIGMENTATION, VARIATION IN, 2",sem_snv,False,MC1R,1,0,0,0,0,,
OMIM:266500,Refsum disease,snv_fora_do_painel,True,PEX7;PHYH,26,17,0,0,0,,
OMIM:266510,Peroxisome biogenesis disorder 3B,snv_fora_do_painel,True,PEX12,36,16,0,0,0,,
OMIM:266600,"Inflammatory bowel disease 1, Crohn disease",snv_fora_do_painel,False,IL6;NOD2,2,2,0,0,0,,
OMIM:266900,Senior-Loken syndrome 1,snv_fora_do_painel,True,NPHP1,39,24,0,0,0,,
OMIM:266920,Short-rib thoracic dysplasia 9 with or without polydactyly,snv_fora_do_painel,True,IFT140,180,102,0,0,0,,
OMIM:267000,Perlman syndrome,snv_fora_do_painel,True,DIS3L2,82,40,0,0,0,,
OMIM:267010,"Meckel syndrome, type 7",snv_fora_do_painel,True,NPHP3,50,30,0,0,0,,
OMIM:267300,Distal renal tubular acidosis 2 with progressive sensorineural hearing loss,snv_fora_do_painel,True,ATP6V1B1,81,49,0,0,0,,
OMIM:267430,Renal tubular dysgenesis,snv_fora_do_painel,True,ACE;AGT;AGTR1;REN,55,34,0,0,0,,
OMIM:267500,Reticular dysgenesis,snv_fora_do_painel,True,AK2,27,16,0,0,0,,
OMIM:267750,"Knobloch syndrome, type 1",snv_fora_do_painel,True,COL18A1,25,8,0,0,0,,
OMIM:268000,Retinitis pigmentosa,snv_fora_do_painel,True,AIPL1;ARL6;CFAP418;CLRN1;CNGA1;CRX;LRAT;PDE6G;RBP3;ROM1,1104,732,0,0,0,,
OMIM:268100,Enhanced S-cone syndrome,snv_fora_do_painel,True,NR2E3,6,4,0,0,0,,
OMIM:268130,Revesz syndrome,snv_fora_do_painel,True,TINF2,3,2,0,0,0,,
OMIM:268150,"Anemia, hemolytic, Rh-null, Regulator type",snv_fora_do_painel,True,RHAG,8,6,0,0,0,,
OMIM:268200,"Myoglobinuria, acute recurrent, autosomal recessive",snv_fora_do_painel,True,LPIN1,29,15,0,0,0,,
OMIM:268210,Rhabdomyosarcoma 1,sem_variante_patogenica,True,SLC67A1,0,0,0,0,0,,
OMIM:268220,"Rhabdomyosarcoma 2, alveolar",snv_fora_do_painel,True,FOXO1;PAX3;PAX7,11,10,0,0,0,,
OMIM:268300,Roberts-SC phocomelia syndrome,snv_fora_do_painel,True,ESCO2,79,25,0,0,0,,
OMIM:268305,Robin sequence with cleft mandible and limb anomalies,snv_fora_do_painel,True,EIF4A3,1,1,0,0,0,,
OMIM:268310,"Robinow syndrome, autosomal recessive",snv_fora_do_painel,True,ROR2,32,23,0,0,0,,
OMIM:268315,"Rod-cone dystrophy, sensorineural deafness, and Fanconi-type renal dysfunction",snv_fora_do_painel,True,RRM2B,9,9,0,0,0,,
OMIM:268400,Rothmund-Thomson syndrome,snv_fora_do_painel,True,RECQL4,33,16,0,0,0,,
OMIM:268800,Sandhoff disease,snv_fora_do_painel,True,HEXB,195,88,0,0,0,,
OMIM:268900,SARCOSINEMIA,sem_snv,True,SARDH,1,0,0,0,0,,
OMIM:269150,Schinzel-Giedion midface-retraction syndrome,snv_fora_do_painel,True,SETBP1,21,17,0,0,0,,
OMIM:269160,SCHIZENCEPHALY,snv_fora_do_painel,True,EMX2;SIX3,5,4,0,0,0,,
OMIM:269250,Schneckenbecken dysplasia,snv_fora_do_painel,True,SLC35D1,14,9,0,0,0,,
OMIM:269400,Corneal opacification with other ocular anomalies,snv_fora_do_painel,True,PXDN,24,11,0,0,0,,
OMIM:269500,Sclerosteosis 1,snv_fora_do_painel,True,SOST,5,4,0,0,0,,
OMIM:269600,Sea-Blue histiocyte disease,sem_snv,True,APOE,1,0,0,0,0,,
OMIM:269700,"Lipodystrophy, congenital generalized, type 2",snv_fora_do_painel,True,BSCL2,32,17,0,0,0,,
OMIM:269840,Immunodeficiency 48,snv_fora_do_painel,True,ZAP70,30,19,0,0,0,,
OMIM:269880,Short syndrome,snv_fora_do_painel,True,PIK3R1,43,27,0,0,0,,
OMIM:269920,Infantile sialic acid storage disease,snv_fora_do_painel,True,SLC17A5,47,29,0,0,0,,
OMIM:269921,Sialuria,snv_fora_do_painel,True,GNE,127,79,0,0,0,,
OMIM:270100,"Heterotaxy, visceral, 5",snv_fora_do_painel,True,NODAL,13,7,0,0,0,,
OMIM:270200,Sjogren-Larsson syndrome,snv_fora_do_painel,True,ALDH3A2,105,55,0,0,0,,
OMIM:270300,Peeling skin syndrome 1,snv_fora_do_painel,True,CDSN,5,2,0,0,0,,
OMIM:270400,Smith-Lemli-Opitz syndrome,snv_fora_do_painel,True,DHCR7,278,198,0,0,0,,
OMIM:270420,"Diarrhea 3, secretory sodium, congenital, with or without other congenital anomalies",snv_fora_do_painel,True,SPINT2,11,9,0,0,0,,
OMIM:270450,"Insulin-Like growth factor I, resistance to",snv_fora_do_painel,True,IGF1R,35,21,0,0,0,,
OMIM:270550,"Spastic ataxia, Charlevoix-Saguenay type",snv_fora_do_painel,True,SACS,495,190,0,0,0,,
OMIM:270685,Spastic paraplegia 17,snv_fora_do_painel,True,BSCL2,15,9,0,0,0,,
OMIM:270700,"Spastic paraplegia 15, autosomal recessive",snv_fora_do_painel,True,ZFYVE26,117,71,0,0,0,,
OMIM:270750,Spastic paraplegia 23,sem_snv,True,DSTYK,1,0,0,0,0,,
OMIM:270800,"Spastic paraplegia 5A, autosomal recessive",snv_fora_do_painel,True,CYP7B1,29,23,0,0,0,,
OMIM:270960,Spermatogenic failure 4,snv_fora_do_painel,True,SYCP3,4,3,0,0,0,,
OMIM:270970,"Spherocytosis, autosomal recessive",snv_fora_do_painel,True,SPTA1,27,22,0,0,0,,
OMIM:271150,"Spinal muscular atrophy, type IV",snv_fora_do_painel,True,SMN1,2,1,0,0,0,,
OMIM:271245,Mitochondrial DNA depletion syndrome 7 (hepatocerebral type),snv_fora_do_painel,True,TWNK,20,16,0,0,0,,
OMIM:271400,"Asplenia, isolated congenital",snv_fora_do_painel,True,RPSA,9,7,0,0,0,,
OMIM:271510,"Spondyloepimetaphyseal dysplasia, sponastrime type",snv_fora_do_painel,True,TONSL,26,12,0,0,0,,
OMIM:271640,"Spondyloepimetaphyseal dysplasia with joint laxity, type 1, with or without fractures",snv_fora_do_painel,True,B3GALT6,9,9,0,0,0,,
OMIM:271665,"Spondylometaepiphyseal dysplasia, short Limb-Hand type",snv_fora_do_painel,True,DDR2,8,8,0,0,0,,
OMIM:271700,Spondyloperipheral dysplasia,snv_fora_do_painel,True,COL2A1,20,18,0,0,0,,
OMIM:271900,Canavan disease,alelo_patogenico_ensaiado,True,ASPA,161,106,3,2,0,2,2605;2607
OMIM:271930,"Striatonigral degeneration, infantile",snv_fora_do_painel,True,NUP62,1,1,0,0,0,,
OMIM:271980,Succinic semialdehyde dehydrogenase deficiency,snv_fora_do_painel,True,ALDH5A1,140,87,0,0,0,,
OMIM:272120,Sudden infant death syndrome,snv_fora_do_painel,False,SCN5A,14,11,0,0,0,,
OMIM:272200,Multiple sulfatase deficiency,snv_fora_do_painel,True,SUMF1,130,85,0,0,0,,
OMIM:272300,SULFOCYSTEINURIA,snv_fora_do_painel,True,SUOX,74,34,0,0,0,,
OMIM:272430,Crisponi/cold-induced sweating syndrome 1,snv_fora_do_painel,True,CRLF1,27,14,0,0,0,,
OMIM:272440,Filippi syndrome,snv_fora_do_painel,True,CKAP2L,17,5,0,0,0,,
OMIM:272460,Spondylocarpotarsal synostosis syndrome,snv_fora_do_painel,True,FLNB,36,18,0,0,0,,
OMIM:272750,"GM2-gangliosidosis, AB variant",snv_fora_do_painel,True,GM2A,17,8,0,0,0,,
OMIM:272800,Tay-Sachs disease,snv_fora_do_painel,True,HEXA,296,183,0,0,0,,
OMIM:273250,"46, XY sex reversal 11",snv_fora_do_painel,True,DHX37,6,6,0,0,0,,
OMIM:273300,"Testicular tumor, somatic",snv_fora_do_painel,True,BCL10;FGFR3;KIT;STK11,10,6,0,0,0,,
OMIM:273395,"Tetraamelia, autosomal recessive",snv_fora_do_painel,True,WNT3,1,1,0,0,0,,
OMIM:273750,3-M syndrome 1,snv_fora_do_painel,True,CUL7,70,37,0,0,0,,
OMIM:273800,Glanzmann thrombasthenia,snv_fora_do_painel,True,ITGA2B,70,50,0,0,0,,
OMIM:273900,Thrombocytopenia 3,snv_fora_do_painel,True,FYB1,2,1,0,0,0,,
OMIM:274000,Thrombocytopenia-absent radius syndrome,snv_fora_do_painel,True,RBM8A,8,5,0,0,0,,
OMIM:274150,"Thrombotic thrombocytopenic purpura, hereditary",snv_fora_do_painel,True,ADAMTS13,69,50,0,0,0,,
OMIM:274270,Dihydropyrimidine dehydrogenase deficiency,snv_fora_do_painel,True,DPYD,43,30,0,0,0,,
OMIM:274300,"Thyroid hormone resistance, generalized, autosomal recessive",snv_fora_do_painel,True,THRB,5,4,0,0,0,,
OMIM:274400,"Thyroid hormonogenesis, genetic defect in, 1",snv_fora_do_painel,True,SLC5A5,28,20,0,0,0,,
OMIM:274500,"Thyroid hormonogenesis, genetic defect in, 2A",snv_fora_do_painel,True,TPO,59,37,0,0,0,,
OMIM:274600,Pendred syndrome,snv_fora_do_painel,True,FOXI1;KCNJ10;SLC26A4,294,232,0,0,0,,
OMIM:274700,Thyroid dyshormonogenesis 3,snv_fora_do_painel,True,TG,82,58,0,0,0,,
OMIM:274800,"Thyroid hormonogenesis, genetic defect in, 4",snv_fora_do_painel,True,IYD,8,5,0,0,0,,
OMIM:274900,"Thyroid hormonogenesis, genetic defect in, 5",snv_fora_do_painel,True,DUOXA2,26,17,0,0,0,,
OMIM:275100,"Hypothyroidism, congenital, nongoitrous, 4",snv_fora_do_painel,True,TSHB,9,5,0,0,0,,
OMIM:275200,"Hypothyroidism, congenital, nongoitrous, 1",snv_fora_do_painel,True,TSHR,46,35,0,0,0,,
OMIM:275210,Restrictive dermopathy 1,snv_fora_do_painel,True,ZMPSTE24,4,1,0,0,0,,
OMIM:275350,Transcobalamin II deficiency,snv_fora_do_painel,True,TCN2,65,28,0,0,0,,
OMIM:275355,"Squamous cell carcinoma, head and neck",snv_fora_do_painel,True,ING1;TNFRSF10B,18,15,0,0,0,,
OMIM:275400,Oliver-McFarlane syndrome,snv_fora_do_painel,True,PNPLA6,8,7,0,0,0,,
OMIM:275630,Chanarin-Dorfman syndrome,snv_fora_do_painel,True,ABHD5,21,15,0,0,0,,
OMIM:275900,"Spastic paraplegia 20, autosomal recessive",snv_fora_do_painel,True,SPART,13,6,0,0,0,,
OMIM:276300,Mismatch repair cancer syndrome 1,snv_fora_do_painel,True,MLH1,91,59,0,0,0,,
OMIM:276600,Tyrosine transaminase deficiency,snv_fora_do_painel,True,TAT,45,28,0,0,0,,
OMIM:276700,"Tyrosinemia, type I",snv_fora_do_painel,True,FAH,145,100,0,0,0,,
OMIM:276710,"Tyrosinemia, type III",snv_fora_do_painel,True,HPD,38,18,0,0,0,,
OMIM:276820,"Ulna and fibula, absence of, with severe limb deficiency",snv_fora_do_painel,True,WNT7A,7,7,0,0,0,,
OMIM:276880,Urocanase deficiency,snv_fora_do_painel,True,UROC1,5,3,0,0,0,,
OMIM:276900,"Usher syndrome, type I",posicao_alelo_diferente,True,MYO7A;USH1C,420,287,1,0,0,,
OMIM:276901,"Usher syndrome, type IIA",snv_fora_do_painel,True,PDZD7;USH2A,842,540,0,0,0,,
OMIM:276902,"Usher syndrome, type IIIA",snv_fora_do_painel,True,CLRN1,34,22,0,0,0,,
OMIM:276904,"Usher syndrome, type IC",snv_fora_do_painel,True,USH1C,83,46,0,0,0,,
OMIM:277170,Orofaciodigital syndrome VI,snv_fora_do_painel,True,CPLANE1,122,69,0,0,0,,
OMIM:277180,"Vas deferens, congenital bilateral aplasia of",snv_fora_do_painel,True,CFTR,272,193,0,0,0,,
OMIM:277300,"Spondylocostal dysostosis, autosomal recessive 1",snv_fora_do_painel,True,DLL3;MESP2,31,12,0,0,0,,
OMIM:277380,"Methylmalonic aciduria and homocystinuria, Cblf type",snv_fora_do_painel,True,LMBRD1,57,29,0,0,0,,
OMIM:277400,"Methylmalonic aciduria and homocystinuria, cblC type",snv_fora_do_painel,True,MMACHC;PRDX1,185,96,0,0,0,,
OMIM:277410,"Methylmalonic aciduria and homocystinuria, cblD type",snv_fora_do_painel,True,MMADHC,62,33,0,0,0,,
OMIM:277440,"Rickets, vitamin D-resistant, type IIA",snv_fora_do_painel,True,VDR,29,27,0,0,0,,
OMIM:277450,"VITAMIN K-DEPENDENT CLOTTING FACTORS, COMBINED DEFICIENCY OF, 1",snv_fora_do_painel,True,GGCX,15,13,0,0,0,,
OMIM:277460,Ataxia with isolated vitamin E deficiency,snv_fora_do_painel,True,TTPA,45,21,0,0,0,,
OMIM:277470,"Pontocerebellar hypoplasia, type 2A",snv_fora_do_painel,True,TSEN54,18,8,0,0,0,,
OMIM:277480,"von Willebrand disease, type 3",snv_fora_do_painel,True,VWF,132,80,0,0,0,,
OMIM:277580,Waardenburg-Shah syndrome,snv_fora_do_painel,True,EDNRB,18,13,0,0,0,,
OMIM:277590,Weaver syndrome,snv_fora_do_painel,True,EZH2,27,22,0,0,0,,
OMIM:277600,Weill-Marchesani syndrome 1,snv_fora_do_painel,True,ADAMTS10,12,10,0,0,0,,
OMIM:277700,Werner syndrome,snv_fora_do_painel,True,WRN,372,196,0,0,0,,
OMIM:277900,Wilson disease,snv_fora_do_painel,True,ATP7B,716,385,0,0,0,,
OMIM:277950,Winchester syndrome,snv_fora_do_painel,True,MMP14,2,2,0,0,0,,
OMIM:278000,Lysosomal acid lipase deficiency,snv_fora_do_painel,True,LIPA,49,31,0,0,0,,
OMIM:278150,Hypotrichosis 8,snv_fora_do_painel,True,LPAR6,13,8,0,0,0,,
OMIM:278250,Wrinkly skin syndrome,snv_fora_do_painel,True,ATP6V0A2,18,12,0,0,0,,
OMIM:278300,"Xanthinuria, type I",snv_fora_do_painel,True,XDH,36,25,0,0,0,,
OMIM:278700,"Xeroderma pigmentosum, complementation group A",snv_fora_do_painel,True,XPA,56,26,0,0,0,,
OMIM:278720,"Xeroderma pigmentosum, group C",snv_fora_do_painel,True,XPC,100,55,0,0,0,,
OMIM:278730,"Xeroderma pigmentosum, complementation group D",snv_fora_do_painel,True,ERCC2,65,39,0,0,0,,
OMIM:278740,"Xeroderma pigmentosum, complementation group E",snv_fora_do_painel,True,DDB2,10,7,0,0,0,,
OMIM:278750,"Xeroderma pigmentosum, variant type",snv_fora_do_painel,True,POLH,27,16,0,0,0,,
OMIM:278760,"Xeroderma pigmentosum, complementation group F",snv_fora_do_painel,True,ERCC4,48,25,0,0,0,,
OMIM:278780,"Xeroderma pigmentosum, complementation group G",snv_fora_do_painel,True,ERCC5,29,16,0,0,0,,
OMIM:278800,De Sanctis-Cacchione syndrome,snv_fora_do_painel,True,ERCC6,45,30,0,0,0,,
OMIM:278850,"46,XX sex reversal 2",sem_variante_patogenica,True,SOX9,0,0,0,0,0,,
OMIM:279000,Young syndrome,snv_fora_do_painel,True,CFAP221,6,2,0,0,0,,
OMIM:280000,CHIME syndrome,snv_fora_do_painel,True,PIGL,11,8,0,0,0,,
OMIM:300000,Opitz GBBB syndrome,snv_fora_do_painel,True,MID1,42,23,0,0,0,,
OMIM:300004,"Corpus callosum, agenesis of, with abnormal genitalia",snv_fora_do_painel,True,ARX,12,6,0,0,0,,
OMIM:300009,Dent disease 1,snv_fora_do_painel,True,CLCN5,86,60,0,0,0,,
OMIM:300018,Dosage-Sensitive sex reversal,snv_fora_do_painel,True,NR0B1,37,17,0,0,0,,
OMIM:300029,Retinitis pigmentosa 3,snv_fora_do_painel,True,RPGR,213,74,0,0,0,,
OMIM:300048,"Intestinal pseudoobstruction, neuronal, chronic idiopathic, X-linked",snv_fora_do_painel,True,FLNA,3,1,0,0,0,,
OMIM:300049,"Heterotopia, periventricular, X-linked dominant",snv_fora_do_painel,True,FLNA,201,103,0,0,0,,
OMIM:300055,"Intellectual developmental disorder, X-linked syndromic 13",snv_fora_do_painel,True,MECP2,51,26,0,0,0,,
OMIM:300066,"Deafness, X-linked 4",snv_fora_do_painel,True,SMPX,11,7,0,0,0,,
OMIM:300067,"Lissencephaly, X-linked, 1",snv_fora_do_painel,True,DCX,40,32,0,0,0,,
OMIM:300068,Androgen insensitivity syndrome,snv_fora_do_painel,True,AR,267,190,0,0,0,,
OMIM:300071,"Night blindness, congenital stationary, type 2A",snv_fora_do_painel,True,CACNA1F,28,14,0,0,0,,
OMIM:300088,"Epileptic encephalopathy, early infantile, 9",snv_fora_do_painel,True,PCDH19,320,175,0,0,0,,
OMIM:300100,Adrenoleukodystrophy,snv_fora_do_painel,True,ABCD1,426,285,0,0,0,,
OMIM:300106,"Spondyloepimetaphyseal dysplasia, X-linked",snv_fora_do_painel,True,BGN,5,5,0,0,0,,
OMIM:300114,Raynaud-Claes syndrome,snv_fora_do_painel,True,CLCN4,30,22,0,0,0,,
OMIM:300115,"Intellectual developmental disorder, X-linked 50",snv_fora_do_painel,True,SYN1,7,5,0,0,0,,
OMIM:300123,"Intellectual developmental disorder, X-linked, with isolated growth hormone deficiency",snv_fora_do_painel,True,SOX3,1,1,0,0,0,,
OMIM:300143,"Intellectual developmental disorder, X-linked 21",snv_fora_do_painel,True,IL1RAPL1,14,7,0,0,0,,
OMIM:300148,Mehmo syndrome,snv_fora_do_painel,True,EIF2S3,8,7,0,0,0,,
OMIM:300166,"Microphthalmia, syndromic 2",snv_fora_do_painel,True,BCOR,77,29,0,0,0,,
OMIM:300200,"Adrenal hypoplasia, congenital",snv_fora_do_painel,True,NR0B1,101,57,0,0,0,,
OMIM:300209,"Simpson-Golabi-Behmel syndrome, type 2",snv_fora_do_painel,True,OFD1,13,5,0,0,0,,
OMIM:300210,"Intellectual developmental disorder, X-linked 58",snv_fora_do_painel,True,TSPAN7,4,2,0,0,0,,
OMIM:300215,"Lissencephaly, X-linked, 2",snv_fora_do_painel,True,ARX,46,16,0,0,0,,
OMIM:300232,"Spondyloepimetaphyseal dysplasia, X-linked, with mental deterioration",snv_fora_do_painel,True,AIFM1,5,5,0,0,0,,
OMIM:300238,"Intellectual developmental disorder, X-linked syndromic, Shashi type",sem_snv,True,RBMX,1,0,0,0,0,,
OMIM:300243,"Intellectual developmental disorder, X-linked syndromic, Christianson type",snv_fora_do_painel,True,SLC9A6,49,24,0,0,0,,
OMIM:300244,Terminal osseous dysplasia,snv_fora_do_painel,True,FLNA,1,1,0,0,0,,
OMIM:300257,Danon disease,snv_fora_do_painel,True,LAMP2,111,51,0,0,0,,
OMIM:300260,"Intellectual developmental disorder, X-linked syndromic, Lubs type",snv_fora_do_painel,True,MECP2,29,19,0,0,0,,
OMIM:300261,"Intellectual developmental disorder, X-linked syndromic, Armfield type",snv_fora_do_painel,True,FAM50A,3,3,0,0,0,,
OMIM:300263,"Intellectual developmental disorder, X-linked syndromic, Siderius type",snv_fora_do_painel,True,PHF8,15,11,0,0,0,,
OMIM:300271,"Intellectual developmental disorder, X-linked 72",snv_fora_do_painel,True,RAB39B,5,3,0,0,0,,
OMIM:300280,Uruguay faciocardiomusculoskeletal syndrome,snv_fora_do_painel,True,FHL1,3,3,0,0,0,,
OMIM:300291,Ectodermal dysplasia and immunodeficiency 1,snv_fora_do_painel,True,IKBKG,13,9,0,0,0,,
OMIM:300299,"Neutropenia, severe congenital, X-linked",snv_fora_do_painel,True,WAS,116,68,0,0,0,,
OMIM:300310,Immunodeficiency 61,sem_variante_patogenica,True,SH3KBP1,0,0,0,0,0,,
OMIM:300321,Fg syndrome 2,sem_snv,True,FLNA,1,0,0,0,0,,
OMIM:300322,Lesch-Nyhan syndrome,snv_fora_do_painel,True,HPRT1,85,58,0,0,0,,
OMIM:300323,"Gout, hprt-related",snv_fora_do_painel,True,HPRT1,56,40,0,0,0,,
OMIM:300352,Cerebral creatine deficiency syndrome 1,snv_fora_do_painel,True,SLC6A8,167,80,0,0,0,,
OMIM:300354,"Intellectual developmental disorder, X-linked syndromic, Cabezas type",snv_fora_do_painel,True,CUL4B,33,15,0,0,0,,
OMIM:300367,"Thrombocytopenia, X-linked, with or without dyserythropoietic anemia",snv_fora_do_painel,True,GATA1,13,11,0,0,0,,
OMIM:300373,Osteopathia striata with cranial sclerosis,snv_fora_do_painel,True,AMER1,22,13,0,0,0,,
OMIM:300376,"Muscular dystrophy, Becker type",snv_fora_do_painel,True,DMD,207,140,0,0,0,,
OMIM:300387,"Intellectual developmental disorder, X-linked 63",snv_fora_do_painel,True,ACSL4,8,4,0,0,0,,
OMIM:300400,"Severe combined immunodeficiency, X-linked",snv_fora_do_painel,True,IL2RG,134,99,0,0,0,,
OMIM:300419,"Intellectual developmental disorder, X-linked 29",snv_fora_do_painel,True,ARX,51,20,0,0,0,,
OMIM:300422,Fg syndrome 4,snv_fora_do_painel,True,CASK,17,16,0,0,0,,
OMIM:300423,"Intellectual developmental disorder, X-linked syndromic, Hedera type",snv_fora_do_painel,True,ATP6AP2,4,3,0,0,0,,
OMIM:300424,Retinitis pigmentosa 23,snv_fora_do_painel,True,OFD1,8,3,0,0,0,,
OMIM:300425,"Autism susceptibility, X-linked 1",snv_fora_do_painel,False,NLGN3,5,4,0,0,0,,
OMIM:300438,HSD10 mitochondrial disease,snv_fora_do_painel,True,HSD17B10,15,15,0,0,0,,
OMIM:300448,Alpha-Thalassemia myelodysplasia syndrome,snv_fora_do_painel,True,ATRX,7,7,0,0,0,,
OMIM:300455,"Retinitis pigmentosa, X-linked, and sinorespiratory infections, withor without deafness",snv_fora_do_painel,True,RPGR,13,7,0,0,0,,
OMIM:300472,"Corpus callosum, agenesis of, with impaired intellectual development, ocular coloboma and micrognathia",sem_snv,True,IGBP1,1,0,0,0,0,,
OMIM:300475,"Deafness, dystonia, and cerebral hypomyelination",snv_fora_do_painel,True,BCAP31,8,5,0,0,0,,
OMIM:300476,"Cone-Rod dystrophy, X-linked, 3",snv_fora_do_painel,True,CACNA1F,17,11,0,0,0,,
OMIM:300486,"Intellectual developmental disorder, X-linked syndromic, Billuart type",snv_fora_do_painel,True,OPHN1,45,28,0,0,0,,
OMIM:300489,"Spinal muscular atrophy, distal, X-linked 3",snv_fora_do_painel,True,ATP7A,66,46,0,0,0,,
OMIM:300491,"Epilepsy, X-linked, with variable learning disabilities and behavior disorders",snv_fora_do_painel,True,SYN1,53,21,0,0,0,,
OMIM:300495,"Autism, susceptibility to, X-linked 2",snv_fora_do_painel,False,NLGN4X,4,2,0,0,0,,
OMIM:300496,"Autism susceptibility, X-linked 3",snv_fora_do_painel,False,MECP2,24,14,0,0,0,,
OMIM:300500,"Albinism, ocular, type I",snv_fora_do_painel,True,GPR143,30,20,0,0,0,,
OMIM:300510,Ovarian dysgenesis 2,snv_fora_do_painel,True,BMP15,7,5,0,0,0,,
OMIM:300511,Premature ovarian failure 2A,sem_variante_patogenica,True,DIAPH2,0,0,0,0,0,,
OMIM:300514,"Fanconi anemia, complementation group B",snv_fora_do_painel,True,FANCB,18,8,0,0,0,,
OMIM:300523,Allan-Herndon-Dudley syndrome,snv_fora_do_painel,True,SLC16A2,65,39,0,0,0,,
OMIM:300534,"Intellectual developmental disorder, X-linked syndromic, Claes-Jensen type",snv_fora_do_painel,True,KDM5C,94,60,0,0,0,,
OMIM:300539,Nephrogenic syndrome of inappropriate antidiuresis,snv_fora_do_painel,True,AVPR2,15,10,0,0,0,,
OMIM:300554,"Hypophosphatemic rickets, X-linked recessive",snv_fora_do_painel,True,CLCN5,37,28,0,0,0,,
OMIM:300555,Dent disease 2,snv_fora_do_painel,True,OCRL,31,24,0,0,0,,
OMIM:300558,"Intellectual developmental disorder, X-linked 30",snv_fora_do_painel,True,PAK3,16,15,0,0,0,,
OMIM:300559,"Muscle glycogenosis, X-linked",snv_fora_do_painel,True,PHKA1,40,31,0,0,0,,
OMIM:300582,"Short stature, idiopathic familial",snv_fora_do_painel,True,SHOX,5,5,0,0,0,,
OMIM:300590,Cornelia de Lange syndrome 2,snv_fora_do_painel,True,SMC1A,145,98,0,0,0,,
OMIM:300600,Aland island eye disease,snv_fora_do_painel,True,CACNA1F,14,6,0,0,0,,
OMIM:300604,Premature ovarian failure 2B,sem_variante_patogenica,True,POF1B,0,0,0,0,0,,
OMIM:300607,Developmental and epileptic encephalopathy 8,snv_fora_do_painel,True,ARHGEF9,35,27,0,0,0,,
OMIM:300614,"Deafness, X-linked 5",snv_fora_do_painel,True,AIFM1,11,11,0,0,0,,
OMIM:300615,Brunner syndrome,alelo_patogenico_ensaiado,True,MAOA,12,7,1,1,0,0,9967
OMIM:300622,Tn polyagglutination syndrome,snv_fora_do_painel,True,C1GALT1C1,2,2,0,0,0,,
OMIM:300623,Fragile X tremor/ataxia syndrome,sem_snv,True,FMR1,1,0,0,0,0,,
OMIM:300624,Fragile X syndrome,snv_fora_do_painel,True,FMR1,8,4,0,0,0,,
OMIM:300633,"Hypospadias 1, X-linked",snv_fora_do_painel,True,AR,7,6,0,0,0,,
OMIM:300635,"Lymphoproliferative syndrome, X-linked, 2",snv_fora_do_painel,True,XIAP,61,30,0,0,0,,
OMIM:300636,Immunodeficiency 33,snv_fora_do_painel,True,IKBKG,10,6,0,0,0,,
OMIM:300643,"Rolandic epilepsy, impaired intellectual development, and speech dyspraxia",sem_variante_patogenica,True,SRPX2,0,0,0,0,0,,
OMIM:300645,"Atypical mycobacteriosis, familial, X-linked 2",snv_fora_do_painel,True,CYBB,6,4,0,0,0,,
OMIM:300653,Phosphoglycerate kinase 1 deficiency,snv_fora_do_painel,True,PGK1,12,11,0,0,0,,
OMIM:300659,"Intellectual developmental disorder, X-linked 93",snv_fora_do_painel,True,BRWD3,33,23,0,0,0,,
OMIM:300661,Phosphoribosylpyrophosphate synthetase superactivity,snv_fora_do_painel,True,PRPS1,10,10,0,0,0,,
OMIM:300672,Developmental and epileptic encephalopathy 2,snv_fora_do_painel,True,CDKL5,363,198,0,0,0,,
OMIM:300673,"Encephalopathy, neonatal severe, due to mecp2 mutations",snv_fora_do_painel,True,MECP2,231,84,0,0,0,,
OMIM:300676,"Intellectual developmental disorder, X-linked syndromic 14",snv_fora_do_painel,True,UPF3B,21,7,0,0,0,,
OMIM:300695,"Scapuloperoneal myopathy, X-linked dominant",snv_fora_do_painel,True,FHL1,6,4,0,0,0,,
OMIM:300696,"Myopathy, X-linked, with postural muscle atrophy",snv_fora_do_painel,True,FHL1,76,38,0,0,0,,
OMIM:300699,"Intellectual developmental disorder, X-linked syndromic, Wu type",snv_fora_do_painel,True,GRIA3,19,16,0,0,0,,
OMIM:300707,STAR syndrome,snv_fora_do_painel,True,CCNQ,7,5,0,0,0,,
OMIM:300717,"Myopathy, reducing body, X-linked, early-onset, severe",snv_fora_do_painel,True,FHL1,10,8,0,0,0,,
OMIM:300718,"Myopathy, reducing body, X-linked, childhood-onset",snv_fora_do_painel,True,FHL1,8,6,0,0,0,,
OMIM:300749,Intellectual developmental disorder and microcephaly with pontine and cerebellar hypoplasia,snv_fora_do_painel,True,CASK,95,62,0,0,0,,
OMIM:300751,"Anemia, sideroblastic, X-linked",snv_fora_do_painel,True,ALAS2,24,24,0,0,0,,
OMIM:300752,"Protoporphyria, erythropoietic, X-linked",snv_fora_do_painel,True,ALAS2,5,2,0,0,0,,
OMIM:300755,"Agammaglobulinemia, X-linked",snv_fora_do_painel,True,BTK,130,91,0,0,0,,
OMIM:300758,"Hypospadias 2, X-linked",snv_fora_do_painel,True,MAMLD1,4,4,0,0,0,,
OMIM:300770,"Surfactant metabolism dysfunction, pulmonary, 4",snv_fora_do_painel,True,CSF2RA,23,15,0,0,0,,
OMIM:300799,"Intellectual developmental disorder, X-linked syndromic, Raymond type",snv_fora_do_painel,True,ZDHHC9,15,12,0,0,0,,
OMIM:300802,"Intellectual developmental disorder, X-linked 96",snv_fora_do_painel,True,SYP,7,3,0,0,0,,
OMIM:300803,"Intellectual developmental disorder, X-linked 97",snv_fora_do_painel,True,ZNF711,9,3,0,0,0,,
OMIM:300804,Joubert syndrome 10,snv_fora_do_painel,True,OFD1,19,9,0,0,0,,
OMIM:300807,"Thrombophilia, X-linked, due to factor IX defect",snv_fora_do_painel,True,F9,111,102,0,0,0,,
OMIM:300813,"Sarcoma, synovial",snv_fora_do_painel,True,SSX1,2,2,0,0,0,,
OMIM:300814,"Nystagmus 6, congenital, X-linked",snv_fora_do_painel,True,GPR143,11,6,0,0,0,,
OMIM:300816,Combined oxidative phosphorylation deficiency 6,snv_fora_do_painel,True,AIFM1,7,6,0,0,0,,
OMIM:300818,Paroxysmal nocturnal hemoglobinuria,snv_fora_do_painel,True,PIGA,5,5,0,0,0,,
OMIM:300830,"Autism, susceptibility to, X-linked 4",snv_fora_do_painel,False,PTCHD1,8,4,0,0,0,,
OMIM:300831,CK syndrome,sem_snv,True,NSDHL,2,0,0,0,0,,
OMIM:300834,"Macular degeneration, X-linked atrophic",snv_fora_do_painel,True,RPGR,14,7,0,0,0,,
OMIM:300835,"Anemia, X-linked, with or without neutropenia and/or platelet abnormalities",snv_fora_do_painel,True,GATA1,9,7,0,0,0,,
OMIM:300842,Mcleod syndrome,snv_fora_do_painel,True,XK,10,7,0,0,0,,
OMIM:300844,"Intellectual developmental disorder, X-linked 19",snv_fora_do_painel,True,RPS6KA3,48,26,0,0,0,,
OMIM:300849,"Intellectual developmental disorder, X-linked 41",snv_fora_do_painel,True,GDI1,9,4,0,0,0,,
OMIM:300850,"Intellectual developmental disorder, X-linked 90",snv_fora_do_painel,True,DLG3,23,12,0,0,0,,
OMIM:300853,"Immunodeficiency, X-linked, with magnesium defect, Epstein-Barr virus infection and neoplasia",snv_fora_do_painel,True,MAGT1,38,18,0,0,0,,
OMIM:300854,"Renal cell carcinoma, xp11-associated",sem_variante_patogenica,True,TFE3,0,0,0,0,0,,
OMIM:300855,Ogden syndrome,snv_fora_do_painel,True,NAA10,21,20,0,0,0,,
OMIM:300857,Amyotrophic lateral sclerosis 15 with or without frontotemporal dementia,snv_fora_do_painel,True,UBQLN2,5,5,0,0,0,,
OMIM:300860,"Intellectual developmental disorder, X-linked syndromic, Nascimento type",snv_fora_do_painel,True,UBE2A,14,8,0,0,0,,
OMIM:300863,"Chondrodysplasia with platyspondyly, distinctive brachydactyly, hydrocephaly, and microphthalmia",snv_fora_do_painel,True,HDAC6,3,2,0,0,0,,
OMIM:300867,Kabuki syndrome 2,snv_fora_do_painel,True,KDM6A,118,66,0,0,0,,
OMIM:300868,Multiple congenital anomalies-hypotonia-seizures syndrome 2,snv_fora_do_painel,True,PIGA,20,17,0,0,0,,
OMIM:300872,"Autism, susceptibility to, X-linked 6",snv_fora_do_painel,False,TMLHE,3,1,0,0,0,,
OMIM:300882,Cornelia de Lange syndrome 5,snv_fora_do_painel,True,HDAC8,62,48,0,0,0,,
OMIM:300884,"Epileptic encephalopathy, early infantile, 36",snv_fora_do_painel,True,ALG13,7,7,0,0,0,,
OMIM:300887,Linear skin defects with multiple congenital anomalies 2,snv_fora_do_painel,True,COX7B,3,2,0,0,0,,
OMIM:300888,"Hypothyroidism, central, and testicular enlargement",snv_fora_do_painel,True,IGSF1,20,9,0,0,0,,
OMIM:300894,Neurodegeneration with brain iron accumulation 5,snv_fora_do_painel,True,WDR45,148,78,0,0,0,,
OMIM:300895,"Ohdo syndrome, X-linked",snv_fora_do_painel,True,MED12,15,14,0,0,0,,
OMIM:300896,"Congenital disorder of glycosylation, type IIm",snv_fora_do_painel,True,SLC35A2,41,23,0,0,0,,
OMIM:300905,"Charcot-Marie-Tooth disease, X-linked dominant, 6",sem_variante_patogenica,True,PDK3,0,0,0,0,0,,
OMIM:300908,"Hemolytic anemia, G6PD deficient (favism)",alelo_patogenico_ensaiado,True,CASK;G6PD,145,136,1,1,0,2,37123
OMIM:300909,Acquired angioedema,sem_variante_patogenica,False,XPNPEP2,0,0,0,0,0,,
OMIM:300911,"Parkinsonism with spasticity, X-linked",snv_fora_do_painel,True,ATP6AP2,1,1,0,0,0,,
OMIM:300912,"Intellectual developmental disorder, X-linked 98",snv_fora_do_painel,True,NEXMIF,70,32,0,0,0,,
OMIM:300914,"Deafness, X-linked 6",snv_fora_do_painel,True,COL4A6,4,3,0,0,0,,
OMIM:300915,"Microphthalmia, syndromic 13",sem_variante_patogenica,True,HMGB3,0,0,0,0,0,,
OMIM:300918,"Palmoplantar keratoderma, mutilating, with periorificial keratotic plaques, X-linked",snv_fora_do_painel,True,MBTPS2,1,1,0,0,0,,
OMIM:300919,"Intellectual developmental disorder, X-linked 99",snv_fora_do_painel,True,USP9X,20,15,0,0,0,,
OMIM:300923,"Intellectual developmental disorder, X-linked 100",snv_fora_do_painel,True,KIF4A,6,5,0,0,0,,
OMIM:300928,"Intellectual developmental disorder, X-linked 101",snv_fora_do_painel,True,MID2,4,2,0,0,0,,
OMIM:300934,"Congenital disorder of glycosylation, type Iy",snv_fora_do_painel,True,SSR4,13,6,0,0,0,,
OMIM:300942,Chromosome Xq26.3 duplication syndrome,sem_variante_patogenica,True,GPR101,0,0,0,0,0,,
OMIM:300943,"Pituitary adenoma 2, GH-secreting",snv_fora_do_painel,True,GPR101,1,1,0,0,0,,
OMIM:300946,Diamond-Blackfan anemia 14 with mandibulofacial dysostosis,snv_fora_do_painel,True,TSR2,1,1,0,0,0,,
OMIM:300952,Linear skin defects with multiple congenital anomalies 3,snv_fora_do_painel,True,NDUFB11,7,3,0,0,0,,
OMIM:300953,"Trichothiodystrophy 5, nonphotosensitive",snv_fora_do_painel,True,RNF113A,2,1,0,0,0,,
OMIM:300957,"Intellectual developmental disorder, X-linked syndromic, Kumar type",snv_fora_do_painel,True,THOC2,18,18,0,0,0,,
OMIM:300958,"Intellectual developmental disorder, X-linked, syndrome, snijders Blok type",snv_fora_do_painel,True,DDX3X,158,107,0,0,0,,
OMIM:300960,Mend syndrome,snv_fora_do_painel,True,EBP,7,7,0,0,0,,
OMIM:300963,Ritscher-Schinzel syndrome 2,snv_fora_do_painel,True,CCDC22,5,2,0,0,0,,
OMIM:300966,"Intellectual developmental disorder, X-linked syndromic 33",snv_fora_do_painel,True,TAF1,27,27,0,0,0,,
OMIM:300967,"Intellectual developmental disorder, X-linked syndromic 34",snv_fora_do_painel,True,NONO,22,9,0,0,0,,
OMIM:300968,"Intellectual developmental disorder, X-linked 99, syndromic, female-restricted",snv_fora_do_painel,True,USP9X,41,21,0,0,0,,
OMIM:300971,"Bartter syndrome, type 5, antenatal, transient",snv_fora_do_painel,True,MAGED2,12,8,0,0,0,,
OMIM:300972,Immunodeficiency 47,snv_fora_do_painel,True,ATP6AP1,10,9,0,0,0,,
OMIM:300978,Tonne-Kalscheuer syndrome,snv_fora_do_painel,True,RLIM,10,10,0,0,0,,
OMIM:300982,"Intellectual developmental disorder, X-linked 103",sem_snv,True,KLHL15,1,0,0,0,0,,
OMIM:300983,"Intellectual developmental disorder, X-linked 104",snv_fora_do_painel,True,FRMPD4,12,6,0,0,0,,
OMIM:300984,"Intellectual developmental disorder, X-linked 105",snv_fora_do_painel,True,USP27X,8,5,0,0,0,,
OMIM:300985,"Vas deferens, congenital bilateral aplasia of, X-linked",sem_snv,True,ADGRG2,4,0,0,0,0,,
OMIM:300986,"Intellectual developmental disorder, X-linked syndromic, Bain type",snv_fora_do_painel,True,HNRNPH2,10,8,0,0,0,,
OMIM:300988,Immunodeficiency 50,snv_fora_do_painel,True,MSN,3,2,0,0,0,,
OMIM:300989,Meester-Loeys syndrome,snv_fora_do_painel,True,BGN,8,6,0,0,0,,
OMIM:300990,"Midface hypoplasia, hearing impairment, elliptocytosis, and nephrocalcinosis",snv_fora_do_painel,True,AMMECR1,7,4,0,0,0,,
OMIM:300991,"Ciliary dyskinesia, primary, 36, X-linked",snv_fora_do_painel,True,DNAAF6,5,2,0,0,0,,
OMIM:300997,"Intellectual developmental disorder, X-linked 106",snv_fora_do_painel,True,OGT,11,11,0,0,0,,
OMIM:300998,"Intellectual developmental disorder, X-linked syndromic 35",snv_fora_do_painel,True,RPL10,5,5,0,0,0,,
OMIM:301000,Wiskott-Aldrich syndrome,snv_fora_do_painel,True,WAS,161,89,0,0,0,,
OMIM:301006,"Galloway-Mowat syndrome 2, X-linked",snv_fora_do_painel,True,LAGE3,3,3,0,0,0,,
OMIM:301008,"Intellectual developmental disorder, X-linked syndromic, Houge type",snv_fora_do_painel,True,CNKSR2,28,18,0,0,0,,
OMIM:301010,"Myopia 26, X-linked, female-limited",snv_fora_do_painel,True,ARR3,6,5,0,0,0,,
OMIM:301013,"Intellectual developmental disorder, X-linked 107",snv_fora_do_painel,True,STEEP1,5,1,0,0,0,,
OMIM:301014,"Osteogenesis imperfecta, type XIX",snv_fora_do_painel,True,MBTPS2,2,2,0,0,0,,
OMIM:301015,"Hemolytic anemia, congenital, X-linked",snv_fora_do_painel,True,ATP11C,3,3,0,0,0,,
OMIM:301018,"Deafness, X-linked 7",snv_fora_do_painel,True,GPRASP2,2,1,0,0,0,,
OMIM:301020,"Mitochondrial complex I deficiency, nuclear type 12",snv_fora_do_painel,True,NDUFA1,2,2,0,0,0,,
OMIM:301021,"Mitochondrial complex I deficiency, nuclear type 30",snv_fora_do_painel,True,NDUFB11,3,2,0,0,0,,
OMIM:301022,"Neurodevelopmental disorder, X-linked, with craniofacial abnormalities",snv_fora_do_painel,True,STAG2,18,11,0,0,0,,
OMIM:301024,"Intellectual developmental disorder, X-linked 108",snv_fora_do_painel,True,SLC9A7,3,2,0,0,0,,
OMIM:301025,Paganini-Miozzo syndrome,snv_fora_do_painel,True,HS6ST2,2,1,0,0,0,,
OMIM:301026,Keipert syndrome,snv_fora_do_painel,True,GPC4,11,5,0,0,0,,
OMIM:301028,"Nephrotic syndrome, type 20",snv_fora_do_painel,True,TBC1D8B,11,7,0,0,0,,
OMIM:301029,Shukla-Vernon syndrome,snv_fora_do_painel,True,BCORL1,2,1,0,0,0,,
OMIM:301030,Van Esch-O'Driscoll syndrome,snv_fora_do_painel,True,POLA1,7,6,0,0,0,,
OMIM:301031,"Congenital disorder of glycosylation, type Icc",snv_fora_do_painel,True,MAGT1,3,2,0,0,0,,
OMIM:301032,Basilicata-Akhtar syndrome,snv_fora_do_painel,True,MSL3,24,14,0,0,0,,
OMIM:301033,"Hypothyroidism, congenital, nongoitrous, 8",snv_fora_do_painel,True,TBL1X,1,1,0,0,0,,
OMIM:301035,"Hypothyroidism, congenital, nongoitrous, 9",snv_fora_do_painel,True,IRS4,3,1,0,0,0,,
OMIM:301039,"Intellectual developmental disorder, X-linked, syndromic, Hackman-Di Donato type",snv_fora_do_painel,True,NKAP,4,4,0,0,0,,
OMIM:301040,Alpha-thalassemia/impaired intellectual development syndrome,snv_fora_do_painel,True,ATRX,78,66,0,0,0,,
OMIM:301041,"Wieacker-Wolff syndrome, female-restricted",snv_fora_do_painel,True,ZC4H2,20,17,0,0,0,,
OMIM:301043,"Holoprosencephaly 13, X-linked",snv_fora_do_painel,True,STAG2,7,4,0,0,0,,
OMIM:301044,"Developmental and epileptic encephalopathy 85, with or without midline brain defects",snv_fora_do_painel,True,SMC1A,39,19,0,0,0,,
OMIM:301045,"Congenital disorder of glycosylation, type IIr",snv_fora_do_painel,True,ATP6AP2,1,1,0,0,0,,
OMIM:301050,"Alport syndrome, X-linked",snv_fora_do_painel,True,COL4A3;COL4A4;COL4A5,763,591,0,0,0,,
OMIM:301051,"Immunodeficiency 74, COVID19-related, X-linked",snv_fora_do_painel,True,TLR7,3,1,0,0,0,,
OMIM:301054,"VEXAS syndrome, somatic",sem_variante_patogenica,True,UBA1,0,0,0,0,0,,
OMIM:301056,"Multiple congenital anomalies-neurodevelopmental syndrome, X-linked",snv_fora_do_painel,True,OTUD5,7,7,0,0,0,,
OMIM:301058,Developmental and epileptic encephalopathy 90,snv_fora_do_painel,True,FGF13,6,6,0,0,0,,
OMIM:301059,"Spermatogenic failure, X-linked, 3",snv_fora_do_painel,True,CFAP47,1,1,0,0,0,,
OMIM:301060,"Azoospermia, obstructive, with nephrolithiasis",snv_fora_do_painel,True,CLDN2,1,1,0,0,0,,
OMIM:301066,"Intellectual developmental disorder, X-linked, syndromic, with pigmentary mosaicism and coarse facies",snv_fora_do_painel,True,TFE3,14,13,0,0,0,,
OMIM:301068,Hardikar syndrome,snv_fora_do_painel,True,MED12,17,10,0,0,0,,
OMIM:301071,"Thrombophilia 13, X-linked, due to factor VIII defect",snv_fora_do_painel,True,F8,29,23,0,0,0,,
OMIM:301072,Neurodevelopmental disorder with epilepsy and hemochromatosis,snv_fora_do_painel,True,PIGA,2,1,0,0,0,,
OMIM:301074,"Autoinflammatory syndrome, familial, X-linked, Behcet-like 2",snv_fora_do_painel,True,ELF4,3,2,0,0,0,,
OMIM:301075,"Myopathy, distal, 7, adult-onset, X-linked",snv_fora_do_painel,True,SMPX,4,4,0,0,0,,
OMIM:301076,"Intellectual developmental disorder, X-linked, syndromic, Pilorge type",snv_fora_do_painel,True,GLRA2,7,7,0,0,0,,
OMIM:301077,"Spermatogenic failure, X-linked, 4",snv_fora_do_painel,True,GCNA,4,1,0,0,0,,
OMIM:301078,"Immunodeficiency 98 with autoinflammation, X-linked",snv_fora_do_painel,True,TLR8,5,4,0,0,0,,
OMIM:301080,Systemic lupus erythematosus 17,snv_fora_do_painel,True,TLR7,3,2,0,0,0,,
OMIM:301081,"Autoinflammatory disease, systemic, X-linked",snv_fora_do_painel,True,IKBKG,3,3,0,0,0,,
OMIM:301082,Immunodeficiency 102,snv_fora_do_painel,True,SASH3,4,4,0,0,0,,
OMIM:301083,Hemolytic anemia due to elevated adenosine deaminase,snv_fora_do_painel,True,GATA1,1,1,0,0,0,,
OMIM:301091,"Epilepsy, X-linked 2, with or without impaired intellectual development and dysmorphic features",snv_fora_do_painel,True,GABRA3,4,4,0,0,0,,
OMIM:301094,"Neurodevelopmental disorder with gait disturbance, dysmorphic facies and behavioral abnormalities, X-linked",snv_fora_do_painel,True,TCEAL1,11,6,0,0,0,,
OMIM:301095,"Intellectual developmental disorder, X-linked 110",sem_variante_patogenica,True,FGF13,0,0,0,0,0,,
OMIM:301099,"Spermatogenic failure, X-linked, 5",snv_fora_do_painel,True,SSX1,2,1,0,0,0,,
OMIM:301101,"Spermatogenic failure, X-linked, 6",snv_fora_do_painel,True,USP26,3,3,0,0,0,,
OMIM:301106,"Spermatogenic failure, X-linked, 7",snv_fora_do_painel,True,CT55,2,2,0,0,0,,
OMIM:301107,"Intellectual developmental disorder, X-linked 111",snv_fora_do_painel,True,SLITRK2,4,4,0,0,0,,
OMIM:301108,"Cataracts, hearing impairment, nephrotic syndrome, and enterocolitis 1",snv_fora_do_painel,True,DKC1,1,1,0,0,0,,
OMIM:301109,"Autoinflammatory disease, multisystem, with immune dysregulation, X-linked",snv_fora_do_painel,True,DOCK11,8,6,0,0,0,,
OMIM:301110,"Hemolytic uremic syndrome, atypical, 8, with rhizomelic short stature",snv_fora_do_painel,True,C1GALT1C1,3,3,0,0,0,,
OMIM:301111,"Intellectual developmental disorder, X-linked 112",snv_fora_do_painel,True,ZMYM3,8,8,0,0,0,,
OMIM:301114,Lui-Jee-Baron syndrome,sem_snv,True,SPIN4,1,0,0,0,0,,
OMIM:301115,"Immunodeficiency 118, mycobacteriosis",sem_snv,True,MCTS1,3,0,0,0,0,,
OMIM:301116,"Intellectual developmental disorder, X-linked 113",snv_fora_do_painel,True,CSTF2,1,1,0,0,0,,
OMIM:301118,"Intellectual developmental disorder, X-linked syndromic 37",snv_fora_do_painel,True,ZFX,8,4,0,0,0,,
OMIM:301119,"Spermatogenic failure, X-linked, 8, susceptibility to",sem_variante_patogenica,False,CYLC1,0,0,0,0,0,,
OMIM:301120,"Prostate cancer, susceptibility to",snv_fora_do_painel,False,AR,2,2,0,0,0,,
OMIM:301127,"Arthrogryposis multiplex congenita 7, X-linked",sem_variante_patogenica,True,THOC2,0,0,0,0,0,,
OMIM:301132,Orofaciodigital syndrome XXI,sem_snv,True,ZRSR2,2,0,0,0,0,,
OMIM:301133,"Congenital disorder of glycosylation, type 1DD",snv_fora_do_painel,True,DHRSX,1,1,0,0,0,,
OMIM:301134,"Intellectual developmental disorder, X-linked 114",snv_fora_do_painel,True,SRPK3,3,2,0,0,0,,
OMIM:301137,"Spermatogenic failure, X-linked, 9",sem_snv,True,RBBP7,1,0,0,0,0,,
OMIM:301142,"Neurodegenerative disorder, X-linked, female-restricted, with parkinsonism and cognitive impairement",sem_variante_patogenica,True,SLC9A6,0,0,0,0,0,,
OMIM:301148,Retinitis pigmentosa 99,snv_fora_do_painel,True,IDH3G,2,2,0,0,0,,
OMIM:301163,"Cardiomyopathy, dilated, 3C",snv_fora_do_painel,True,EMD,1,1,0,0,0,,
OMIM:301200,"Amelogenesis imperfecta, type IE",snv_fora_do_painel,True,AMELX,15,10,0,0,0,,
OMIM:301220,"Pigmentary disorder, reticulate, with systemic manifestations, X-linked",snv_fora_do_painel,True,POLA1,1,1,0,0,0,,
OMIM:301310,"Anemia, sideroblastic, and spinocerebellar ataxia",snv_fora_do_painel,True,ABCB7,7,7,0,0,0,,
OMIM:301500,Fabry disease,snv_fora_do_painel,True,GLA,1093,761,0,0,0,,
OMIM:301830,"Spinal muscular atrophy, X-linked 2",sem_variante_patogenica,True,UBA1,0,0,0,0,0,,
OMIM:301835,Arts syndrome,snv_fora_do_painel,True,PRPS1,9,9,0,0,0,,
OMIM:301900,Borjeson-Forssman-Lehmann syndrome,snv_fora_do_painel,True,PHF6,33,27,0,0,0,,
OMIM:302045,"Cardiomyopathy, dilated, 3B",snv_fora_do_painel,True,DMD,56,39,0,0,0,,
OMIM:302060,Barth syndrome,snv_fora_do_painel,True,TAFAZZIN,81,51,0,0,0,,
OMIM:302200,"Cataract, congenital total, with posterior sutural opacities in heterozygotes",snv_fora_do_painel,True,NHS,9,5,0,0,0,,
OMIM:302350,Nance-Horan syndrome,snv_fora_do_painel,True,NHS,54,23,0,0,0,,
OMIM:302500,"Spinocerebellar ataxia, X-linked 1",snv_fora_do_painel,True,ATP2B3,4,4,0,0,0,,
OMIM:302800,"Charcot-Marie-Tooth neuropathy, X-linked dominant, 1",snv_fora_do_painel,True,GJB1,120,104,0,0,0,,
OMIM:302905,"Charge-Like syndrome, X-linked",sem_variante_patogenica,True,TBX22,0,0,0,0,0,,
OMIM:302950,"Chondrodysplasia punctata 1, X-linked recessive",snv_fora_do_painel,True,ARSL,20,17,0,0,0,,
OMIM:302960,"Chondrodysplasia punctata 2, X-linked dominant",snv_fora_do_painel,True,EBP,46,34,0,0,0,,
OMIM:303100,Choroideremia,snv_fora_do_painel,True,CHM,86,51,0,0,0,,
OMIM:303350,MASA syndrome,snv_fora_do_painel,True,L1CAM,29,19,0,0,0,,
OMIM:303400,"Cleft palate, X-linked",snv_fora_do_painel,True,TBX22,3,2,0,0,0,,
OMIM:303600,Coffin-Lowry syndrome,snv_fora_do_painel,True,RPS6KA3,87,53,0,0,0,,
OMIM:303700,Blue cone monochromacy,snv_fora_do_painel,True,OPN1LW;OPN1MW,3,3,0,0,0,,
OMIM:303800,"Colorblindness, deutan",snv_fora_do_painel,True,OPN1MW,4,4,0,0,0,,
OMIM:303900,"Colorblindness, partial, protan series",snv_fora_do_painel,True,OPN1LW,2,2,0,0,0,,
OMIM:304020,"Cone-rod dystrophy, X-linked, 1",snv_fora_do_painel,True,RPGR,30,12,0,0,0,,
OMIM:304100,"Corpus callosum, partial agenesis of, X-linked",snv_fora_do_painel,True,L1CAM,16,10,0,0,0,,
OMIM:304110,Craniofrontonasal syndrome,snv_fora_do_painel,True,EFNB1,38,26,0,0,0,,
OMIM:304120,"Otopalatodigital syndrome, type II",snv_fora_do_painel,True,FLNA,148,76,0,0,0,,
OMIM:304150,Occipital horn syndrome,snv_fora_do_painel,True,ATP7A,63,45,0,0,0,,
OMIM:304340,Pettigrew syndrome,snv_fora_do_painel,True,AP1S2,17,11,0,0,0,,
OMIM:304400,"Deafness, X-linked 2",snv_fora_do_painel,True,POU3F4,85,39,0,0,0,,
OMIM:304500,"Deafness, X-linked 1",snv_fora_do_painel,True,PRPS1,9,9,0,0,0,,
OMIM:304700,Mohr-Tranebjaerg syndrome,snv_fora_do_painel,True,TIMM8A,22,10,0,0,0,,
OMIM:304790,"Immunodysregulation, polyendocrinopathy, and enteropathy, X-linked",snv_fora_do_painel,True,FOXP3,40,27,0,0,0,,
OMIM:304800,"Diabetes insipidus, nephrogenic, X-linked",snv_fora_do_painel,True,AVPR2,53,34,0,0,0,,
OMIM:305000,"Dyskeratosis congenita, X-linked",snv_fora_do_painel,True,DKC1,21,19,0,0,0,,
OMIM:305100,"Ectodermal dysplasia 1, hypohidrotic, X-linked",alelo_patogenico_ensaiado,True,EDA,245,165,2,1,0,2,11031
OMIM:305390,"Exudative vitreoretinopathy 2, X-linked",snv_fora_do_painel,True,NDP,9,7,0,0,0,,
OMIM:305400,Aarskog-Scott syndrome,snv_fora_do_painel,True,FGD1,44,21,0,0,0,,
OMIM:305450,Opitz-Kaveggia syndrome,snv_fora_do_painel,True,MED12,28,25,0,0,0,,
OMIM:305600,Focal dermal hypoplasia,snv_fora_do_painel,True,PORCN,30,23,0,0,0,,
OMIM:305620,Frontometaphyseal dysplasia,snv_fora_do_painel,True,FLNA,4,4,0,0,0,,
OMIM:306000,"Glycogen storage disease, type IXa1",snv_fora_do_painel,True,PHKA2,98,68,0,0,0,,
OMIM:306400,"Chronic granulomatous disease, X-linked",snv_fora_do_painel,True,CYBB,160,109,0,0,0,,
OMIM:306700,Hemophilia A,snv_fora_do_painel,True,F8,502,397,0,0,0,,
OMIM:306900,Hemophilia B,snv_fora_do_painel,True,F9,268,245,0,0,0,,
OMIM:306950,"Hernia, anterior diaphragmatic",snv_fora_do_painel,True,PLS3,3,3,0,0,0,,
OMIM:306955,"Heterotaxy, visceral, 1, X-linked",snv_fora_do_painel,True,ZIC3,30,18,0,0,0,,
OMIM:307000,Hydrocephalus due to congenital stenosis of aqueduct of sylvius,snv_fora_do_painel,True,L1CAM,56,41,0,0,0,,
OMIM:307030,Glycerol kinase deficiency,snv_fora_do_painel,True,GK,11,10,0,0,0,,
OMIM:307200,"Isolated growth hormone deficiency, type III, with agammaglobulinemia",snv_fora_do_painel,True,BTK,214,154,0,0,0,,
OMIM:307800,"Hypophosphatemic rickets, X-linked dominant",snv_fora_do_painel,True,PHEX,281,190,0,0,0,,
OMIM:308050,Congenital hemidysplasia with ichthyosiform erythroderma and limb defects,snv_fora_do_painel,True,NSDHL,13,10,0,0,0,,
OMIM:308100,"Ichthyosis, X-linked",snv_fora_do_painel,True,STS,11,10,0,0,0,,
OMIM:308205,IFAP syndrome with or without BRESHECK syndrome,snv_fora_do_painel,True,MBTPS2,11,10,0,0,0,,
OMIM:308230,"Immunodeficiency, X-linked, with hyper-IgM",snv_fora_do_painel,True,CD40LG,84,57,0,0,0,,
OMIM:308240,"Lymphoproliferative syndrome, X-linked, 1",snv_fora_do_painel,True,SH2D1A;XIAP,36,28,0,0,0,,
OMIM:308300,Incontinentia pigmenti,snv_fora_do_painel,True,IKBKG,20,11,0,0,0,,
OMIM:308350,Developmental and epileptic encephalopathy 1,snv_fora_do_painel,True,ARX,193,114,0,0,0,,
OMIM:308700,Hypogonadotropic hypogonadism 1 with or without anosmia,snv_fora_do_painel,True,ANOS1,80,41,0,0,0,,
OMIM:308800,"Keratosis follicularis spinulosa decalvans, X-linked",snv_fora_do_painel,True,MBTPS2,1,1,0,0,0,,
OMIM:308905,"Leber optic atrophy, susceptibility to",snv_fora_do_painel,False,PRICKLE3,2,2,0,0,0,,
OMIM:308990,"Proteinuria, low molecular weight, with hypercalciuric nephrocalcinosis",snv_fora_do_painel,True,CLCN5,42,30,0,0,0,,
OMIM:309000,Lowe syndrome,snv_fora_do_painel,True,OCRL,92,65,0,0,0,,
OMIM:309120,"Spermatogenic failure, X-linked 2",sem_snv,True,TEX11,1,0,0,0,0,,
OMIM:309300,"Megalocornea 1, X-linked",snv_fora_do_painel,True,CHRDL1,3,3,0,0,0,,
OMIM:309350,Melnick-Needles syndrome,snv_fora_do_painel,True,FLNA,147,75,0,0,0,,
OMIM:309400,Menkes disease,snv_fora_do_painel,True,ATP7A,159,113,0,0,0,,
OMIM:309500,Renpenning syndrome,snv_fora_do_painel,True,PQBP1,23,8,0,0,0,,
OMIM:309510,Partington syndrome,snv_fora_do_painel,True,ARX,7,2,0,0,0,,
OMIM:309520,Lujan-Fryns syndrome,snv_fora_do_painel,True,MED12,6,5,0,0,0,,
OMIM:309530,"Intellectual developmental disorder, X-linked 1",snv_fora_do_painel,True,IQSEC2,149,66,0,0,0,,
OMIM:309541,"Methylmalonic acidemia and homocysteinemia, Cblx type",snv_fora_do_painel,True,HCFC1,7,7,0,0,0,,
OMIM:309548,"Intellectual developmental disorder, X-linked 109",alelo_patogenico_ensaiado,True,AFF2,8,6,1,1,0,2,17967
OMIM:309549,"Intellectual developmental disorder, X-linked 9",snv_fora_do_painel,True,FTSJ1,7,4,0,0,0,,
OMIM:309555,"Intellectual developmental disorder, X-linked syndromic, Gustavson type",snv_fora_do_painel,True,RBMX,3,1,0,0,0,,
OMIM:309580,"Intellectual disability-hypotonic facies syndrome, X-linked",snv_fora_do_painel,True,ATRX,31,26,0,0,0,,
OMIM:309583,"Intellectual developmental disorder, X-linked syndromic, Snyder-Robinson type",snv_fora_do_painel,True,SMS,19,18,0,0,0,,
OMIM:309585,Wilson-Turner syndrome,snv_fora_do_painel,True,LAS1L,5,4,0,0,0,,
OMIM:309590,"Intellectual developmental disorder, X-linked syndromic, Turner type",snv_fora_do_painel,True,HUWE1,47,45,0,0,0,,
OMIM:309610,Prieto syndrome,snv_fora_do_painel,True,WNK3,5,5,0,0,0,,
OMIM:309630,Metacarpal 4-5 fusion,snv_fora_do_painel,True,FGF16,3,2,0,0,0,,
OMIM:309800,"Microphthalmia, syndromic 1",snv_fora_do_painel,True,BCOR;NAA10,6,6,0,0,0,,
OMIM:309801,Linear skin defects with multiple congenital anomalies 1,snv_fora_do_painel,True,COX7B;HCCS;NDUFB11,7,4,0,0,0,,
OMIM:309900,"Mucopolysaccharidosis, type II",snv_fora_do_painel,True,IDS,774,459,0,0,0,,
OMIM:310200,Duchenne muscular dystrophy,snv_fora_do_painel,True,DMD,1432,817,0,0,0,,
OMIM:310300,"Emery-Dreifuss muscular dystrophy 1, X-linked",snv_fora_do_painel,True,EMD,17,9,0,0,0,,
OMIM:310400,"Myopathy, centronuclear, X-linked",snv_fora_do_painel,True,MTM1,205,140,0,0,0,,
OMIM:310440,"Myopathy, X-linked, with excessive autophagy",snv_fora_do_painel,True,VMA21,8,6,0,0,0,,
OMIM:310468,"Nephrolithiasis, type I",snv_fora_do_painel,True,CLCN5,38,29,0,0,0,,
OMIM:310490,Cowchock syndrome,snv_fora_do_painel,True,AIFM1,4,4,0,0,0,,
OMIM:310500,"Night blindness, congenital stationary, type 1A",snv_fora_do_painel,True,NYX,11,3,0,0,0,,
OMIM:310600,Norrie disease,snv_fora_do_painel,True,NDP,32,27,0,0,0,,
OMIM:310700,"Nystagmus 1, congenital, X-linked",snv_fora_do_painel,True,FRMD7,24,21,0,0,0,,
OMIM:311070,"Charcot-Marie-Tooth disease, X-linked recessive, 5",snv_fora_do_painel,True,PRPS1,8,8,0,0,0,,
OMIM:311200,Orofaciodigital syndrome I,snv_fora_do_painel,True,OFD1,92,38,0,0,0,,
OMIM:311250,"Ornithine transcarbamylase deficiency, hyperammonemia due to",snv_fora_do_painel,True,OTC,226,192,0,0,0,,
OMIM:311300,"Otopalatodigital syndrome, type I",snv_fora_do_painel,True,FLNA,4,3,0,0,0,,
OMIM:311360,Premature ovarian failure 1,snv_fora_do_painel,True,FMR1,3,3,0,0,0,,
OMIM:311510,Waisman syndrome,snv_fora_do_painel,True,RAB39B,2,2,0,0,0,,
OMIM:311900,TARP syndrome,snv_fora_do_painel,True,RBM10,21,15,0,0,0,,
OMIM:312000,"Panhypopituitarism, X-linked",sem_snv,True,SOX3,1,0,0,0,0,,
OMIM:312060,"Properdin deficiency, X-linked",snv_fora_do_painel,True,CFP,4,4,0,0,0,,
OMIM:312080,Pelizaeus-Merzbacher disease,snv_fora_do_painel,True,PLP1,83,65,0,0,0,,
OMIM:312170,Pyruvate dehydrogenase E1-alpha deficiency,posicao_alelo_diferente,True,PDHA1,356,190,1,0,0,,
OMIM:312300,Reifenstein syndrome,snv_fora_do_painel,True,AR,26,25,0,0,0,,
OMIM:312600,"Retinitis pigmentosa 2, X-linked",snv_fora_do_painel,True,RP2,39,19,0,0,0,,
OMIM:312700,"Retinoschisis 1, X-linked, juvenile",snv_fora_do_painel,True,RS1,135,113,0,0,0,,
OMIM:312750,Rett syndrome,snv_fora_do_painel,True,MECP2,579,180,0,0,0,,
OMIM:312863,"Combined immunodeficiency, X-linked",snv_fora_do_painel,True,IL2RG,12,11,0,0,0,,
OMIM:312870,"Simpson-Golabi-Behmel syndrome, type 1",snv_fora_do_painel,True,GPC3,22,13,0,0,0,,
OMIM:312920,"Spastic paraplegia 2, X-linked",snv_fora_do_painel,True,PLP1,56,42,0,0,0,,
OMIM:313200,"Spinal and bulbar muscular atrophy, X-linked 1",snv_fora_do_painel,True,AR,161,110,0,0,0,,
OMIM:313400,"Spondyloepiphyseal dysplasia tarda, X-linked",snv_fora_do_painel,True,TRAPPC2,7,2,0,0,0,,
OMIM:313500,"Tooth agenesis, selective, X-linked, 1",alelo_patogenico_ensaiado,True,EDA,19,15,1,1,0,2,11031
OMIM:313900,Thrombocytopenia 1,snv_fora_do_painel,True,WAS,119,69,0,0,0,,
OMIM:314050,"Thrombocytopenia with beta-thalassemia, X-linked",snv_fora_do_painel,True,GATA1,4,4,0,0,0,,
OMIM:314250,"Dystonia 3, torsion, X-linked",sem_variante_patogenica,True,TAF1,0,0,0,0,0,,
OMIM:314390,"VACTERL association, X-linked",snv_fora_do_painel,True,ZIC3,4,1,0,0,0,,
OMIM:314400,"Cardiac valvular dysplasia, X-linked",snv_fora_do_painel,True,FLNA,12,7,0,0,0,,
OMIM:314580,Wieacker-Wolff syndrome,snv_fora_do_painel,True,ZC4H2,26,20,0,0,0,,
OMIM:400044,46XY sex reversal 1,snv_fora_do_painel,True,SRY,36,31,0,0,0,,
OMIM:400045,46XX sex reversal 1,snv_fora_do_painel,True,SRY,2,2,0,0,0,,
OMIM:400047,"DEAFNESS, Y-LINKED 2",sem_variante_patogenica,True,TBL1Y,0,0,0,0,0,,
OMIM:415000,"SPERMATOGENIC FAILURE, NONOBSTRUCTIVE, Y-LINKED",snv_fora_do_painel,True,BPY2;CDY1;CDY2A;DAZ1;DAZ2;DAZ3;DDX3Y;HSFY1;KDM5D;PRY;PRY2;RBMY1A1;RPS4Y2;USP9Y;VCY;XKRY,3,1,0,0,0,,
OMIM:535000,Leber optic atrophy,snv_fora_do_painel,True,MT-ATP6;MT-CO3;MT-CYB;MT-ND1;MT-ND2;MT-ND4;MT-ND4L;MT-ND5;MT-ND6,29,27,0,0,0,,
OMIM:540000,"Mitochondrial myopathy, encephalopathy, lactic acidosis, and stroke-like episodes",snv_fora_do_painel,True,MT-CO1;MT-CO2;MT-CO3;MT-CYB;MT-ND1;MT-ND5;MT-ND6;MT-TC;MT-TF;MT-TH;MT-TK;MT-TL1;MT-TL2;MT-TQ;MT-TS1;MT-TS2;MT-TV;MT-TW,50,47,0,0,0,,
OMIM:545000,Myoclonic epilepsy associated with ragged-red fibers,snv_fora_do_painel,True,MT-TF;MT-TH;MT-TI;MT-TK;MT-TL1;MT-TP;MT-TS1;MT-TS2,11,10,0,0,0,,
OMIM:551000,"Myopathy, mitochondrial, lethal infantile",sem_variante_patogenica,True,MT-TT,0,0,0,0,0,,
OMIM:551500,"Neuropathy, ataxia, and retinitis pigmentosa",snv_fora_do_painel,True,MT-ATP6,7,5,0,0,0,,
OMIM:580000,"Deafness, aminoglycoside-induced",snv_fora_do_painel,True,TRMU,54,31,0,0,0,,
OMIM:600001,Pancreatic agenesis and congenital heart defects,snv_fora_do_painel,True,GATA6,25,16,0,0,0,,
OMIM:600002,Eiken syndrome,snv_fora_do_painel,True,PTH1R,5,4,0,0,0,,
OMIM:600059,Retinitis pigmentosa 13,snv_fora_do_painel,True,PRPF8,16,13,0,0,0,,
OMIM:600060,"Deafness, neurosensory, autosomal recessive 2",posicao_alelo_diferente,True,MYO7A,292,201,1,0,0,,
OMIM:600072,Fatal familial insomnia,snv_fora_do_painel,True,PRNP,2,2,0,0,0,,
OMIM:600081,"Vitamin D hydroxylation-deficient rickets, type 1B",snv_fora_do_painel,True,CYP2R1,18,12,0,0,0,,
OMIM:600092,Nivelon-Nivelon-Mabille syndrome,snv_fora_do_painel,True,HHAT,3,3,0,0,0,,
OMIM:600101,"Deafness, autosomal dominant nonsyndromic sensorineural 2",snv_fora_do_painel,True,KCNQ4,36,28,0,0,0,,
OMIM:600105,Retinitis pigmentosa 12,snv_fora_do_painel,True,CRB1,378,245,0,0,0,,
OMIM:600110,Stargardt disease 3,snv_fora_do_painel,True,ELOVL4,28,19,0,0,0,,
OMIM:600116,"Parkinson disease, juvenile, type 2",snv_fora_do_painel,True,PRKN,35,22,0,0,0,,
OMIM:600118,Warburg micro syndrome 1,snv_fora_do_painel,True,RAB3GAP1,44,27,0,0,0,,
OMIM:600121,"Rhizomelic chondrodysplasia punctata, type 3",snv_fora_do_painel,True,AGPS,10,6,0,0,0,,
OMIM:600132,Retinitis pigmentosa 14,snv_fora_do_painel,True,TULP1,45,31,0,0,0,,
OMIM:600138,Retinitis pigmentosa 11,snv_fora_do_painel,True,PRPF31,62,34,0,0,0,,
OMIM:600142,Autosomal recessive cerebral arteriopathy with subcortical infarcts and leukoencephalopathy (CARASIL),snv_fora_do_painel,True,HTRA1,13,12,0,0,0,,
OMIM:600143,"Ceroid lipofuscinosis, neuronal, 8",snv_fora_do_painel,True,CLN8,32,22,0,0,0,,
OMIM:600145,Sacral defect with anterior meningocele,sem_snv,True,VANGL1,1,0,0,0,0,,
OMIM:600151,Bardet-Biedl syndrome 3,snv_fora_do_painel,True,ARL6,37,29,0,0,0,,
OMIM:600155,"Hirschsprung disease, susceptibility to, 2",snv_fora_do_painel,False,EDNRB,1,1,0,0,0,,
OMIM:600165,Nanophthalmos 1,snv_fora_do_painel,True,MYRF,3,1,0,0,0,,
OMIM:600175,"Neuronopathy, distal hereditary motor, type VIII",snv_fora_do_painel,True,TRPV4,7,6,0,0,0,,
OMIM:600195,"Venous malformations, multiple cutaneous and mucosal",snv_fora_do_painel,True,TEK,12,10,0,0,0,,
OMIM:600204,"Epiphyseal dysplasia, multiple, 2",snv_fora_do_painel,True,COL9A2,14,10,0,0,0,,
OMIM:600223,Spinocerebellar ataxia 4,snv_fora_do_painel,True,ZFHX3,1,1,0,0,0,,
OMIM:600224,Spinocerebellar ataxia 5,snv_fora_do_painel,True,SPTBN2,18,12,0,0,0,,
OMIM:600231,"Palmoplantar keratoderma, Bothnian type",snv_fora_do_painel,True,AQP5,5,5,0,0,0,,
OMIM:600251,"Facial clefting, oblique, 1",snv_fora_do_painel,True,SPECC1L,1,1,0,0,0,,
OMIM:600263,"Helicobacter pylori infection, susceptibility to",sem_snv,False,IFNGR1,1,0,0,0,0,,
OMIM:600268,Oculoectodermal syndrome,snv_fora_do_painel,True,KRAS,1,1,0,0,0,,
OMIM:600274,Frontotemporal dementia,snv_fora_do_painel,True,MAPT;PSEN1,113,104,0,0,0,,
OMIM:600316,"Deafness, neurosensory, autosomal recessive 3",snv_fora_do_painel,True,MYO15A,444,268,0,0,0,,
OMIM:600334,"Tibial muscular dystrophy, tardive",snv_fora_do_painel,True,TTN,33,19,0,0,0,,
OMIM:600348,Band heterotopia,snv_fora_do_painel,True,EML1,5,5,0,0,0,,
OMIM:600363,"Spastic paraplegia 6, autosomal dominant",snv_fora_do_painel,True,NIPA1,4,4,0,0,0,,
OMIM:600373,CODAS syndrome,snv_fora_do_painel,True,LONP1,6,4,0,0,0,,
OMIM:600376,"Telangiectasia, hereditary hemorrhagic, type 2",snv_fora_do_painel,True,ACVRL1,433,298,0,0,0,,
OMIM:600430,Chromosome 2q37 deletion syndrome,snv_fora_do_painel,True,HDAC4,2,1,0,0,0,,
OMIM:600462,"Myopathy, lactic acidosis, and sideroblastic anemia 1",snv_fora_do_painel,True,PUS1,23,14,0,0,0,,
OMIM:600496,"Maturity-onset diabetes of the young, type III",snv_fora_do_painel,True,HNF1A,99,66,0,0,0,,
OMIM:600501,ABCD syndrome,snv_fora_do_painel,True,EDNRB,1,1,0,0,0,,
OMIM:600512,"Epilepsy, familial temporal lobe, 1",snv_fora_do_painel,True,LGI1;MICAL1;RELN,24,18,0,0,0,,
OMIM:600513,"Epilepsy, nocturnal frontal lobe, type 1",snv_fora_do_painel,True,CHRNA4,6,5,0,0,0,,
OMIM:600625,Orofacial cleft 11,snv_fora_do_painel,True,BMP4,2,1,0,0,0,,
OMIM:600627,Hypertryptophanemia,sem_variante_patogenica,True,TDO2,0,0,0,0,0,,
OMIM:600630,UV-sensitive syndrome 1,snv_fora_do_painel,True,ERCC6,1,1,0,0,0,,
OMIM:600638,"Fibrosis of extraocular muscles, congenital, 3A, with or without extraocularinvolvement",snv_fora_do_painel,True,TUBB3,15,15,0,0,0,,
OMIM:600649,"Carnitine palmitoyltransferase II deficiency, infantile",snv_fora_do_painel,True,CPT2,71,34,0,0,0,,
OMIM:600652,"Deafness, autosomal dominant nonsyndromic sensorineural 4",snv_fora_do_painel,True,MYH14,13,8,0,0,0,,
OMIM:600666,Polycystic kidney disease 3,snv_fora_do_painel,True,GANAB,45,25,0,0,0,,
OMIM:600721,D-2-Hydroxyglutaric aciduria 1,snv_fora_do_painel,True,D2HGDH,24,15,0,0,0,,
OMIM:600740,"Hypocalciuric hypercalcemia, familial, type III",snv_fora_do_painel,True,AP2S1,3,3,0,0,0,,
OMIM:600775,Craniosynostosis 4,snv_fora_do_painel,True,ERF,3,1,0,0,0,,
OMIM:600791,"Deafness, autosomal recessive 4, with enlarged vestibular aqueduct",snv_fora_do_painel,True,FOXI1;KCNJ10;SLC26A4,365,269,0,0,0,,
OMIM:600794,"Neuronopathy, distal hereditary motor, type VA",snv_fora_do_painel,True,GARS1,11,11,0,0,0,,
OMIM:600795,Frontotemporal dementia and/or amytrophic lateral sclerosis 7,snv_fora_do_painel,True,CHMP2B,5,5,0,0,0,,
OMIM:600802,"Scid, autosomal recessive, T-Negative/b-Positive type",snv_fora_do_painel,True,JAK3,127,83,0,0,0,,
OMIM:600803,Gallbladder disease 1,snv_fora_do_painel,True,ABCB4,74,50,0,0,0,,
OMIM:600807,"Asthma, susceptibility to",sem_variante_patogenica,False,ALOX5;CCL11;HLA-G;HNMT;IL13;MUC7;SCGB3A2;TNF,0,0,0,0,0,,
OMIM:600850,Schizophrenia 4,snv_fora_do_painel,False,PRODH,8,6,0,0,0,,
OMIM:600858,"Cardiomyopathy, familial hypertrophic, 6",snv_fora_do_painel,True,PRKAG2,7,6,0,0,0,,
OMIM:600880,Budd-Chiari syndrome,snv_fora_do_painel,False,F5;JAK2,11,4,0,0,0,,
OMIM:600881,"Cataract, congenital zonular, with sutural opacities",snv_fora_do_painel,True,CRYBA1,14,10,0,0,0,,
OMIM:600882,"Charcot-Marie-Tooth disease, axonal, type 2B",snv_fora_do_painel,True,RAB7A,4,4,0,0,0,,
OMIM:600886,Hyperferritinemia with or without cataract,snv_fora_do_painel,True,FTL,23,18,0,0,0,,
OMIM:600901,"Fanconi anemia, complementation group E",snv_fora_do_painel,True,FANCE,62,24,0,0,0,,
OMIM:600919,"Cardiac arrhythmia, ankyrin-B-related",snv_fora_do_painel,True,ANK2,5,4,0,0,0,,
OMIM:600920,Van den Ende-Gupta syndrome,snv_fora_do_painel,True,SCARF2,13,6,0,0,0,,
OMIM:600955,Proprotein convertase 1/3 deficiency,snv_fora_do_painel,True,PCSK1,21,16,0,0,0,,
OMIM:600962,"Palmoplantar keratoderma, nonepidermolytic",snv_fora_do_painel,True,KRT1,4,3,0,0,0,,
OMIM:600965,"Deafness, autosomal dominant 6",snv_fora_do_painel,True,WFS1,63,35,0,0,0,,
OMIM:600969,"Epiphyseal dysplasia, multiple, 3, with or without myopathy",snv_fora_do_painel,True,COL9A3,10,9,0,0,0,,
OMIM:600971,"Deafness, autosomal recessive 6",snv_fora_do_painel,True,TMIE,13,7,0,0,0,,
OMIM:600972,"Achondrogenesis, type IB",snv_fora_do_painel,True,SLC26A2,176,57,0,0,0,,
OMIM:600974,"Deafness, neurosensory, autosomal recessive 7",snv_fora_do_painel,True,TMC1,99,67,0,0,0,,
OMIM:600975,"Glaucoma 3, primary infantile, B",snv_fora_do_painel,True,CYP1B1;LTBP2;TEK,14,8,0,0,0,,
OMIM:600977,Cone-Rod dystrophy 5,sem_variante_patogenica,True,PITPNM3,0,0,0,0,0,,
OMIM:600987,"Cleft palate, cardiac defects, and impaired intellectual development",snv_fora_do_painel,True,MEIS2,28,21,0,0,0,,
OMIM:600994,"Deafness, autosomal dominant nonsyndromic sensorineural 5",snv_fora_do_painel,True,GSDME,7,4,0,0,0,,
OMIM:600995,"Nephrotic syndrome, type 2",snv_fora_do_painel,True,NPHS2,93,61,0,0,0,,
OMIM:601001,"Epidermolysis bullosa simplex 1D, generalized, intermediate or severe, autosomal recessive",snv_fora_do_painel,True,KRT14,15,10,0,0,0,,
OMIM:601003,Brody myopathy,snv_fora_do_painel,True,ATP2A1,65,39,0,0,0,,
OMIM:601005,Timothy syndrome,snv_fora_do_painel,True,CACNA1C,23,22,0,0,0,,
OMIM:601042,Dystonia 9,snv_fora_do_painel,True,SLC2A1,30,21,0,0,0,,
OMIM:601067,"Usher syndrome, type ID",snv_fora_do_painel,True,CDH23;PCDH15,187,103,0,0,0,,
OMIM:601068,"Epilepsy, familial adult myoclonic, 1",sem_variante_patogenica,True,SAMD12,0,0,0,0,0,,
OMIM:601071,"Deafness, autosomal recessive 9",snv_fora_do_painel,True,OTOF,216,139,0,0,0,,
OMIM:601072,"Deafness, autosomal recessive 8/10",snv_fora_do_painel,True,TMPRSS3,65,54,0,0,0,,
OMIM:601088,Ayme-Gripp syndrome,snv_fora_do_painel,True,MAF,17,15,0,0,0,,
OMIM:601098,"Charcot-Marie-Tooth disease, demyelinating, type 1C",snv_fora_do_painel,True,LITAF,8,8,0,0,0,,
OMIM:601104,"Supranuclear palsy, progressive, 1",snv_fora_do_painel,True,MAPT,5,5,0,0,0,,
OMIM:601110,"Congenital disorder of glycosylation, type Id",snv_fora_do_painel,True,ALG3,35,28,0,0,0,,
OMIM:601144,Brugada syndrome 1,snv_fora_do_painel,True,SCN5A,76,56,0,0,0,,
OMIM:601152,Hereditary motor and sensory neuropathy VIA,snv_fora_do_painel,True,MFN2,12,12,0,0,0,,
OMIM:601154,"Cardiomyopathy, dilated, 1E",snv_fora_do_painel,True,SCN5A,11,10,0,0,0,,
OMIM:601162,"Spastic paraplegia 9A, autosomal dominant",snv_fora_do_painel,True,ALDH18A1,7,7,0,0,0,,
OMIM:601186,"Microphthalmia, syndromic 9",snv_fora_do_painel,True,STRA6,28,15,0,0,0,,
OMIM:601198,"Hypocalcemia, autosomal dominant 1",snv_fora_do_painel,True,CASR,208,131,0,0,0,,
OMIM:601200,Pleuropulmonary blastoma,snv_fora_do_painel,True,DICER1,41,26,0,0,0,,
OMIM:601214,Naxos disease,snv_fora_do_painel,True,JUP,31,15,0,0,0,,
OMIM:601216,Dental anomalies and short stature,snv_fora_do_painel,True,LTBP3,85,37,0,0,0,,
OMIM:601238,"Cerebellar ataxia, Cayman type",snv_fora_do_painel,True,ATCAY,2,1,0,0,0,,
OMIM:601277,"Ichthyosis, congenital, autosomal recessive 4A",snv_fora_do_painel,True,ABCA12,47,33,0,0,0,,
OMIM:601287,"Muscular dystrophy, limb-girdle, type 2F",snv_fora_do_painel,True,SGCD,32,19,0,0,0,,
OMIM:601316,"Deafness, autosomal dominant nonsyndromic sensorineural 10",snv_fora_do_painel,True,EYA4,28,17,0,0,0,,
OMIM:601317,"Deafness, autosomal dominant nonsyndromic sensorineural 11",snv_fora_do_painel,True,MYO7A,136,104,0,0,0,,
OMIM:601321,Neurofibromatosis-Noonan syndrome,snv_fora_do_painel,True,NF1,145,91,0,0,0,,
OMIM:601331,"Renal dysplasia, cystic, susceptibility to",snv_fora_do_painel,False,BICC1,3,1,0,0,0,,
OMIM:601338,"Cerebellar ataxia, areflexia, pes cavus, optic atrophy, and sensorineural hearing loss",snv_fora_do_painel,True,ATP1A3,22,22,0,0,0,,
OMIM:601358,Nicolaides-Baraitser syndrome,snv_fora_do_painel,True,SMARCA2,60,60,0,0,0,,
OMIM:601360,"Amelia, autosomal recessive",snv_fora_do_painel,True,TBX4,4,4,0,0,0,,
OMIM:601367,"Ischemic stroke, susceptibility to",snv_fora_do_painel,False,ALOX5AP;F2;F5,14,7,0,0,0,,
OMIM:601369,"Deafness, autosomal dominant 9",snv_fora_do_painel,True,COCH,18,18,0,0,0,,
OMIM:601382,"Charcot-Marie-Tooth disease, type 4B1",snv_fora_do_painel,True,MTMR2,34,20,0,0,0,,
OMIM:601386,"Deafness, autosomal recessive 12",snv_fora_do_painel,True,CDH23,172,107,0,0,0,,
OMIM:601390,Van Maldergem syndrome 1,snv_fora_do_painel,True,DCHS1,8,6,0,0,0,,
OMIM:601399,"Platelet disorder, familial, with associated myeloid malignancy",snv_fora_do_painel,True,RUNX1,153,61,0,0,0,,
OMIM:601410,"Diabetes mellitus, transient neonatal, 1",snv_fora_do_painel,True,HYMAI;PLAGL1;ZFP57,10,5,0,0,0,,
OMIM:601412,"Deafness, autosomal dominant nonsyndromic sensorineural 7",snv_fora_do_painel,True,LMX1A,7,5,0,0,0,,
OMIM:601414,Retinitis pigmentosa 18,snv_fora_do_painel,True,PRPF3,5,5,0,0,0,,
OMIM:601419,"Myopathy, myofibrillar, 1",snv_fora_do_painel,True,DES,111,71,0,0,0,,
OMIM:601455,"Charcot-Marie-Tooth disease, type 4D",snv_fora_do_painel,True,NDRG1,29,19,0,0,0,,
OMIM:601457,"Severe combined immunodeficiency, autosomal recessive, T cell-negative, B cell-negative, NK cell-positive",snv_fora_do_painel,True,RAG1;RAG2,249,156,0,0,0,,
OMIM:601462,"Myasthenic syndrome, congenital, 1A, slow-channel",snv_fora_do_painel,True,CHRNA1,11,8,0,0,0,,
OMIM:601472,"Charcot-Marie-Tooth disease, axonal, type 2D",snv_fora_do_painel,True,GARS1,10,10,0,0,0,,
OMIM:601492,Mucopolysaccharidosis type IX,snv_fora_do_painel,True,HYAL1,53,21,0,0,0,,
OMIM:601493,"Cardiomyopathy, dilated, 1C, with or without left ventricular noncompaction",snv_fora_do_painel,True,LDB3,2,2,0,0,0,,
OMIM:601494,"Cardiomyopathy, dilated, 1D",snv_fora_do_painel,True,TNNT2,41,37,0,0,0,,
OMIM:601495,"Agammaglobulinemia 1, autosomal recessive",snv_fora_do_painel,True,IGHM,23,16,0,0,0,,
OMIM:601518,"Prostate cancer, hereditary, 1",snv_fora_do_painel,True,RNASEL,35,15,0,0,0,,
OMIM:601536,Athabaskan brainstem dysgenesis syndrome,snv_fora_do_painel,True,HOXA1,3,2,0,0,0,,
OMIM:601539,Peroxisome biogenesis disorder 1B,snv_fora_do_painel,True,PEX1,104,51,0,0,0,,
OMIM:601543,"Deafness, autosomal dominant nonsyndromic sensorineural 12",snv_fora_do_painel,True,TECTA,25,20,0,0,0,,
OMIM:601544,"Deafness, autosomal dominant nonsyndromic sensorineural 3",snv_fora_do_painel,True,GJB2,44,34,0,0,0,,
OMIM:601547,"Cataract 3, multiple types",snv_fora_do_painel,True,CRYBB2,13,13,0,0,0,,
OMIM:601552,"Facial dysmorphism, lens dislocation, anterior segment abnormalities, and spontaneous filtering blebs",snv_fora_do_painel,True,ASPH,19,11,0,0,0,,
OMIM:601553,"Hypotrichosis, congenital, with juvenile macular dystrophy",snv_fora_do_painel,True,CDH3,12,10,0,0,0,,
OMIM:601559,Stuve-Wiedemann syndrome,snv_fora_do_painel,True,LIFR,54,29,0,0,0,,
OMIM:601583,Wilms tumor 5,snv_fora_do_painel,False,POU6F2,2,2,0,0,0,,
OMIM:601596,"Charcot-Marie-Tooth disease, type 4C",snv_fora_do_painel,True,SH3TC2,77,50,0,0,0,,
OMIM:601606,"Trichoepithelioma, multiple familial, 1",snv_fora_do_painel,True,CYLD,3,2,0,0,0,,
OMIM:601626,"Leukemia, acute myeloid",snv_fora_do_painel,True,CEBPA;CHIC2;DNMT3A;ETV6;FLT3;GATA2;JAK2;KIT;KRAS;LPP;MLLT10;NPM1;NUP214;PICALM;RUNX1;SH3GL1;TERT,89,49,0,0,0,,
OMIM:601631,Anterior segment dysgenesis 3,snv_fora_do_painel,True,FOXC1,17,8,0,0,0,,
OMIM:601634,"Neural tube defects, folate-sensitive",snv_fora_do_painel,False,MTHFD1;MTHFR;MTR;MTRR,123,89,0,0,0,,
OMIM:601650,Paragangliomas 2,snv_fora_do_painel,True,SDHAF2,13,6,0,0,0,,
OMIM:601665,OBESITY,snv_fora_do_painel,True,ADRB3;AGRP;CARTPT;ENPP1;GHRL;NR0B2;POMC;PPARG;SDC3;UCP3,23,16,0,0,0,,
OMIM:601675,"Trichothiodystrophy 1, photosensitive",snv_fora_do_painel,True,ERCC2,60,37,0,0,0,,
OMIM:601678,"Bartter syndrome, type 1, antenatal",snv_fora_do_painel,True,SLC12A1,73,47,0,0,0,,
OMIM:601680,"Arthrogryposis, distal, type 2B",snv_fora_do_painel,True,TNNI2,13,10,0,0,0,,
OMIM:601705,"T-CELL IMMUNODEFICIENCY, CONGENITAL ALOPECIA, AND NAIL DYSTROPHY",snv_fora_do_painel,True,FOXN1,69,19,0,0,0,,
OMIM:601707,Curry-Jones syndrome,sem_variante_patogenica,True,SMO,0,0,0,0,0,,
OMIM:601709,Quebec platelet disorder,sem_variante_patogenica,True,PLAU,0,0,0,0,0,,
OMIM:601718,Retinitis pigmentosa 19,snv_fora_do_painel,True,ABCA4,179,157,0,0,0,,
OMIM:601775,"Megaloblastic anemia, folate-responsive",sem_variante_patogenica,True,SLC19A1,0,0,0,0,0,,
OMIM:601776,"Ehlers-Danlos syndrome, musculocontractural type 1",snv_fora_do_painel,True,CHST14,14,10,0,0,0,,
OMIM:601777,Cone-Rod dystrophy 6,snv_fora_do_painel,True,GUCY2D,142,87,0,0,0,,
OMIM:601780,"Ceroid lipofuscinosis, neuronal, 6",snv_fora_do_painel,True,CLN6,57,34,0,0,0,,
OMIM:601800,"SKIN/HAIR/EYE PIGMENTATION, VARIATION IN, 3; SHEP3",snv_fora_do_painel,False,TYR,123,94,0,0,0,,
OMIM:601812,"Premature aging syndrome, Penttinen type",snv_fora_do_painel,True,PDGFRB,8,8,0,0,0,,
OMIM:601813,Exudative vitreoretinopathy 4,snv_fora_do_painel,True,LRP5,17,10,0,0,0,,
OMIM:601815,Phosphoglycerate dehydrogenase deficiency,snv_fora_do_painel,True,PHGDH,93,53,0,0,0,,
OMIM:601820,"Hyperinsulinemic hypoglycemia, familial, 2",snv_fora_do_painel,True,KCNJ11,14,11,0,0,0,,
OMIM:601846,Vacuolar neuromyopathy,snv_fora_do_painel,True,PLIN4,2,1,0,0,0,,
OMIM:601847,"Cholestasis, progressive familial intrahepatic 2",snv_fora_do_painel,True,ABCB11,187,134,0,0,0,,
OMIM:601859,Autoimmune lymphoproliferative syndrome,snv_fora_do_painel,True,FAS;FASLG,85,56,0,0,0,,
OMIM:601868,"Deafness, autosomal dominant nonsyndromic sensorineural 13",snv_fora_do_painel,True,COL11A2,20,13,0,0,0,,
OMIM:601869,"Deafness, autosomal recessive 15",snv_fora_do_painel,True,GIPC3,17,11,0,0,0,,
OMIM:601884,BONE MINERAL DENSITY QUANTITATIVE TRAIT LOCUS 1,snv_fora_do_painel,True,LRP5,1,1,0,0,0,,
OMIM:601885,"Cataract, zonular pulverulent 3",snv_fora_do_painel,True,GJA3,37,30,0,0,0,,
OMIM:601887,"Malignant hyperthermia, susceptibility to, 5",snv_fora_do_painel,False,CACNA1S,96,55,0,0,0,,
OMIM:601894,Glomerulopathy with fibronectin deposits 2,snv_fora_do_painel,True,FN1,7,6,0,0,0,,
OMIM:601942,"Diabetes mellitus, insulin-dependent, 10",snv_fora_do_painel,False,IL2RA,1,1,0,0,0,,
OMIM:601952,Keratosis linearis with ichthyosis congenita and sclerosing keratoderma,sem_snv,True,POMP,2,0,0,0,0,,
OMIM:601954,"Muscular dystrophy, limb-girdle, type 2G",snv_fora_do_painel,True,TCAP,14,6,0,0,0,,
OMIM:601977,Thrombocythemia 2,snv_fora_do_painel,True,MPL,44,29,0,0,0,,
OMIM:601979,Hyperzincemia with functional zinc depletion,snv_fora_do_painel,True,PSTPIP1,2,2,0,0,0,,
OMIM:601992,Friedreich ataxia 2,sem_variante_patogenica,True,FXN,0,0,0,0,0,,
OMIM:602014,"Hypomagnesemia 1, intestinal",snv_fora_do_painel,True,TRPM6,50,31,0,0,0,,
OMIM:602025,BODY MASS INDEX QUANTITATIVE TRAIT LOCUS 9; BMIQ9,sem_variante_patogenica,False,MC3R,0,0,0,0,0,,
OMIM:602032,"Ectodermal dysplasia 4, hair/nail type",sem_snv,True,KRT85,1,0,0,0,0,,
OMIM:602066,"Convulsions, familial infantile, with paroxysmal choreoathetosis",snv_fora_do_painel,True,PRRT2,21,11,0,0,0,,
OMIM:602078,"Fibrosis of extraocular muscles, congenital, 2",snv_fora_do_painel,True,PHOX2A,2,2,0,0,0,,
OMIM:602079,Trimethylaminuria,snv_fora_do_painel,True,FMO3,56,39,0,0,0,,
OMIM:602080,"Paget disease of bone 2, early-onset",snv_fora_do_painel,False,TNFRSF11A,42,20,0,0,0,,
OMIM:602081,Speech-language disorder-1,snv_fora_do_painel,True,FOXP2,21,17,0,0,0,,
OMIM:602082,"Corneal dystrophy of bowman layer, type II",snv_fora_do_painel,True,TGFBI,1,1,0,0,0,,
OMIM:602083,"Usher syndrome, type IF",snv_fora_do_painel,True,PCDH15,159,71,0,0,0,,
OMIM:602088,Nephronophthisis 2,snv_fora_do_painel,True,INVS,54,32,0,0,0,,
OMIM:602089,"Hemangioma, capillary infantile",snv_fora_do_painel,True,ANTXR1;FLT4;KDR,3,2,0,0,0,,
OMIM:602092,"Deafness, neurosensory, autosomal recessive 18",snv_fora_do_painel,True,USH1C,83,50,0,0,0,,
OMIM:602093,Cone dystrophy 3,snv_fora_do_painel,True,GUCA1A,16,15,0,0,0,,
OMIM:602099,"Amyotrophic lateral sclerosis 5, juvenile",snv_fora_do_painel,True,SPG11,109,49,0,0,0,,
OMIM:602111,"Spondyloepimetaphyseal dysplasia, Missouri type",snv_fora_do_painel,True,MMP13,5,5,0,0,0,,
OMIM:602152,Rhyns syndrome,snv_fora_do_painel,True,TMEM67,7,5,0,0,0,,
OMIM:602271,"Spondylometaphyseal dysplasia, axial",snv_fora_do_painel,True,CFAP410,13,11,0,0,0,,
OMIM:602342,Pierpont syndrome,snv_fora_do_painel,True,TBL1XR1,38,29,0,0,0,,
OMIM:602347,"Cholestasis, progressive familial intrahepatic, 3",snv_fora_do_painel,True,ABCB11;ABCB4;ATP8B1,61,45,0,0,0,,
OMIM:602361,Gracile bone dysplasia,snv_fora_do_painel,True,FAM111A,6,5,0,0,0,,
OMIM:602390,"Hemochromatosis, type 2A",snv_fora_do_painel,True,HJV,51,30,0,0,0,,
OMIM:602398,Desmosterolosis,snv_fora_do_painel,True,DHCR24,4,4,0,0,0,,
OMIM:602400,"Ichthyosis, congenital, autosomal recessive 11",snv_fora_do_painel,True,ST14,7,6,0,0,0,,
OMIM:602433,"Amyotrophic lateral sclerosis 4, juvenile",snv_fora_do_painel,True,SETX,41,21,0,0,0,,
OMIM:602450,Severe combined immunodeficiency with sensitivity to ionizing radiation,snv_fora_do_painel,True,DCLRE1C,127,71,0,0,0,,
OMIM:602459,"Deafness, autosomal dominant 15",snv_fora_do_painel,True,POU4F3,44,24,0,0,0,,
OMIM:602471,"Short stature, auditory canal atresia, mandibular hypoplasia, andskeletal abnormalities",snv_fora_do_painel,True,GSC,3,2,0,0,0,,
OMIM:602473,"Encephalopathy, ethylmalonic",snv_fora_do_painel,True,ETHE1,84,47,0,0,0,,
OMIM:602477,"Febrile seizures, familial, 2",snv_fora_do_painel,True,HCN2,2,2,0,0,0,,
OMIM:602481,"Migraine, familial hemiplegic, 2",snv_fora_do_painel,True,ATP1A2,33,30,0,0,0,,
OMIM:602482,"Axenfeld-Rieger syndrome, type 3",snv_fora_do_painel,True,FOXC1,107,42,0,0,0,,
OMIM:602483,Auriculocondylar syndrome 1,snv_fora_do_painel,True,GNAI3,11,10,0,0,0,,
OMIM:602485,"Hyperinsulinemic hypoglycemia, familial, 3",snv_fora_do_painel,True,GCK,40,36,0,0,0,,
OMIM:602501,"Megalencephaly-capillary malformation-polymicrogyria syndrome, somatic",snv_fora_do_painel,True,PIK3CA,37,36,0,0,0,,
OMIM:602522,"Bartter syndrome, type 4A, neonatal, with sensorineural deafness",snv_fora_do_painel,True,BSND,17,12,0,0,0,,
OMIM:602531,Grange syndrome,snv_fora_do_painel,True,YY1AP1,10,7,0,0,0,,
OMIM:602535,Marshall-Smith syndrome,snv_fora_do_painel,True,NFIX,62,23,0,0,0,,
OMIM:602540,"Ichthyosis, hystrix-like, with deafness",snv_fora_do_painel,True,GJB2,4,4,0,0,0,,
OMIM:602541,"Muscular dystrophy, congenital, megaconial type",snv_fora_do_painel,True,CHKB,39,23,0,0,0,,
OMIM:602557,"Spondyloepimetaphyseal dysplasia, Shohat type",snv_fora_do_painel,True,DDRGK1,2,2,0,0,0,,
OMIM:602579,"Congenital disorder of glycosylation, type Ib",snv_fora_do_painel,True,MPI,112,45,0,0,0,,
OMIM:602588,Branchiootic syndrome 1,snv_fora_do_painel,True,EYA1,35,23,0,0,0,,
OMIM:602629,"Dystonia 6, torsion",snv_fora_do_painel,True,THAP1,41,22,0,0,0,,
OMIM:602668,Dystrophia myotonica 2,sem_variante_patogenica,True,CNBP,0,0,0,0,0,,
OMIM:602722,"Distal renal tubular acidosis 3, with or without sensorineural hearing loss",snv_fora_do_painel,True,ATP6V0A4,61,41,0,0,0,,
OMIM:602723,Psoriasis 2,snv_fora_do_painel,True,CARD14,10,9,0,0,0,,
OMIM:602771,Rigid spine muscular dystrophy 1,snv_fora_do_painel,True,SELENON,106,51,0,0,0,,
OMIM:602772,Retinitis pigmentosa 25,snv_fora_do_painel,True,EYS,513,260,0,0,0,,
OMIM:602782,Histiocytosis-lymphadenopathy plus syndrome,snv_fora_do_painel,True,SLC29A3,45,24,0,0,0,,
OMIM:602849,Muenke syndrome,snv_fora_do_painel,True,FGFR3,3,3,0,0,0,,
OMIM:602875,"Acromesomelic dysplasia, Maroteaux type",snv_fora_do_painel,True,NPR2,70,50,0,0,0,,
OMIM:603034,"Myasthenic syndrome, congenital, 5",snv_fora_do_painel,True,COLQ,81,56,0,0,0,,
OMIM:603041,Mitochondrial DNA depletion syndrome 1 (MNGIE type),snv_fora_do_painel,True,POLG;TYMP,107,76,0,0,0,,
OMIM:603075,"Macular degeneration, age-related, 1",sem_snv,False,APOE;CFHR1;CFHR3;HMCN1,1,0,0,0,0,,
OMIM:603116,CDAGS syndrome,snv_fora_do_painel,True,RNU12,4,4,0,0,0,,
OMIM:603147,"Congenital disorder of glycosylation, type Ic",snv_fora_do_painel,True,ALG6,114,56,0,0,0,,
OMIM:603194,"Meckel syndrome, type 2",snv_fora_do_painel,True,TMEM216,18,12,0,0,0,,
OMIM:603218,Huntington disease-like 1,snv_fora_do_painel,True,PRNP,13,11,0,0,0,,
OMIM:603233,"Pseudohypoparathyroidism, type IB",snv_fora_do_painel,True,GNAS;GNAS-AS1;STX16,12,7,0,0,0,,
OMIM:603278,Focal segmental glomerulosclerosis 1,snv_fora_do_painel,True,ACTN4,13,12,0,0,0,,
OMIM:603284,Cerebral cavernous malformations 2,snv_fora_do_painel,True,CCM2,79,42,0,0,0,,
OMIM:603285,Cerebral cavernous malformations 3,snv_fora_do_painel,True,PDCD10,59,25,0,0,0,,
OMIM:603358,Gracile syndrome,snv_fora_do_painel,True,BCS1L,72,49,0,0,0,,
OMIM:603373,"Hyperthyroidism, familial gestational",snv_fora_do_painel,True,TSHR,18,14,0,0,0,,
OMIM:603383,"Glaucoma 1, open angle, F",sem_variante_patogenica,True,ASB10,0,0,0,0,0,,
OMIM:603387,Megalencephaly-Polymicrogyria-Polydactyly-Hydrocephalus syndrome,snv_fora_do_painel,True,PIK3R2,8,8,0,0,0,,
OMIM:603457,Bosma arhinia microphthalmia syndrome,snv_fora_do_painel,True,SMCHD1,11,11,0,0,0,,
OMIM:603467,"Fanconi anemia, complementation group F",snv_fora_do_painel,True,FANCF,26,9,0,0,0,,
OMIM:603471,"Citrullinemia, type II, adult-onset",snv_fora_do_painel,True,SLC25A13,78,56,0,0,0,,
OMIM:603472,Neuronal intranuclear inclusion disease,sem_variante_patogenica,True,NOTCH2NLC,0,0,0,0,0,,
OMIM:603511,"Muscular dystrophy, limb-girdle, type 1E",snv_fora_do_painel,True,DNAJB6,14,13,0,0,0,,
OMIM:603516,Spinocerebellar ataxia 10,sem_variante_patogenica,True,ATXN10,0,0,0,0,0,,
OMIM:603543,Limb-Mammary syndrome,snv_fora_do_painel,True,TP63,4,2,0,0,0,,
OMIM:603546,"Spondyloepimetaphyseal dysplasia with joint laxity, type 2",snv_fora_do_painel,True,KIF22,7,7,0,0,0,,
OMIM:603552,"Hemophagocytic lymphohistiocytosis, familial, 4",snv_fora_do_painel,True,STX11,20,10,0,0,0,,
OMIM:603553,"Hemophagocytic lymphohistiocytosis, familial, 2",snv_fora_do_painel,True,PRF1,119,76,0,0,0,,
OMIM:603554,Omenn syndrome,snv_fora_do_painel,True,DCLRE1C;RAG1;RAG2,168,118,0,0,0,,
OMIM:603563,"Spastic paraplegia 8, autosomal dominant",snv_fora_do_painel,True,WASHC5,28,19,0,0,0,,
OMIM:603585,"Congenital disorder of glycosylation, type IIf",snv_fora_do_painel,True,SLC35A1,4,4,0,0,0,,
OMIM:603592,"Xanthinuria, type II",snv_fora_do_painel,True,MOCOS,65,36,0,0,0,,
OMIM:603622,"Deafness, autosomal dominant nonsyndromic sensorineural 17",snv_fora_do_painel,True,MYH9,12,12,0,0,0,,
OMIM:603629,"Deafness, autosomal recessive 21",snv_fora_do_painel,True,TECTA,40,27,0,0,0,,
OMIM:603671,Acromelic frontonasal dysostosis,snv_fora_do_painel,True,ZSWIM6,1,1,0,0,0,,
OMIM:603688,Prostate cancer/brain cancer susceptibility,sem_variante_patogenica,False,EPHB2,0,0,0,0,0,,
OMIM:603689,"Myopathy, myofibrillar, 9, with early respiratory failure",snv_fora_do_painel,True,TTN,30,17,0,0,0,,
OMIM:603720,"Deafness, autosomal recessive 16",snv_fora_do_painel,True,STRC,39,26,0,0,0,,
OMIM:603736,"Ohdo syndrome, Say-Barber-Biesecker-Young-Simpson variant",snv_fora_do_painel,True,KAT6B,66,26,0,0,0,,
OMIM:603776,"Hypercholesterolemia, familial, 3",snv_fora_do_painel,True,PCSK9,9,9,0,0,0,,
OMIM:603786,Stargardt disease 4,snv_fora_do_painel,True,PROM1,7,5,0,0,0,,
OMIM:603813,"Hypercholesterolemia, autosomal recessive",snv_fora_do_painel,True,LDLRAP1,59,31,0,0,0,,
OMIM:603829,"Ventricular fibrillation, familial, 1",snv_fora_do_painel,True,SCN5A,1,1,0,0,0,,
OMIM:603830,Long QT syndrome 3,snv_fora_do_painel,True,SCN5A,43,38,0,0,0,,
OMIM:603896,Leukoencephalopathy with vanishing white matter,snv_fora_do_painel,True,EIF2B1,41,34,0,0,0,,
OMIM:603902,"Thalassemia-beta, dominant inclusion-body",alelo_patogenico_ensaiado,True,HBB,25,14,3,2,0,2,15161;15333
OMIM:603903,Sickle cell anemia,alelo_patogenico_ensaiado,True,HBB,35,28,3,2,0,2,15161;15333
OMIM:603909,"Autoimmune lymphoproliferative syndrome, type IIA",sem_snv,True,CASP10,1,0,0,0,0,,
OMIM:603956,Cervical cancer,snv_fora_do_painel,True,FGFR3,5,3,0,0,0,,
OMIM:603965,Focal segmental glomerulosclerosis 2,snv_fora_do_painel,True,TRPC6,26,14,0,0,0,,
OMIM:604004,Megalencephalic leukoencephalopathy with subcortical cysts 1,snv_fora_do_painel,True,HEPACAM;MLC1,70,52,0,0,0,,
OMIM:604091,"HDL deficiency, familial, 1",snv_fora_do_painel,True,ABCA1,9,5,0,0,0,,
OMIM:604093,Keratosis pilaris atrophicans,sem_variante_patogenica,True,LRP1,0,0,0,0,0,,
OMIM:604116,Cone-rod dystrophy 3,snv_fora_do_painel,True,ABCA4,179,158,0,0,0,,
OMIM:604117,"Vohwinkel syndrome, variant form",snv_fora_do_painel,True,LORICRIN,5,2,0,0,0,,
OMIM:604121,"Cerebellar ataxia, deafness, and narcolepsy, autosomal dominant",snv_fora_do_painel,True,DNMT1,6,6,0,0,0,,
OMIM:604129,Epidermolysis bullosa pruriginosa,snv_fora_do_painel,True,COL7A1,22,18,0,0,0,,
OMIM:604131,ALPHA-THALASSEMIA,alelo_patogenico_ensaiado,True,HBA1;HBA2,273,98,3,2,0,2,15161;15333
OMIM:604145,"Cardiomyopathy, dilated, 1G",snv_fora_do_painel,True,TTN,4447,1861,0,0,0,,
OMIM:604168,"Congenital cataracts, facial dysmorphism, and neuropathy",snv_fora_do_painel,True,CTDP1,2,2,0,0,0,,
OMIM:604169,Left ventricular noncompaction 1,snv_fora_do_painel,True,DTNA,2,1,0,0,0,,
OMIM:604173,Poikiloderma with neutropenia,snv_fora_do_painel,True,USB1,17,10,0,0,0,,
OMIM:604187,"Spastic paraplegia 10, autosomal dominant",snv_fora_do_painel,True,KIF5A,26,25,0,0,0,,
OMIM:604213,Chudley-Mccullough syndrome,snv_fora_do_painel,True,GPSM2,22,13,0,0,0,,
OMIM:604218,"Encephalopathy, familial, with neuroserpin inclusion bodies",snv_fora_do_painel,True,SERPINI1,6,6,0,0,0,,
OMIM:604219,"Cataract 9, multiple types",snv_fora_do_painel,True,CRYAA,8,8,0,0,0,,
OMIM:604229,"Anterior segment dysgenesis 5, multiple subtypes",snv_fora_do_painel,True,PAX6,183,106,0,0,0,,
OMIM:604232,"Leber congenital amaurosis-3 (LCA3)/Retinitis pigmentosa, juvenile, autosomal recessive",snv_fora_do_painel,True,SPATA7,57,25,0,0,0,,
OMIM:604233,"Generalized epilepsy with febrile seizures plus, type 1",snv_fora_do_painel,True,SCN1B,21,21,0,0,0,,
OMIM:604250,"Hemochromatosis, type 3",snv_fora_do_painel,True,TFR2,90,46,0,0,0,,
OMIM:604271,"Growth hormone insensitivity, partial",snv_fora_do_painel,True,GHR,5,5,0,0,0,,
OMIM:604273,"Mitochondrial complex V (ATP synthase) deficiency, nuclear type 1",snv_fora_do_painel,True,ATPAF2,2,2,0,0,0,,
OMIM:604278,"Renal tubular acidosis, proximal, with ocular abnormalities and mentalretardation",snv_fora_do_painel,True,SLC4A4,13,9,0,0,0,,
OMIM:604286,"Muscular dystrophy, limb-girdle, type 2E",snv_fora_do_painel,True,SGCB,114,49,0,0,0,,
OMIM:604290,ACERULOPLASMINEMIA,snv_fora_do_painel,True,CP,65,38,0,0,0,,
OMIM:604292,"Ectrodactyly, ectodermal dysplasia, and cleft lip/palate syndrome 3",snv_fora_do_painel,True,TP63,21,18,0,0,0,,
OMIM:604307,"Cataract 2, multiple types",snv_fora_do_painel,True,CRYGC,8,5,0,0,0,,
OMIM:604308,Mass syndrome,snv_fora_do_painel,True,FBN1,9,5,0,0,0,,
OMIM:604317,"Microcephaly 2, primary, autosomal recessive, with or without cortical malformations",snv_fora_do_painel,True,WDR62,76,42,0,0,0,,
OMIM:604320,"Spinal muscular atrophy, distal, autosomal recessive, 1",snv_fora_do_painel,True,IGHMBP2,151,85,0,0,0,,
OMIM:604321,"Microcephaly 4, primary, autosomal recessive",snv_fora_do_painel,True,KNL1,9,3,0,0,0,,
OMIM:604326,Spinocerebellar ataxia 12,sem_variante_patogenica,True,PPP2R2B,0,0,0,0,0,,
OMIM:604348,"Advanced sleep phase syndrome, familial, 1",snv_fora_do_painel,True,PER2,2,1,0,0,0,,
OMIM:604352,"Febrile seizures, familial, 4",snv_fora_do_painel,True,ADGRV1,61,37,0,0,0,,
OMIM:604356,Duane retraction syndrome 2,snv_fora_do_painel,True,CHN1,13,10,0,0,0,,
OMIM:604360,"Spastic paraplegia 11, autosomal recessive",snv_fora_do_painel,True,SPG11,484,203,0,0,0,,
OMIM:604364,"Epilepsy, familial focal, with variable foci",snv_fora_do_painel,True,DEPDC5,105,71,0,0,0,,
OMIM:604367,"Lipodystrophy, familial partial, type 3",snv_fora_do_painel,True,PPARG,26,21,0,0,0,,
OMIM:604369,Salla disease,snv_fora_do_painel,True,SLC17A5,110,58,0,0,0,,
OMIM:604370,"Breast-Ovarian cancer, familial, susceptibility to, 1",snv_fora_do_painel,False,BRCA1,2947,857,0,0,0,,
OMIM:604377,"Mitochondrial complex IV deficiency, nuclear type 2",snv_fora_do_painel,True,SCO2,23,14,0,0,0,,
OMIM:604379,Hypotrichosis 7,snv_fora_do_painel,True,LIPH,9,3,0,0,0,,
OMIM:604387,Nephronophthisis 3,snv_fora_do_painel,True,NPHP3,57,32,0,0,0,,
OMIM:604391,Ataxia-telangiectasia-like disorder 1,snv_fora_do_painel,True,MRE11,65,38,0,0,0,,
OMIM:604393,Leber congenital amaurosis 4,snv_fora_do_painel,True,AIPL1,63,40,0,0,0,,
OMIM:604400,"Arrhythmogenic right ventricular dysplasia, familial, 5",snv_fora_do_painel,True,TMEM43,2,2,0,0,0,,
OMIM:604403,"Generalized epilepsy with febrile seizures plus, type 2",snv_fora_do_painel,True,SCN1A,186,146,0,0,0,,
OMIM:604416,"Pyogenic sterile arthritis, pyoderma gangrenosum, and acne",snv_fora_do_painel,True,PSTPIP1,3,3,0,0,0,,
OMIM:604432,Spinocerebellar ataxia 11,snv_fora_do_painel,True,TTBK2,4,1,0,0,0,,
OMIM:604454,Welander distal myopathy,snv_fora_do_painel,True,TIA1,1,1,0,0,0,,
OMIM:604484,"Neuropathy, hereditary motor and sensory, Okinawa type",snv_fora_do_painel,True,TFG,4,4,0,0,0,,
OMIM:604498,"Amegakaryocytic thrombocytopenia, congenital",snv_fora_do_painel,True,MPL,47,29,0,0,0,,
OMIM:604536,Ectodermal dysplasia/skin fragility syndrome,snv_fora_do_painel,True,PKP1,8,6,0,0,0,,
OMIM:604537,Leber congenital amaurosis 5,snv_fora_do_painel,True,LCA5,79,38,0,0,0,,
OMIM:604559,"Progressive familial heart block, type IB",snv_fora_do_painel,True,TRPM4,4,4,0,0,0,,
OMIM:604563,"Charcot-Marie-Tooth disease, type 4B2",snv_fora_do_painel,True,SBF2,18,13,0,0,0,,
OMIM:604571,"Bare lymphocyte syndrome, type I",snv_fora_do_painel,True,TAP1,3,2,0,0,0,,
OMIM:604625,"Tooth agenesis, selective, 3",snv_fora_do_painel,True,PAX9,27,17,0,0,0,,
OMIM:604715,Orthostatic intolerance,snv_fora_do_painel,True,SLC6A2,1,1,0,0,0,,
OMIM:604717,"Deafness, autosomal dominant 20",snv_fora_do_painel,True,ACTG1,28,27,0,0,0,,
OMIM:604757,Craniosynostosis 2,snv_fora_do_painel,True,MSX2,3,3,0,0,0,,
OMIM:604765,"Cardiomyopathy, dilated, 1I",snv_fora_do_painel,True,DES,16,8,0,0,0,,
OMIM:604772,"Ventricular tachycardia, catecholaminergic polymorphic, 1, with or without atrial dysfunction and/or dilated cardiomyopathy",snv_fora_do_painel,True,CASQ2;RYR2;TRDN,269,228,0,0,0,,
OMIM:604777,"Ichthyosis, congenital, autosomal recessive 5",snv_fora_do_painel,True,CYP4F22,44,33,0,0,0,,
OMIM:604804,"Microcephaly 3, primary, autosomal recessive",snv_fora_do_painel,True,CDK5RAP2,44,25,0,0,0,,
OMIM:604805,"Spastic paraplegia 12, autosomal dominant",snv_fora_do_painel,True,RTN2,5,2,0,0,0,,
OMIM:604841,"Stickler syndrome, type II",snv_fora_do_painel,True,COL11A1,51,41,0,0,0,,
OMIM:604864,Osteoarthritis with mild chondrodysplasia,snv_fora_do_painel,True,COL2A1,2,2,0,0,0,,
OMIM:604919,Becker nevus syndrome,snv_fora_do_painel,True,ACTB,1,1,0,0,0,,
OMIM:604928,Wolfram syndrome 2,snv_fora_do_painel,True,CISD2,3,3,0,0,0,,
OMIM:604931,Cortisone reductase deficiency 1,snv_fora_do_painel,True,H6PD,7,4,0,0,0,,
OMIM:605013,MICROHYDRANENCEPHALY,snv_fora_do_painel,True,NDE1,4,1,0,0,0,,
OMIM:605019,"Hypobetalipoproteinemia, familial, 2",snv_fora_do_painel,True,ANGPTL3,9,3,0,0,0,,
OMIM:605021,"Myoclonic epilepsy, familial infantile",snv_fora_do_painel,True,TBC1D24,6,4,0,0,0,,
OMIM:605027,"Lymphoma, non-hodgkin, familial",snv_fora_do_painel,True,BCL10;CASP10;PRF1;RAD54B;RAD54L,35,26,0,0,0,,
OMIM:605039,Bohring-Opitz syndrome,snv_fora_do_painel,True,ASXL1,73,32,0,0,0,,
OMIM:605041,Brooke-Spiegler syndrome,snv_fora_do_painel,True,CYLD,16,6,0,0,0,,
OMIM:605074,"Renal cell carcinoma, papillary, 1, familial and somatic",snv_fora_do_painel,True,MET;PRCC,8,6,0,0,0,,
OMIM:605115,"Hypertension, early-onset, autosomal dominant, with severe exacerbationin pregnancy",snv_fora_do_painel,True,NR3C2,3,3,0,0,0,,
OMIM:605130,Wiedemann-Steiner syndrome,snv_fora_do_painel,True,KMT2A,259,124,0,0,0,,
OMIM:605192,"Deafness, autosomal dominant 23",snv_fora_do_painel,True,SIX1,13,11,0,0,0,,
OMIM:605231,Bardet-Biedl syndrome 6,snv_fora_do_painel,True,MKKS,47,22,0,0,0,,
OMIM:605253,"Neuropathy, congenital hypomyelinating, 1, autosomal recessive",sem_variante_patogenica,True,EGR2,0,0,0,0,0,,
OMIM:605258,"Immunodeficiency with hyper-igm, type 2",snv_fora_do_painel,True,AICDA,34,28,0,0,0,,
OMIM:605259,Spinocerebellar ataxia 13,snv_fora_do_painel,True,KCNC3,6,5,0,0,0,,
OMIM:605275,Noonan syndrome 2,snv_fora_do_painel,True,LZTR1,71,48,0,0,0,,
OMIM:605280,"Spastic paraplegia 13, autosomal dominant",snv_fora_do_painel,True,HSPD1,2,2,0,0,0,,
OMIM:605282,Temtamy preaxial brachydactyly syndrome,snv_fora_do_painel,True,CHSY1,7,3,0,0,0,,
OMIM:605285,"Neuropathy, hereditary motor and sensory, Russe type",snv_fora_do_painel,True,HK1,6,6,0,0,0,,
OMIM:605289,Split-Hand/foot malformation 4,snv_fora_do_painel,True,TP63,9,8,0,0,0,,
OMIM:605309,Macrocephaly/autism syndrome,snv_fora_do_painel,True,PTEN,86,57,0,0,0,,
OMIM:605355,"Nemaline myopathy 5, Amish type",snv_fora_do_painel,True,TNNT1,26,15,0,0,0,,
OMIM:605361,Spinocerebellar ataxia 14,snv_fora_do_painel,True,PRKCG,32,31,0,0,0,,
OMIM:605362,"Cardiomyopathy, dilated, 1J",snv_fora_do_painel,True,EYA4,39,23,0,0,0,,
OMIM:605373,Paragangliomas 3,snv_fora_do_painel,True,SDHC,72,45,0,0,0,,
OMIM:605375,"Epilepsy, nocturnal frontal lobe, 3",snv_fora_do_painel,True,CHRNB2,6,6,0,0,0,,
OMIM:605376,"Heterotaxy, visceral, 2, autosomal",snv_fora_do_painel,True,CFC1,3,1,0,0,0,,
OMIM:605387,"Cataract 31, multiple types",snv_fora_do_painel,True,CHMP4B,3,3,0,0,0,,
OMIM:605389,Hypotrichosis 1,snv_fora_do_painel,True,APCDD1,1,1,0,0,0,,
OMIM:605407,"Segawa syndrome, autosomal recessive",snv_fora_do_painel,True,TH,141,90,0,0,0,,
OMIM:605428,"Deafness, autosomal recessive 26",snv_fora_do_painel,True,GAB1,1,1,0,0,0,,
OMIM:605432,Radioulnar synostosis with amegakaryocytic thrombocytopenia,sem_snv,True,HOXA11,1,0,0,0,0,,
OMIM:605462,"Basal cell carcinoma, susceptibility to, 1",snv_fora_do_painel,True,PTCH1;PTCH2;RASA1;SMO,15,10,0,0,0,,
OMIM:605472,"Usher syndrome, type IIC",snv_fora_do_painel,True,ADGRV1;PDZD7,134,89,0,0,0,,
OMIM:605479,"Cholestasis, benign recurrent intrahepatic, 2",snv_fora_do_painel,True,ABCB11,101,80,0,0,0,,
OMIM:605543,Parkinson disease 4,snv_fora_do_painel,True,SNCA,1,1,0,0,0,,
OMIM:605583,"Deafness, autosomal dominant 25",snv_fora_do_painel,True,SLC17A8,5,3,0,0,0,,
OMIM:605588,"Charcot-Marie-Tooth disease, axonal, type 2B1",snv_fora_do_painel,True,LMNA,3,3,0,0,0,,
OMIM:605589,"Charcot-Marie-Tooth disease, axonal, type 2B2",snv_fora_do_painel,True,MED25;PNKP,9,3,0,0,0,,
OMIM:605594,"Deafness, autosomal dominant 39, with dentinogenesis imperfecta 1",sem_snv,True,DSPP,2,0,0,0,0,,
OMIM:605635,"Hyperaldosteronism, familial, type II",snv_fora_do_painel,True,CLCN2,17,13,0,0,0,,
OMIM:605637,"Myopathy, proximal, and ophthalmoplegia",snv_fora_do_painel,True,MYH2,110,63,0,0,0,,
OMIM:605670,"Retinal degeneration, late-onset, autosomal dominant",snv_fora_do_painel,True,C1QTNF5,4,3,0,0,0,,
OMIM:605676,"Cardiomyopathy, dilated, with woolly hair and keratoderma",snv_fora_do_painel,True,DSP,582,249,0,0,0,,
OMIM:605711,Multiple mitochondrial dysfunctions syndrome 1,snv_fora_do_painel,True,NFU1,11,9,0,0,0,,
OMIM:605714,"Cerebral amyloid angiopathy, APP-related",snv_fora_do_painel,True,APP,7,6,0,0,0,,
OMIM:605724,"Fanconi anemia, complementation group D1",snv_fora_do_painel,True,BRCA2,47,19,0,0,0,,
OMIM:605726,"Spinal muscular atrophy, distal, autosomal recessive, 2",snv_fora_do_painel,True,SIGMAR1,23,14,0,0,0,,
OMIM:605751,"Seizures, benign familial infantile, 2",snv_fora_do_painel,True,PRRT2,28,11,0,0,0,,
OMIM:605803,"Dermatitis, atopic, susceptibility to, 2",snv_fora_do_painel,False,FLG,44,30,0,0,0,,
OMIM:605809,"Myasthenic syndrome, congenital, 4A, slow-channel",snv_fora_do_painel,True,CHRNE,195,91,0,0,0,,
OMIM:605814,"Citrullinemia, type II, neonatal-onset",snv_fora_do_painel,True,SLC25A13,60,40,0,0,0,,
OMIM:605820,Nonaka myopathy,snv_fora_do_painel,True,GNE,169,111,0,0,0,,
OMIM:605822,Spondyloocular syndrome,snv_fora_do_painel,True,XYLT2,8,2,0,0,0,,
OMIM:605850,Dimethylglycine dehydrogenase deficiency,snv_fora_do_painel,True,DMGDH,2,2,0,0,0,,
OMIM:605899,Glycine encephalopathy,snv_fora_do_painel,True,GLDC,178,141,0,0,0,,
OMIM:605909,"Parkinson disease 6, autosomal recessive early-onset",snv_fora_do_painel,True,PINK1,47,26,0,0,0,,
OMIM:605911,HMG-CoA synthase-2 deficiency,snv_fora_do_painel,True,HMGCS2,53,42,0,0,0,,
OMIM:606002,"Spinocerebellar ataxia, autosomal recessive 1",snv_fora_do_painel,True,SETX,75,30,0,0,0,,
OMIM:606003,Transaldolase deficiency,snv_fora_do_painel,True,TALDO1,14,8,0,0,0,,
OMIM:606053,Intellectual developmental disorder with autism and speech delay,snv_fora_do_painel,True,TBR1,35,22,0,0,0,,
OMIM:606054,Propionic acidemia,snv_fora_do_painel,True,PCCA;PCCB,483,291,0,0,0,,
OMIM:606056,"Congenital disorder of glycosylation, type IIB",snv_fora_do_painel,True,MOGS,36,20,0,0,0,,
OMIM:606068,Retinitis pigmentosa 28,snv_fora_do_painel,True,FAM161A,85,43,0,0,0,,
OMIM:606069,"Hemochromatosis, type 4",snv_fora_do_painel,True,SLC40A1,41,38,0,0,0,,
OMIM:606070,Amyotrophic lateral sclerosis 21,snv_fora_do_painel,True,MATR3,1,1,0,0,0,,
OMIM:606071,"Hereditary motor and sensory neuropathy, type IIC",snv_fora_do_painel,True,TRPV4,37,34,0,0,0,,
OMIM:606072,Rippling muscle disease,snv_fora_do_painel,True,CAV3,9,8,0,0,0,,
OMIM:606159,Neurodegeneration with brain iron accumulation 3,snv_fora_do_painel,True,FTL,23,15,0,0,0,,
OMIM:606164,Diamond-Blackfan anemia 15 with mandibulofacial dysostosis,snv_fora_do_painel,True,RPS28,3,3,0,0,0,,
OMIM:606170,Genitopatellar syndrome,snv_fora_do_painel,True,KAT6B,53,20,0,0,0,,
OMIM:606176,"Diabetes mellitus, permanent neonatal 1",snv_fora_do_painel,True,GCK,35,30,0,0,0,,
OMIM:606217,"Atrioventricular septal defect, partial, with heterotaxy syndrome",snv_fora_do_painel,True,CRELD1,5,2,0,0,0,,
OMIM:606220,"Intellectual developmental disorder with short stature, facial anomalies, and speech defects",snv_fora_do_painel,True,FBXL3,5,4,0,0,0,,
OMIM:606232,Phelan-Mcdermid syndrome,snv_fora_do_painel,True,SHANK3,94,25,0,0,0,,
OMIM:606243,Alveolar soft part sarcoma,sem_variante_patogenica,True,ASPSCR1,0,0,0,0,0,,
OMIM:606324,"Parkinson disease 7, autosomal recessive early-onset",snv_fora_do_painel,True,PARK7,12,8,0,0,0,,
OMIM:606346,"Deafness, autosomal dominant 22",snv_fora_do_painel,True,MYO6,30,18,0,0,0,,
OMIM:606353,"Primary lateral sclerosis, juvenile",snv_fora_do_painel,True,ALS2,13,8,0,0,0,,
OMIM:606367,Immunodeficiency 41 with lymphoproliferation and autoimmunity,snv_fora_do_painel,True,IL2RA,14,11,0,0,0,,
OMIM:606392,"Maturity-onset diabetes of the young, type 4",snv_fora_do_painel,True,PDX1,8,6,0,0,0,,
OMIM:606394,Maturity-onset diabetes of the young 6,snv_fora_do_painel,True,NEUROD1,2,2,0,0,0,,
OMIM:606408,"Ehlers-Danlos syndrome, classic-like",snv_fora_do_painel,True,TNXB,91,36,0,0,0,,
OMIM:606438,Huntington disease-like 2,sem_variante_patogenica,True,JPH3,0,0,0,0,0,,
OMIM:606482,"Charcot-Marie-Tooth disease, dominant intermediate B",snv_fora_do_painel,True,DNM2,25,25,0,0,0,,
OMIM:606483,"Charcot-Marie-Tooth disease, axonal, type 2GG",snv_fora_do_painel,True,GBF1,4,4,0,0,0,,
OMIM:606545,"Ichthyosis, congenital, autosomal recessive 3",snv_fora_do_painel,True,ALOXE3,33,24,0,0,0,,
OMIM:606574,"Albinism, oculocutaneous, type IV",snv_fora_do_painel,True,SLC45A2,54,36,0,0,0,,
OMIM:606579,Vitiligo-Associated multiple autoimmune disease susceptibility 1,sem_variante_patogenica,False,NLRP1,0,0,0,0,0,,
OMIM:606593,LIG4 syndrome,snv_fora_do_painel,True,LIG4,104,36,0,0,0,,
OMIM:606595,"Charcot-Marie-Tooth disease, axonal, type 2F",snv_fora_do_painel,True,HSPB1,31,22,0,0,0,,
OMIM:606612,"Muscular dystrophy-dystroglycanopathy (congenital with or without impaired intellectual development), type B, 5",snv_fora_do_painel,True,FKRP,38,26,0,0,0,,
OMIM:606631,"Camurati-engelmann disease, type 2",sem_variante_patogenica,True,TGFB2,0,0,0,0,0,,
OMIM:606658,Spinocerebellar ataxia 15,snv_fora_do_painel,True,ITPR1,14,12,0,0,0,,
OMIM:606660,"Uveal melanoma, susceptibility to, 1",snv_fora_do_painel,False,MBD4,3,2,0,0,0,,
OMIM:606661,"Melanoma, uveal, susceptibility to, 2",snv_fora_do_painel,False,BAP1,7,4,0,0,0,,
OMIM:606664,GLYCINE N-METHYLTRANSFERASE DEFICIENCY,snv_fora_do_painel,True,GNMT,2,2,0,0,0,,
OMIM:606685,"Cardiomyopathy, dilated, 1L",snv_fora_do_painel,True,SGCD,15,10,0,0,0,,
OMIM:606688,Spongiform encephalopathy with neuropsychiatric features,snv_fora_do_painel,True,PRNP,5,5,0,0,0,,
OMIM:606690,LYMPHANGIOLEIOMYOMATOSIS,snv_fora_do_painel,True,TSC1;TSC2,98,60,0,0,0,,
OMIM:606693,Kufor-Rakeb syndrome,snv_fora_do_painel,True,ATP13A2,72,37,0,0,0,,
OMIM:606703,"Dyskinesia, familial, with facial myokymia",snv_fora_do_painel,True,ADCY5,17,16,0,0,0,,
OMIM:606705,"Deafness, autosomal dominant 36",snv_fora_do_painel,True,TMC1,28,24,0,0,0,,
OMIM:606713,Van der woude syndrome 2,snv_fora_do_painel,True,GRHL3,10,6,0,0,0,,
OMIM:606719,Melanoma-Pancreatic cancer syndrome,snv_fora_do_painel,False,CDKN2A,51,33,0,0,0,,
OMIM:606721,"Lipodystrophy, familial partial, type 7",snv_fora_do_painel,True,CAV1,6,2,0,0,0,,
OMIM:606744,Seckel syndrome 2,snv_fora_do_painel,True,RBBP8,3,3,0,0,0,,
OMIM:606762,"Hyperinsulinemic hypoglycemia, familial, 6",snv_fora_do_painel,True,GLUD1,10,10,0,0,0,,
OMIM:606763,"Ciliary dyskinesia, primary, 2",snv_fora_do_painel,True,DNAAF3,17,8,0,0,0,,
OMIM:606764,Gastrointestinal stromal tumor,snv_fora_do_painel,True,KIT;SDHB;SDHC,351,207,0,0,0,,
OMIM:606766,Spermatogenic failure 3,snv_fora_do_painel,True,SLC26A8,3,2,0,0,0,,
OMIM:606768,"Myopathy, distal, with anterior tibial onset",snv_fora_do_painel,True,DYSF,125,81,0,0,0,,
OMIM:606773,"Hemifacial myohyperplasia, somatic",sem_variante_patogenica,True,PIK3CA,0,0,0,0,0,,
OMIM:606777,"GLUT1 deficiency syndrome 1, infantile onset, severe",snv_fora_do_painel,True,SLC2A1,104,75,0,0,0,,
OMIM:606785,"Crigler-Najjar syndrome, type II",snv_fora_do_painel,True,UGT1A1,29,17,0,0,0,,
OMIM:606798,"Blepharospasm, benign essential, susceptibility to",sem_variante_patogenica,False,DRD5,0,0,0,0,0,,
OMIM:606812,Fumarase deficiency,snv_fora_do_painel,True,FH,66,45,0,0,0,,
OMIM:606824,Glucose/galactose malabsorption,snv_fora_do_painel,True,SLC5A1,41,31,0,0,0,,
OMIM:606835,"Digital arthropathy-brachydactyly, familial",snv_fora_do_painel,True,TRPV4,3,3,0,0,0,,
OMIM:606843,"Immunodeficiency with hyper-igm, type 3",snv_fora_do_painel,True,CD40,6,4,0,0,0,,
OMIM:606854,"Polymicrogyria, bilateral frontoparietal",snv_fora_do_painel,True,ADGRG1,73,47,0,0,0,,
OMIM:606856,"Pancreatic cancer, susceptibility to, 1",sem_variante_patogenica,False,PALLD,0,0,0,0,0,,
OMIM:606864,Carney-Stratakis syndrome,snv_fora_do_painel,True,SDHB;SDHC;SDHD,124,77,0,0,0,,
OMIM:606889,Alzheimer disease 4,snv_fora_do_painel,True,APOE;PSEN2,11,9,0,0,0,,
OMIM:606893,"Vascular malformation, primary intraosseous",snv_fora_do_painel,True,ELMO2,6,4,0,0,0,,
OMIM:606943,"Usher syndrome, type IG",snv_fora_do_painel,True,USH1G,31,13,0,0,0,,
OMIM:606952,"Albinism, oculocutaneous, type IB",snv_fora_do_painel,True,TYR,116,91,0,0,0,,
OMIM:606963,"Pulmonary disease, chronic obstructive",alelo_patogenico_ensaiado,False,HMOX1,2,2,1,1,0,2,17967
OMIM:606966,Nephronophthisis 4,snv_fora_do_painel,True,NPHP4,81,45,0,0,0,,
OMIM:606996,Senior-Loken syndrome 4,snv_fora_do_painel,True,NPHP4,47,22,0,0,0,,
OMIM:607014,Hurler syndrome,snv_fora_do_painel,True,IDUA,154,105,0,0,0,,
OMIM:607015,Hurler-Scheie syndrome,snv_fora_do_painel,True,IDUA,76,49,0,0,0,,
OMIM:607016,Scheie syndrome,snv_fora_do_painel,True,IDUA,64,39,0,0,0,,
OMIM:607017,"Deafness, autosomal dominant 21",sem_variante_patogenica,True,RIPOR2,0,0,0,0,0,,
OMIM:607039,"Deafness, autosomal recessive 22",snv_fora_do_painel,True,OTOA,23,12,0,0,0,,
OMIM:607060,"Parkinson disease 8, autosomal dominant",alelo_patogenico_ensaiado,False,LRRK2,8,8,1,1,0,2,1940
OMIM:607078,"Epiphyseal dysplasia, multiple, 5",snv_fora_do_painel,True,MATN3,7,6,0,0,0,,
OMIM:607080,46XY gonadal dysgenesis with minifascicular neuropathy,snv_fora_do_painel,True,DHH,5,4,0,0,0,,
OMIM:607084,"Deafness, autosomal recessive 31",snv_fora_do_painel,True,WHRN,14,8,0,0,0,,
OMIM:607091,"Congenital disorder of glycosylation, type IID",snv_fora_do_painel,True,B4GALT1,2,1,0,0,0,,
OMIM:607095,Anauxetic dysplasia 1,snv_fora_do_painel,True,RMRP,28,13,0,0,0,,
OMIM:607101,"Deafness, autosomal recessive 30",snv_fora_do_painel,True,MYO3A,30,22,0,0,0,,
OMIM:607107,Nasopharyngeal carcinoma,snv_fora_do_painel,True,TP53,4,4,0,0,0,,
OMIM:607115,Cinca syndrome,snv_fora_do_painel,True,NLRP3,12,11,0,0,0,,
OMIM:607131,Al-Gazali-Bakalinova syndrome,snv_fora_do_painel,True,KIF7,28,15,0,0,0,,
OMIM:607136,Spinocerebellar ataxia 17,sem_variante_patogenica,True,TBP,0,0,0,0,0,,
OMIM:607143,"Congenital disorder of glycosylation, type Ig",snv_fora_do_painel,True,ALG12,41,22,0,0,0,,
OMIM:607151,"Moyamoya disease 2, susceptibility to",snv_fora_do_painel,False,RNF213,12,10,0,0,0,,
OMIM:607155,"Muscular dystrophy-dystroglycanopathy (limb-girdle), type C, 5",snv_fora_do_painel,True,FKRP,88,54,0,0,0,,
OMIM:607174,"Meningioma, familial, susceptibility to",snv_fora_do_painel,True,MN1;NF2;PDGFB;PTEN;SMARCE1;SUFU,80,55,0,0,0,,
OMIM:607196,"Microcephaly, Amish type",snv_fora_do_painel,True,SLC25A19,4,4,0,0,0,,
OMIM:607200,Thyroid dyshormonogenesis 6,snv_fora_do_painel,True,DUOX2,126,82,0,0,0,,
OMIM:607208,"Epileptic encephalopathy, early infantile, 6 (Dravet syndrome)",snv_fora_do_painel,True,SCN1A,571,435,0,0,0,,
OMIM:607225,"Spastic paralysis, infantile-onset ascending",snv_fora_do_painel,True,ALS2,83,56,0,0,0,,
OMIM:607250,"Spinocerebellar ataxia, autosomal recessive, with axonal neuropathy 1",snv_fora_do_painel,True,TDP1,3,3,0,0,0,,
OMIM:607259,"Spastic paraplegia 7, autosomal recessive",snv_fora_do_painel,True,SPG7,159,81,0,0,0,,
OMIM:607271,"Autoimmune lymphoproliferative syndrome, type IIB",snv_fora_do_painel,True,CASP8,21,12,0,0,0,,
OMIM:607278,"Osteofibrous dysplasia, susceptibility to",snv_fora_do_painel,False,MET,1,1,0,0,0,,
OMIM:607313,"Gaze palsy, familial horizontal, with progressive scoliosis, 1",snv_fora_do_painel,True,ROBO3,37,26,0,0,0,,
OMIM:607317,"Spinocerebellar ataxia, autosomal recessive 4",snv_fora_do_painel,True,VPS13D,30,22,0,0,0,,
OMIM:607323,Duane-Radial ray syndrome,snv_fora_do_painel,True,SALL4,45,16,0,0,0,,
OMIM:607326,Smith-Mccort dysplasia 1,snv_fora_do_painel,True,DYM,5,4,0,0,0,,
OMIM:607330,Lathosterolosis,snv_fora_do_painel,True,SC5D,6,6,0,0,0,,
OMIM:607341,Focal cortical dysplasia of taylor,snv_fora_do_painel,True,MTOR;TSC1;TSC2,94,64,0,0,0,,
OMIM:607346,Spinocerebellar ataxia 19,snv_fora_do_painel,True,KCND3,18,16,0,0,0,,
OMIM:607361,Meckel syndrome 3,snv_fora_do_painel,True,TMEM67,40,27,0,0,0,,
OMIM:607364,"Bartter syndrome, type 3",snv_fora_do_painel,True,CLCNKB,54,32,0,0,0,,
OMIM:607371,"Dystonia, juvenile-onset",snv_fora_do_painel,True,ACTB,6,5,0,0,0,,
OMIM:607398,Glucocorticoid deficiency 2,snv_fora_do_painel,True,MRAP,7,4,0,0,0,,
OMIM:607417,"Intellectual developmental disorder, autosomal recessive 2",snv_fora_do_painel,True,CRBN,5,4,0,0,0,,
OMIM:607426,"Coenzyme Q10 deficiency, primary, 1",snv_fora_do_painel,True,APTX;COQ2,24,14,0,0,0,,
OMIM:607432,Lissencephaly 1,snv_fora_do_painel,True,PAFAH1B1,119,75,0,0,0,,
OMIM:607450,"Arrhythmogenic right ventricular dysplasia, familial, 8",snv_fora_do_painel,True,DSP,579,247,0,0,0,,
OMIM:607453,"Deafness, autosomal dominant 44",sem_snv,True,CCDC50,1,0,0,0,0,,
OMIM:607454,Spinocerebellar ataxia 21,snv_fora_do_painel,True,TMEM240,2,2,0,0,0,,
OMIM:607459,"Sensory ataxic neuropathy, dysarthria, and ophthalmoparesis",snv_fora_do_painel,True,POLG;TWNK,75,56,0,0,0,,
OMIM:607473,"Vitamin K-dependent clotting factors, combined deficiency of, 2",snv_fora_do_painel,True,VKORC1,1,1,0,0,0,,
OMIM:607475,Bothnia retinal dystrophy,snv_fora_do_painel,True,RLBP1,15,9,0,0,0,,
OMIM:607476,Newfoundland rod-cone dystrophy,snv_fora_do_painel,True,RLBP1,10,6,0,0,0,,
OMIM:607482,"Cardiomyopathy, dilated, 1M",snv_fora_do_painel,True,CSRP3,26,13,0,0,0,,
OMIM:607483,Thiamine metabolism dysfunction syndrome 2 (biotin- or thiamine-responsive encephalopathy type 2),snv_fora_do_painel,True,SLC19A3,71,43,0,0,0,,
OMIM:607485,Frontotemporal lobar degeneration with TDP43 inclusions,snv_fora_do_painel,True,GRN,95,46,0,0,0,,
OMIM:607487,"Cardiomyopathy, familial hypertrophic, 25",snv_fora_do_painel,True,TCAP,22,10,0,0,0,,
OMIM:607523,"Nail disorder, nonsyndromic congenital, 8",snv_fora_do_painel,True,COL7A1,6,5,0,0,0,,
OMIM:607539,"Camptosynpolydactyly, complex",sem_snv,True,BHLHA9,1,0,0,0,0,,
OMIM:607541,"Corneal dystrophy, Avellino type",snv_fora_do_painel,True,TGFBI,2,2,0,0,0,,
OMIM:607554,"Atrial fibrillation, familial, 3",snv_fora_do_painel,True,KCNQ1,47,36,0,0,0,,
OMIM:607594,"Immunodeficiency, common variable, 1",alelo_patogenico_ensaiado,True,ICOS,17,8,1,1,0,2,645207
OMIM:607596,Pontocerebellar hypoplasia type 1A,snv_fora_do_painel,True,VRK1,87,44,0,0,0,,
OMIM:607598,Lethal congenital contracture syndrome 2,snv_fora_do_painel,True,ERBB3,7,6,0,0,0,,
OMIM:607602,"Ichthyosis, cyclic, with epidermolytic hyperkeratosis",snv_fora_do_painel,True,KRT10,1,1,0,0,0,,
OMIM:607616,"Niemann-pick disease, type B",snv_fora_do_painel,True,SMPD1,270,172,0,0,0,,
OMIM:607624,"Griscelli syndrome, type 2",snv_fora_do_painel,True,RAB27A,52,31,0,0,0,,
OMIM:607625,"Niemann-pick disease, type C2",snv_fora_do_painel,True,NPC2,43,28,0,0,0,,
OMIM:607626,"Ichthyosis, leukocyte vacuoles, alopecia, and sclerosing cholangitis",snv_fora_do_painel,True,CLDN1,6,3,0,0,0,,
OMIM:607628,Epilepsy with grand mal seizures on awakening,snv_fora_do_painel,False,CLCN2,12,8,0,0,0,,
OMIM:607631,"Epilepsy, juvenile absence",sem_variante_patogenica,False,EFHC1,0,0,0,0,0,,
OMIM:607634,"Osteopetrosis, autosomal dominant 1",snv_fora_do_painel,True,LRP5,7,5,0,0,0,,
OMIM:607641,"Neuronopathy, distal hereditary motor, type VIIB",snv_fora_do_painel,True,DCTN1,11,9,0,0,0,,
OMIM:607654,Keratosis palmoplantaris striata III,sem_snv,True,KRT1,1,0,0,0,0,,
OMIM:607676,Immunodeficiency 67,snv_fora_do_painel,True,IRAK4,34,16,0,0,0,,
OMIM:607677,"Charcot-Marie-Tooth disease, axonal, type 2I",snv_fora_do_painel,True,MPZ,8,7,0,0,0,,
OMIM:607678,"Charcot-Marie-Tooth disease, demyelinating, type 1D",snv_fora_do_painel,True,EGR2,6,6,0,0,0,,
OMIM:607681,"Febrile seizures, familial, 8",snv_fora_do_painel,True,GABRG2,99,67,0,0,0,,
OMIM:607682,"Epilepsy, idiopathic generalized, susceptibility to, 9",snv_fora_do_painel,False,CACNB4,2,1,0,0,0,,
OMIM:607684,"Charcot-Marie-Tooth disease, axonal, type 2E",snv_fora_do_painel,True,NEFL,35,26,0,0,0,,
OMIM:607685,"Hypereosinophilic syndrome, idiopathic",sem_variante_patogenica,True,PDGFRA,0,0,0,0,0,,
OMIM:607688,Parkinson disease 11,sem_variante_patogenica,False,GIGYF2,0,0,0,0,0,,
OMIM:607694,"Leukodystrophy, hypomyelinating, 7, with or without oligodontia and/orhypogonadotropic hypogonadism",snv_fora_do_painel,True,POLR3A;POLR3B,59,45,0,0,0,,
OMIM:607706,"Charcot-Marie-Tooth disease, axonal, with vocal cord paresis, autosomalrecessive",snv_fora_do_painel,True,GDAP1,22,16,0,0,0,,
OMIM:607721,Noonan syndrome-like with loose anagen hair 1,snv_fora_do_painel,True,SHOC2,4,3,0,0,0,,
OMIM:607734,"Charcot-Marie-Tooth disease, demyelinating, type 1F",snv_fora_do_painel,True,NEFL,10,9,0,0,0,,
OMIM:607736,"Charcot-Marie-Tooth disease, type 2J",snv_fora_do_painel,True,MPZ,8,7,0,0,0,,
OMIM:607745,"Seizures, benign familial infantile, 3",snv_fora_do_painel,True,SCN2A,316,252,0,0,0,,
OMIM:607748,"Hypercholanemia, familial",snv_fora_do_painel,True,TJP2,5,3,0,0,0,,
OMIM:607765,"Bile acid synthesis defect, congenital, 1",snv_fora_do_painel,True,HSD3B7,14,7,0,0,0,,
OMIM:607778,Acrocapitofemoral dysplasia,snv_fora_do_painel,True,IHH,5,5,0,0,0,,
OMIM:607785,Juvenile myelomonocytic leukemia,snv_fora_do_painel,True,ARHGAP26;CBL;NF1;PTPN11,281,199,0,0,0,,
OMIM:607791,"Charcot-Marie-Tooth disease, dominant intermediate D",snv_fora_do_painel,True,MPZ,13,11,0,0,0,,
OMIM:607812,Craniolenticulosutural dysplasia,snv_fora_do_painel,True,SEC23A,3,3,0,0,0,,
OMIM:607821,"Deafness, autosomal recessive 37",snv_fora_do_painel,True,MYO6,15,9,0,0,0,,
OMIM:607822,Alzheimer disease 3,snv_fora_do_painel,True,APOE;PSEN1,104,102,0,0,0,,
OMIM:607823,Hypotrichosis-lymphedema-telangiectasia syndrome,snv_fora_do_painel,True,SOX18,4,3,0,0,0,,
OMIM:607829,"Mitral valve prolapse, myxomatous 2",snv_fora_do_painel,True,DCHS1,1,1,0,0,0,,
OMIM:607831,"Charcot-Marie-Tooth disease, axonal, type 2K",snv_fora_do_painel,True,GDAP1;JPH1,42,29,0,0,0,,
OMIM:607832,"Focal segmental glomerulosclerosis 3, susceptibility to",snv_fora_do_painel,True,CD2AP,15,7,0,0,0,,
OMIM:607836,"Autoimmune disease, susceptibility to, 1",sem_variante_patogenica,False,FOXD3,0,0,0,0,0,,
OMIM:607841,"Deafness, autosomal dominant 48",sem_variante_patogenica,True,MYO1A,0,0,0,0,0,,
OMIM:607842,"Aural atresia, congenital",snv_fora_do_painel,True,TSHZ1,2,1,0,0,0,,
OMIM:607847,"Neutropenia, nonimmune chronic idiopathic, of adults",sem_variante_patogenica,True,GFI1,0,0,0,0,0,,
OMIM:607850,Hand osteoarthritis,sem_variante_patogenica,False,ASPN,0,0,0,0,0,,
OMIM:607855,"Muscular dystrophy, congenital, merosin deficient or partially deficient",snv_fora_do_painel,True,LAMA2,283,166,0,0,0,,
OMIM:607864,Caudal duplication anomaly,sem_variante_patogenica,True,AXIN1,0,0,0,0,0,,
OMIM:607876,"Epilepsy, familial adult myoclonic, 2",sem_variante_patogenica,True,STARD7,0,0,0,0,0,,
OMIM:607903,Hypotrichosis 6,snv_fora_do_painel,True,DSG4,16,8,0,0,0,,
OMIM:607906,"Congenital disorder of glycosylation, type Ii",snv_fora_do_painel,True,ALG2,8,4,0,0,0,,
OMIM:607921,Retinitis pigmentosa 30,sem_variante_patogenica,True,FSCN2,0,0,0,0,0,,
OMIM:607932,"Microphthalmia, syndromic 6",snv_fora_do_painel,True,BMP4,11,3,0,0,0,,
OMIM:607936,Peeling skin syndrome 4,snv_fora_do_painel,True,CSTA,5,5,0,0,0,,
OMIM:607941,Atrial septal defect 2,snv_fora_do_painel,True,GATA4,12,10,0,0,0,,
OMIM:607944,Spondyloenchondrodysplasia with immune dysregulation,snv_fora_do_painel,True,ACP5,36,16,0,0,0,,
OMIM:608013,"Gaucher disease, perinatal lethal",snv_fora_do_painel,True,GBA1,18,15,0,0,0,,
OMIM:608022,Diaphanospondylodysostosis,snv_fora_do_painel,True,BMPER,11,9,0,0,0,,
OMIM:608027,"Pontocerebellar hypoplasia, type 3",snv_fora_do_painel,True,PCLO,4,1,0,0,0,,
OMIM:608030,"Amyotrophic lateral sclerosis 6, with or without frontotemporal dementia",snv_fora_do_painel,True,FUS,36,22,0,0,0,,
OMIM:608033,"Encephalopathy, acute, infection-induced, susceptibility to, 3",snv_fora_do_painel,False,RANBP2,4,3,0,0,0,,
OMIM:608051,"Macular dystrophy, retinal, 2",snv_fora_do_painel,True,PROM1,10,4,0,0,0,,
OMIM:608068,"Neutrophilic dermatosis, acute febrile",snv_fora_do_painel,True,MEFV,9,9,0,0,0,,
OMIM:608089,"Endometrial carcinoma, somatic",snv_fora_do_painel,True,CDH1;MLH3;MSH3;MSH6,413,171,0,0,0,,
OMIM:608091,Joubert syndrome 2,snv_fora_do_painel,True,TMEM216,21,12,0,0,0,,
OMIM:608093,"Congenital disorder of glycosylation, type Ij",snv_fora_do_painel,True,DPAGT1,29,21,0,0,0,,
OMIM:608097,"Periventricular heterotopia with microcephaly, autosomal recessive",snv_fora_do_painel,True,ARFGEF2,10,8,0,0,0,,
OMIM:608099,"Muscular dystrophy, limb-girdle, type 2D",snv_fora_do_painel,True,SGCA,155,99,0,0,0,,
OMIM:608104,"Congenital disorder of glycosylation, type Ih",snv_fora_do_painel,True,ALG8,50,30,0,0,0,,
OMIM:608105,"Epilepsy, rolandic, with paroxysmal exercise-induced dystonia and writer's cramp",snv_fora_do_painel,True,TBC1D24,6,5,0,0,0,,
OMIM:608106,"Immunodeficiency with hyper IgM, type 5",snv_fora_do_painel,True,UNG,22,9,0,0,0,,
OMIM:608115,Ovarian hyperstimulation syndrome,snv_fora_do_painel,True,FSHR,8,8,0,0,0,,
OMIM:608118,"Zinc deficiency, transient neonatal",snv_fora_do_painel,True,SLC30A2,4,3,0,0,0,,
OMIM:608133,Retinitis pigmentosa 7,snv_fora_do_painel,True,PRPH2;ROM1,27,18,0,0,0,,
OMIM:608161,"Macular dystrophy, vitelliform, 3",snv_fora_do_painel,True,PRPH2,15,8,0,0,0,,
OMIM:608175,"Autoimmune thyroid disease, susceptibility to, 3",snv_fora_do_painel,False,TG;ZFAT,59,39,0,0,0,,
OMIM:608189,Tropical calcific pancreatitis,snv_fora_do_painel,True,SPINK1,2,2,0,0,0,,
OMIM:608194,Cone-rod dystrophy 13,snv_fora_do_painel,True,RPGRIP1,120,63,0,0,0,,
OMIM:608203,Immunodeficiency 73A with defective neutrophil chemotaxix and leukocytosis,snv_fora_do_painel,True,RAC2,4,4,0,0,0,,
OMIM:608224,"Deafness, autosomal dominant 41",snv_fora_do_painel,True,P2RX2,4,4,0,0,0,,
OMIM:608232,"Leukemia, chronic myeloid",snv_fora_do_painel,True,ABL1;BCR,7,5,0,0,0,,
OMIM:608233,Hermansky-Pudlak syndrome 2,snv_fora_do_painel,True,AP3B1,57,28,0,0,0,,
OMIM:608236,"Slowed nerve conduction velocity, autosomal dominant",sem_variante_patogenica,True,ARHGEF10,0,0,0,0,0,,
OMIM:608265,"Deafness, congenital neurosensory, autosomal recessive 39",snv_fora_do_painel,True,HGF,3,1,0,0,0,,
OMIM:608266,Parathyroid carcinoma,snv_fora_do_painel,True,CDC73,106,48,0,0,0,,
OMIM:608320,"Coronary artery disease, autosomal dominant, 1",snv_fora_do_painel,False,MEF2A,2,1,0,0,0,,
OMIM:608323,"Charcot-Marie-Tooth disease, dominant intermediate C",snv_fora_do_painel,True,YARS1,7,5,0,0,0,,
OMIM:608328,"Weill-Marchesani syndrome 2, dominant",snv_fora_do_painel,True,FBN1,6,4,0,0,0,,
OMIM:608340,"Charcot-Marie-Tooth disease, recessive intermediate A",snv_fora_do_painel,True,GDAP1,26,18,0,0,0,,
OMIM:608354,Capillary malformation-arteriovenous malformation 1,snv_fora_do_painel,True,RASA1,66,29,0,0,0,,
OMIM:608358,"Myopathy, myosin storage, autosomal dominant",snv_fora_do_painel,True,MYH7,33,32,0,0,0,,
OMIM:608361,"Spondyloepiphyseal dysplasia, Kimberley type",snv_fora_do_painel,True,ACAN,13,7,0,0,0,,
OMIM:608380,Retinitis pigmentosa 26,snv_fora_do_painel,True,CERKL,106,58,0,0,0,,
OMIM:608389,Branchiootic syndrome 3,snv_fora_do_painel,True,SIX1,19,15,0,0,0,,
OMIM:608390,"Myotonia, potassium-aggravated",snv_fora_do_painel,True,SCN4A,10,9,0,0,0,,
OMIM:608393,"Microcephaly, primary autosomal recessive, 6",snv_fora_do_painel,True,CPAP,26,16,0,0,0,,
OMIM:608404,Platelet glycoprotein IV deficiency,snv_fora_do_painel,True,CD36,35,16,0,0,0,,
OMIM:608415,Prolonged electroretinal response suppression 1,snv_fora_do_painel,True,RGS9,3,2,0,0,0,,
OMIM:608423,"Muscular dystrophy, limb-girdle, autosomal dominant 2",snv_fora_do_painel,True,TNPO3,6,3,0,0,0,,
OMIM:608443,"Intellectual developmental disorder, autosomal recessive 3",snv_fora_do_painel,True,CC2D1A,18,11,0,0,0,,
OMIM:608456,"Familial adenomatous polyposis, 2",snv_fora_do_painel,True,MUTYH,296,152,0,0,0,,
OMIM:608470,"Corneal dystrophy, Reis-Bucklers type",snv_fora_do_painel,True,TGFBI,4,2,0,0,0,,
OMIM:608471,"Corneal dystrophy, lattice type IIIA",snv_fora_do_painel,True,TGFBI,2,2,0,0,0,,
OMIM:608516,Major depressive disorder,sem_variante_patogenica,False,FKBP5;HTR2A;TPH2,0,0,0,0,0,,
OMIM:608540,"Congenital disorder of glycosylation, type Ik",snv_fora_do_painel,True,ALG1,108,79,0,0,0,,
OMIM:608553,Leber congenital amaurosis 9,snv_fora_do_painel,True,NMNAT1,57,51,0,0,0,,
OMIM:608565,"Deafness, autosomal recessive 35",snv_fora_do_painel,True,ESRRB,11,9,0,0,0,,
OMIM:608567,Sick sinus syndrome 1,snv_fora_do_painel,True,SCN5A,8,7,0,0,0,,
OMIM:608569,"Cardiomyopathy, dilated, 1O",snv_fora_do_painel,True,ABCC9,76,46,0,0,0,,
OMIM:608572,Burn-Mckeown syndrome,snv_fora_do_painel,True,TXNL4A,8,3,0,0,0,,
OMIM:608594,"Lipodystrophy, congenital generalized, type 1",snv_fora_do_painel,True,AGPAT2,31,19,0,0,0,,
OMIM:608600,"Lipodystrophy, familial partial, type 1",sem_variante_patogenica,True,NOTCH3,0,0,0,0,0,,
OMIM:608611,Ribose 5-phosphate isomerase deficiency,snv_fora_do_painel,True,RPIA,8,7,0,0,0,,
OMIM:608612,Mandibuloacral dysplasia with type B lipodystrophy,snv_fora_do_painel,True,ZMPSTE24,12,9,0,0,0,,
OMIM:608615,Oligodontia-colorectal cancer syndrome,snv_fora_do_painel,True,AXIN2,123,42,0,0,0,,
OMIM:608622,"HYPERTENSION, DIASTOLIC, RESISTANCE TO",sem_variante_patogenica,False,KCNMB1,0,0,0,0,0,,
OMIM:608627,Amyotrophic lateral sclerosis 8,snv_fora_do_painel,True,VAPB,2,2,0,0,0,,
OMIM:608629,Joubert syndrome 3,snv_fora_do_painel,True,AHI1,112,67,0,0,0,,
OMIM:608634,"Neuronopathy, distal hereditary motor, type IIB",snv_fora_do_painel,True,HSPB1,17,13,0,0,0,,
OMIM:608641,"Deafness, autosomal dominant nonsyndromic sensorineural 28",snv_fora_do_painel,True,GRHL2,10,7,0,0,0,,
OMIM:608643,Aromatic L-amino acid decarboxylase deficiency,posicao_alelo_diferente,True,DDC,87,67,1,0,0,,
OMIM:608644,"Ciliary dyskinesia, primary, 3, with or without situs inversus",snv_fora_do_painel,True,DNAH5,292,184,0,0,0,,
OMIM:608647,"Ciliary dyskinesia, primary, 5",snv_fora_do_painel,True,HYDIN,58,30,0,0,0,,
OMIM:608649,Ichthyosis prematurity syndrome,snv_fora_do_painel,True,SLC27A4,25,19,0,0,0,,
OMIM:608653,"Deafness, autosomal recessive 32, with or without immotile sperm",snv_fora_do_painel,True,CDC14A,8,7,0,0,0,,
OMIM:608654,"Neuropathy, hereditary sensory and autonomic, type V",snv_fora_do_painel,True,NGF,4,3,0,0,0,,
OMIM:608673,"Charcot-Marie-Tooth disease, axonal, type 2L",snv_fora_do_painel,True,HSPB8,7,4,0,0,0,,
OMIM:608681,"Spondylocostal dysostosis 2, autosomal recessive",snv_fora_do_painel,True,MESP2,47,18,0,0,0,,
OMIM:608688,AICA-ribosiduria due to ATIC deficiency,snv_fora_do_painel,True,ATIC,6,3,0,0,0,,
OMIM:608703,Spinocerebellar ataxia 25,snv_fora_do_painel,True,PNPT1,9,6,0,0,0,,
OMIM:608709,"Lipodystrophy, partial, acquired, susceptibility to",sem_variante_patogenica,False,LMNB2,0,0,0,0,0,,
OMIM:608716,"Microcephaly 5, primary, autosomal recessive",snv_fora_do_painel,True,ASPM,213,106,0,0,0,,
OMIM:608728,"Spondyloepimetaphyseal dysplasia, Borochowitz-Cormier-Daire type",snv_fora_do_painel,True,MATN3,4,4,0,0,0,,
OMIM:608747,Insulin-Like growth factor I deficiency,snv_fora_do_painel,True,IGF1,2,1,0,0,0,,
OMIM:608751,"Cardiomyopathy, familial hypertrophic, 8",snv_fora_do_painel,True,MYL3,3,2,0,0,0,,
OMIM:608758,"Cardiomyopathy, familial hypertrophic, 10",snv_fora_do_painel,True,MYL2,7,7,0,0,0,,
OMIM:608768,Spinocerebellar ataxia 8,sem_variante_patogenica,True,ATXN8;ATXN8OS,0,0,0,0,0,,
OMIM:608776,"Congenital disorder of glycosylation, type Il",snv_fora_do_painel,True,ALG9,71,44,0,0,0,,
OMIM:608779,"Congenital disorder of glycosylation, type IIe",snv_fora_do_painel,True,COG7,26,20,0,0,0,,
OMIM:608782,Pyruvate dehydrogenase phosphatase deficiency,snv_fora_do_painel,True,PDP1,15,9,0,0,0,,
OMIM:608799,"Congenital disorder of glycosylation, type IE",snv_fora_do_painel,True,DPM1,20,13,0,0,0,,
OMIM:608800,Sudden infant death with dysgenesis of the testes syndrome,snv_fora_do_painel,True,TSPYL1,4,2,0,0,0,,
OMIM:608804,"Leukodystrophy, hypomyelinating, 2",snv_fora_do_painel,True,GJC2,40,21,0,0,0,,
OMIM:608805,"Avascular necrosis of femoral head, primary, 1",snv_fora_do_painel,True,COL2A1,4,3,0,0,0,,
OMIM:608807,"Muscular dystrophy, limb-girdle, autosomal recessive 10",snv_fora_do_painel,True,TTN,4052,1714,0,0,0,,
OMIM:608836,"Carnitine palmitoyltransferase II deficiency, lethal neonatal",snv_fora_do_painel,True,CPT2,56,29,0,0,0,,
OMIM:608837,Carney complex variant,snv_fora_do_painel,True,MYH8,2,2,0,0,0,,
OMIM:608840,"Muscular dystrophy-dystroglycanopathy (congenital with impaired intellectual development), type B, 6",snv_fora_do_painel,True,LARGE1,30,13,0,0,0,,
OMIM:608864,"Orofacial cleft 6, susceptibility to",snv_fora_do_painel,False,IRF6,68,55,0,0,0,,
OMIM:608874,Orofacial cleft 5,snv_fora_do_painel,True,MSX1,2,1,0,0,0,,
OMIM:608885,Stomatin-deficient cryohydrocytosis with neurologic defects,snv_fora_do_painel,True,SLC2A1,14,11,0,0,0,,
OMIM:608895,"Macular degeneration, age-related, 3",sem_snv,True,FBLN5,1,0,0,0,0,,
OMIM:608898,"Hemophagocytic lymphohistiocytosis, familial, 3",snv_fora_do_painel,True,UNC13D,183,99,0,0,0,,
OMIM:608902,"Drug metabolism, poor, cyp2d6-relateddrug metabolism, ultrarapid, cyp2d6-related, included",sem_variante_patogenica,False,CYP2D6,0,0,0,0,0,,
OMIM:608907,"Alzheimer disease 9, susceptibility to",snv_fora_do_painel,False,ABCA7,10,5,0,0,0,,
OMIM:608908,Myopia 6,snv_fora_do_painel,True,SCO2,9,5,0,0,0,,
OMIM:608930,"Myasthenic syndrome, congenital, 1B, fast-channel",snv_fora_do_painel,True,CHRNA1,10,7,0,0,0,,
OMIM:608931,"Myasthenic syndrome, congenital, 4C, associated with acetylcholine receptor deficiency",snv_fora_do_painel,True,CHRNE;GFPT1;MUSK,73,43,0,0,0,,
OMIM:608940,Spondylometaphyseal dysplasia with cone-rod dystrophy,snv_fora_do_painel,True,PCYT1A,11,10,0,0,0,,
OMIM:608957,"Cd8 deficiency, familial",snv_fora_do_painel,True,CD8A,2,2,0,0,0,,
OMIM:608970,"Macular dystrophy, butterfly-shaped pigmentary, 2",snv_fora_do_painel,True,CTNNA1,11,6,0,0,0,,
OMIM:608971,"Severe combined immunodeficiency, autosomal recessive, T cell-negative, B cell-positive, NK cell-positive",snv_fora_do_painel,True,IL7R,89,57,0,0,0,,
OMIM:608978,Meacham syndrome,snv_fora_do_painel,True,WT1,3,3,0,0,0,,
OMIM:608980,Bifid nose with or without anorectal and renal anomalies,snv_fora_do_painel,True,FREM1,39,23,0,0,0,,
OMIM:608984,"Ataxia, sensory, autosomal dominant",snv_fora_do_painel,True,RNF170,1,1,0,0,0,,
OMIM:608996,Premature ovarian failure 3,snv_fora_do_painel,True,FOXL2,15,5,0,0,0,,
OMIM:609006,"Deafness, autosomal recessive 36, with or without vestibular involvement",snv_fora_do_painel,True,ESPN,15,6,0,0,0,,
OMIM:609015,Mitochondrial trifunctional protein deficiency,snv_fora_do_painel,True,HADHA,53,34,0,0,0,,
OMIM:609016,Long-Chain 3-hydroxyacyl-coa dehydrogenase deficiency,snv_fora_do_painel,True,HADHA,203,93,0,0,0,,
OMIM:609033,"Ataxia, posterior column, with retinitis pigmentosa",snv_fora_do_painel,True,FLVCR1,17,13,0,0,0,,
OMIM:609040,"Arrhythmogenic right ventricular dysplasia, familial, 9",snv_fora_do_painel,True,PKP2,254,107,0,0,0,,
OMIM:609048,"Melanoma, cutaneous malignant, susceptibility to, 3",snv_fora_do_painel,False,CDK4,2,2,0,0,0,,
OMIM:609049,Pierson syndrome,snv_fora_do_painel,True,LAMB2,84,48,0,0,0,,
OMIM:609053,"Fanconi anemia, complementation group I",snv_fora_do_painel,True,FANCI,105,53,0,0,0,,
OMIM:609054,"Fanconi anemia, complementation group J",snv_fora_do_painel,True,BRIP1,506,215,0,0,0,,
OMIM:609056,Salt and pepper developmental regression syndrome,snv_fora_do_painel,True,ST3GAL5,47,26,0,0,0,,
OMIM:609057,Nephropathy with pretibial epidermolysis bullosa and deafness,snv_fora_do_painel,True,CD151,6,3,0,0,0,,
OMIM:609060,Combined oxidative phosphorylation deficiency 1,snv_fora_do_painel,True,GFM1,111,57,0,0,0,,
OMIM:609069,Pancreatic and cerebellar agenesis,snv_fora_do_painel,True,PTF1A,4,2,0,0,0,,
OMIM:609115,"Limb-girdle muscular dystrophy, type 1G",snv_fora_do_painel,True,HNRNPDL,2,2,0,0,0,,
OMIM:609129,"Auditory neuropathy, autosomal dominant, 1",sem_snv,True,DIAPH3,2,0,0,0,0,,
OMIM:609135,Aplastic anemia,snv_fora_do_painel,True,IFNG;NBN;PRF1;SBDS;TERT,224,114,0,0,0,,
OMIM:609136,"Peripheral demyelinating neuropathy, central dysmyelination, Waardenburg syndrome, and Hirschsprung disease",snv_fora_do_painel,True,SOX10,23,13,0,0,0,,
OMIM:609140,"Corneal dystrophy, posterior polymorphous, 2",snv_fora_do_painel,True,COL8A2,2,2,0,0,0,,
OMIM:609141,"Corneal dystrophy, posterior polymorphous, 3",snv_fora_do_painel,True,ZEB1,8,5,0,0,0,,
OMIM:609152,"Hyperthyroidism, nonautoimmune",snv_fora_do_painel,True,TSHR,28,24,0,0,0,,
OMIM:609153,"Pseudohyperkalemia, familial, 2, due to red cell leak",snv_fora_do_painel,True,ABCB6,2,2,0,0,0,,
OMIM:609161,"Striatal degeneration, autosomal dominant",snv_fora_do_painel,True,PDE8B,3,1,0,0,0,,
OMIM:609162,"Czech dysplasia, Metatarsal type",snv_fora_do_painel,True,COL2A1,3,3,0,0,0,,
OMIM:609165,"Erythroderma, ichthyosiform, congenital reticular",snv_fora_do_painel,True,KRT10,10,5,0,0,0,,
OMIM:609180,"Congenital disorder of glycosylation, type IF",snv_fora_do_painel,True,MPDU1,10,7,0,0,0,,
OMIM:609192,Loeys-Dietz syndrome 1,snv_fora_do_painel,True,TGFBR1,27,23,0,0,0,,
OMIM:609195,"Spastic paraplegia 26, autosomal recessive",snv_fora_do_painel,True,B4GALNT1,13,7,0,0,0,,
OMIM:609200,"Myopathy, myofibrillar, 3",snv_fora_do_painel,True,MYOT,8,8,0,0,0,,
OMIM:609218,Foveal hypoplasia 2,snv_fora_do_painel,True,SLC38A8,25,19,0,0,0,,
OMIM:609220,Bruck syndrome 2,snv_fora_do_painel,True,PLOD2,21,16,0,0,0,,
OMIM:609227,"Griscelli syndrome, type 3",snv_fora_do_painel,True,MLPH,9,5,0,0,0,,
OMIM:609241,"Schindler disease, type I",snv_fora_do_painel,True,NAGA,38,23,0,0,0,,
OMIM:609242,Kanzaki disease,snv_fora_do_painel,True,NAGA,9,7,0,0,0,,
OMIM:609254,Senior-Loken syndrome 5,snv_fora_do_painel,True,IQCB1,43,28,0,0,0,,
OMIM:609260,"Charcot-marie-tooth disease, axonal, type 2A2A",snv_fora_do_painel,True,MFN2,59,58,0,0,0,,
OMIM:609265,Li-Fraumeni syndrome 2,snv_fora_do_painel,True,CHEK2,68,40,0,0,0,,
OMIM:609270,"Spinocerebellar ataxia, autosomal recessive 7",snv_fora_do_painel,True,TPP1,42,28,0,0,0,,
OMIM:609273,Nemaline myopathy 6,snv_fora_do_painel,True,KBTBD13,4,3,0,0,0,,
OMIM:609283,"Progressive external ophthalmoplegia with mitochondrial DNA deletions, autosomal dominant 2",snv_fora_do_painel,True,SLC25A4,6,5,0,0,0,,
OMIM:609284,Nemaline myopathy 1,snv_fora_do_painel,True,TPM3,23,19,0,0,0,,
OMIM:609285,Congenital myopathy 23,snv_fora_do_painel,True,TPM2,7,4,0,0,0,,
OMIM:609286,"Progressive external ophthalmoplegia with mitochondrial DNA deletions, autosomal dominant 3",snv_fora_do_painel,True,TWNK,27,25,0,0,0,,
OMIM:609296,"B-cell immunodeficiency, distal limb anomalies, and urogenital malformations",snv_fora_do_painel,True,TOP2B,3,2,0,0,0,,
OMIM:609304,"Epileptic encephalopathy, early infantile, 3",snv_fora_do_painel,True,SLC25A22,6,5,0,0,0,,
OMIM:609306,Spinocerebellar ataxia 26,snv_fora_do_painel,True,EEF2,2,2,0,0,0,,
OMIM:609308,"Muscular dystrophy-dystroglycanopathy (limb-girdle), type C, 1",snv_fora_do_painel,True,POMT1,135,67,0,0,0,,
OMIM:609310,"Colorectal cancer, hereditary nonpolyposis, type 2",snv_fora_do_painel,True,MLH1,741,383,0,0,0,,
OMIM:609311,"Charcot-marie-tooth disease, type 4H",snv_fora_do_painel,True,FGD4,12,5,0,0,0,,
OMIM:609313,MEDNIK syndrome,snv_fora_do_painel,True,AP1S1,7,5,0,0,0,,
OMIM:609322,Rhabdoid tumor predisposition syndrome 1,snv_fora_do_painel,True,SMARCB1,16,7,0,0,0,,
OMIM:609340,"Spastic paraplegia 28, autosomal recessive",snv_fora_do_painel,True,DDHD1,25,9,0,0,0,,
OMIM:609352,"Epidermolysis bullosa simplex 2E, with migratory circinate erythema",sem_snv,True,KRT5,4,0,0,0,0,,
OMIM:609432,"Syndactyly, mesoaxial synostotic, with phalangeal reduction",snv_fora_do_painel,True,BHLHA9,4,4,0,0,0,,
OMIM:609439,"Deafness, autosomal recessive 48",snv_fora_do_painel,True,CIB2,16,7,0,0,0,,
OMIM:609441,"Acromesomelic dysplasia, Demirhan type",snv_fora_do_painel,True,BMPR1B,11,9,0,0,0,,
OMIM:609446,"Paroxysmal nonkinesigenic dyskinesia, 3, with or without generalized epilepsy",snv_fora_do_painel,True,KCNMA1,26,15,0,0,0,,
OMIM:609452,"Myopathy, myofibrillar, 4",snv_fora_do_painel,True,LDB3,31,13,0,0,0,,
OMIM:609460,Goldberg-Shprintzen syndrome,snv_fora_do_painel,True,KIFBP,17,8,0,0,0,,
OMIM:609465,Al-Gazali syndrome,snv_fora_do_painel,True,B3GALT6,4,4,0,0,0,,
OMIM:609508,"Stickler sydrome, type I, nonsyndromic ocular",snv_fora_do_painel,True,COL2A1,22,17,0,0,0,,
OMIM:609524,"Filaminopathy, autosomal dominant",snv_fora_do_painel,True,FLNC,453,191,0,0,0,,
OMIM:609528,"Cerebral dysgenesis, neuropathy, ichthyosis, and palmoplantar keratoderma syndrome",snv_fora_do_painel,True,SNAP29,10,6,0,0,0,,
OMIM:609529,Immunoglobulin A deficiency 2,snv_fora_do_painel,True,TNFRSF13B,6,5,0,0,0,,
OMIM:609533,"Deafness, autosomal recessive 23",snv_fora_do_painel,True,PCDH15,163,79,0,0,0,,
OMIM:609536,C5 deficiency,snv_fora_do_painel,True,C5,12,8,0,0,0,,
OMIM:609541,"Spastic paraplegia, optic atrophy, and neuropathy",sem_snv,True,KLC2,1,0,0,0,0,,
OMIM:609549,Nanophthalmos 2,snv_fora_do_painel,True,MFRP,16,10,0,0,0,,
OMIM:609560,Mitochondrial DNA depletion syndrome 2 (myopathic type),snv_fora_do_painel,True,TK2,30,21,0,0,0,,
OMIM:609579,"Familial scaphocephaly syndrome, Mcgillivray type",snv_fora_do_painel,True,FGFR2,2,2,0,0,0,,
OMIM:609583,Joubert syndrome 4,snv_fora_do_painel,True,NPHP1,49,29,0,0,0,,
OMIM:609597,Parietal foramina 2,snv_fora_do_painel,True,ALX4,13,7,0,0,0,,
OMIM:609620,Short QT syndrome 1,snv_fora_do_painel,True,KCNH2,18,15,0,0,0,,
OMIM:609621,Short QT syndrome 2,snv_fora_do_painel,True,KCNQ1,43,32,0,0,0,,
OMIM:609622,Short QT syndrome 3,snv_fora_do_painel,True,KCNJ2,47,41,0,0,0,,
OMIM:609628,Majeed syndrome,snv_fora_do_painel,True,LPIN2,43,22,0,0,0,,
OMIM:609634,"Migraine, familial hemiplegic, 3",snv_fora_do_painel,True,SCN1A,56,49,0,0,0,,
OMIM:609637,Holoprosencephaly 5,snv_fora_do_painel,True,ZIC2,32,8,0,0,0,,
OMIM:609638,"Epidermolysis bullosa, lethal acantholytic",snv_fora_do_painel,True,DSP,15,7,0,0,0,,
OMIM:609646,"Deafness, neurosensory, autosomal recessive 42",snv_fora_do_painel,True,ILDR1,20,9,0,0,0,,
OMIM:609698,"Thyroid hormone metabolism, abnormal",snv_fora_do_painel,True,SECISBP2,10,7,0,0,0,,
OMIM:609706,"Deafness, autosomal recessive 53",snv_fora_do_painel,True,COL11A2,23,17,0,0,0,,
OMIM:609734,"Obesity, early-onset, with adrenal insufficiency and red hair",snv_fora_do_painel,True,POMC,11,8,0,0,0,,
OMIM:609741,"Cataract 22, multiple types",snv_fora_do_painel,True,CRYBB3,6,6,0,0,0,,
OMIM:609796,Peeling skin syndrome 2,snv_fora_do_painel,True,TGM5,14,8,0,0,0,,
OMIM:609812,"Maturity-Onset diabetes of the young, type 8, with exocrine dysfunction",snv_fora_do_painel,True,CEL,6,2,0,0,0,,
OMIM:609813,"Spondylocostal dysostosis 3, autosomal recessive",snv_fora_do_painel,True,LFNG,9,5,0,0,0,,
OMIM:609814,Complement factor H deficiency,snv_fora_do_painel,True,CFH,25,19,0,0,0,,
OMIM:609820,"Erythrocytosis, familial, 3",snv_fora_do_painel,True,EGLN1,15,7,0,0,0,,
OMIM:609821,"Bleeding disorder, platelet-type, 8",snv_fora_do_painel,True,P2RY12,3,1,0,0,0,,
OMIM:609823,"Deafness, autosomal recessive 28",snv_fora_do_painel,True,TRIOBP,60,36,0,0,0,,
OMIM:609887,"Glaucoma 1, open angle, G",sem_variante_patogenica,True,WDR36,0,0,0,0,0,,
OMIM:609889,"Alpha/beta T-cell lymphopenia with gamma/delta T-cell expansion, severe cytomegalovirus infection, and autoimmunity",snv_fora_do_painel,True,RAG1,78,56,0,0,0,,
OMIM:609893,"Hypothyroidism, congenital, nongoitrous, 3",sem_variante_patogenica,True,-,0,0,0,0,0,,
OMIM:609909,"Cardiomyopathy, dilated, 1P",snv_fora_do_painel,True,PLN,8,5,0,0,0,,
OMIM:609913,Retinitis pigmentosa 32,snv_fora_do_painel,True,CLCC1,1,1,0,0,0,,
OMIM:609923,Retinitis pigmentosa 31,snv_fora_do_painel,True,TOPORS,6,1,0,0,0,,
OMIM:609924,Aminoacylase 1 deficiency,snv_fora_do_painel,True,ACY1,11,6,0,0,0,,
OMIM:609942,Noonan syndrome 3,snv_fora_do_painel,True,KRAS,41,38,0,0,0,,
OMIM:609968,"Hyperinsulinemic hypoglycemia, familial, 5",snv_fora_do_painel,True,INSR,8,8,0,0,0,,
OMIM:609975,"Hyperinsulinemic hypoglycemia, familial, 4",snv_fora_do_painel,True,HADH,10,8,0,0,0,,
OMIM:609981,Immunodeficiency 54,snv_fora_do_painel,True,MCM4,2,1,0,0,0,,
OMIM:610003,"Ceroid lipofuscinosis, neuronal, 8, northern epilepsy variant",snv_fora_do_painel,True,CLN8,8,6,0,0,0,,
OMIM:610006,2-Methylbutyryl-Coa dehydrogenase deficiency,snv_fora_do_painel,True,ACADSB,42,28,0,0,0,,
OMIM:610015,"Glutamine deficiency, congenital",snv_fora_do_painel,True,GLUL,6,5,0,0,0,,
OMIM:610017,Multiple synostoses syndrome 2,snv_fora_do_painel,True,GDF5,3,3,0,0,0,,
OMIM:610019,"Cataract, autosomal recessive congenital 2",snv_fora_do_painel,True,FYCO1,26,15,0,0,0,,
OMIM:610021,"Hyperinsulinemic hypoglycemia, familial, 7",snv_fora_do_painel,True,SLC16A1,5,2,0,0,0,,
OMIM:610024,Retinal cone dystrophy 3A,sem_variante_patogenica,True,PDE6H,0,0,0,0,0,,
OMIM:610031,"Cortical dysplasia, complex, with other brain malformations 7",snv_fora_do_painel,True,TUBB2B,39,39,0,0,0,,
OMIM:610042,Pitt-Hopkins like syndrome 1,snv_fora_do_painel,True,CNTNAP2,76,43,0,0,0,,
OMIM:610048,"Corneal dystrophy, congenital stromal",sem_snv,True,DCN,5,0,0,0,0,,
OMIM:610069,"Polyposis syndrome, hereditary mixed, 2",snv_fora_do_painel,True,BMPR1A,12,8,0,0,0,,
OMIM:610090,Pyridoxamine 5-prime-phosphate oxidase deficiency,snv_fora_do_painel,True,PNPO,42,32,0,0,0,,
OMIM:610092,Microphthalmia with coloboma 3,snv_fora_do_painel,True,VSX2,11,7,0,0,0,,
OMIM:610093,"Microphthalmia, isolated 2",snv_fora_do_painel,True,VSX2,39,19,0,0,0,,
OMIM:610099,"Myopathy, distal 3",sem_snv,True,HNRNPA1,1,0,0,0,0,,
OMIM:610100,"Giant axonal neuropathy, autosomal dominant",snv_fora_do_painel,True,DCAF8,1,1,0,0,0,,
OMIM:610102,C7 deficiency,snv_fora_do_painel,True,C7,13,6,0,0,0,,
OMIM:610125,"Microphthalmia, syndromic 5",snv_fora_do_painel,True,OTX2,23,10,0,0,0,,
OMIM:610127,"Ceroid lipofuscinosis, neuronal, 10",snv_fora_do_painel,True,CTSD,10,5,0,0,0,,
OMIM:610131,"Progressive external ophthalmoplegia with mitochondrial DNA deletions, autosomal dominant 4",snv_fora_do_painel,True,POLG2,7,4,0,0,0,,
OMIM:610140,"Heart-hand syndrome, Slovenian type",snv_fora_do_painel,True,LMNA,3,3,0,0,0,,
OMIM:610153,"Deafness, autosomal recessive 49",snv_fora_do_painel,True,MARVELD2,26,10,0,0,0,,
OMIM:610154,"Deafness, autosomal recessive 44",snv_fora_do_painel,True,ADCY1,1,1,0,0,0,,
OMIM:610156,"Impaired intellectual development, truncal obesity, retinal dystrophy, and micropenis syndrome",snv_fora_do_painel,True,INPP5E,16,10,0,0,0,,
OMIM:610163,Immunodeficiency 25,snv_fora_do_painel,True,CD247,4,3,0,0,0,,
OMIM:610168,Loeys-Dietz syndrome 2,snv_fora_do_painel,True,TGFBR2,43,41,0,0,0,,
OMIM:610181,Aicardi-Goutieres syndrome 2,snv_fora_do_painel,True,RNASEH2B,46,31,0,0,0,,
OMIM:610185,"Cerebellar ataxia, impaired intellectual development, and dysquilibrium syndrome 2",snv_fora_do_painel,True,WDR81,18,13,0,0,0,,
OMIM:610187,Diaphragmatic hernia 3,snv_fora_do_painel,True,ZFPM2,6,4,0,0,0,,
OMIM:610188,Joubert syndrome 5,snv_fora_do_painel,True,CEP290,253,123,0,0,0,,
OMIM:610189,Senior-Loken syndrome 6,snv_fora_do_painel,True,CEP290,219,107,0,0,0,,
OMIM:610193,"Arrhythmogenic right ventricular dysplasia, familial, 10",snv_fora_do_painel,True,DSG2,87,41,0,0,0,,
OMIM:610198,"3-methylglutaconic aciduria, type V",snv_fora_do_painel,True,DNAJC19,20,9,0,0,0,,
OMIM:610199,"Diabetes mellitus, neonatal, with congenital hypothyroidism",snv_fora_do_painel,True,GLIS3,13,7,0,0,0,,
OMIM:610202,"Cataract 21, multiple types",snv_fora_do_painel,True,MAF,14,11,0,0,0,,
OMIM:610204,"Pontocerebellar hypoplasia, type 5",snv_fora_do_painel,True,TSEN54,14,7,0,0,0,,
OMIM:610205,Alagille syndrome 2,snv_fora_do_painel,True,NOTCH2,24,15,0,0,0,,
OMIM:610212,"Deafness, autosomal recessive 66",snv_fora_do_painel,True,DCDC2,17,10,0,0,0,,
OMIM:610217,Neurodegeneration with brain iron accumulation 2B,snv_fora_do_painel,True,PLA2G6,59,45,0,0,0,,
OMIM:610220,"Deafness, autosomal recessive 59",snv_fora_do_painel,True,PJVK,24,13,0,0,0,,
OMIM:610227,Seborrhea-Like dermatitis with psoriasiform elements,sem_snv,True,ZNF750,1,0,0,0,0,,
OMIM:610245,Spinocerebellar ataxia 23,snv_fora_do_painel,True,PDYN,2,2,0,0,0,,
OMIM:610246,Spinocerebellar ataxia 28,snv_fora_do_painel,True,AFG3L2,25,22,0,0,0,,
OMIM:610250,"Spastic paraplegia 31, autosomal dominant",snv_fora_do_painel,True,REEP1,53,38,0,0,0,,
OMIM:610251,"Alcohol sensitivity, acute",sem_variante_patogenica,True,ALDH2,0,0,0,0,0,,
OMIM:610253,Kleefstra syndrome 1,snv_fora_do_painel,True,EHMT1,190,99,0,0,0,,
OMIM:610256,Anterior segment dysgenesis 2,snv_fora_do_painel,True,FOXE3,25,14,0,0,0,,
OMIM:610265,"Deafness, autosomal recessive 67",snv_fora_do_painel,True,LHFPL5,16,11,0,0,0,,
OMIM:610282,Retinitis pigmentosa 35,snv_fora_do_painel,True,SEMA4A,1,1,0,0,0,,
OMIM:610283,Cone-Rod dystrophy 10,snv_fora_do_painel,True,SEMA4A,1,1,0,0,0,,
OMIM:610293,Glycosylphosphatidylinositol deficiency,snv_fora_do_painel,True,PIGM,2,1,0,0,0,,
OMIM:610297,Parkinson disease 13,sem_snv,False,HTRA2,1,0,0,0,0,,
OMIM:610313,Cold-Induced sweating syndrome 2,snv_fora_do_painel,True,CLCF1,4,4,0,0,0,,
OMIM:610329,Aicardi-Goutieres syndrome 3,snv_fora_do_painel,True,RNASEH2C,1,1,0,0,0,,
OMIM:610333,Aicardi-Goutieres syndrome 4,snv_fora_do_painel,True,RNASEH2A,41,27,0,0,0,,
OMIM:610353,"Epilepsy, nocturnal frontal lobe, 4",snv_fora_do_painel,True,CHRNA2,3,3,0,0,0,,
OMIM:610356,Retinal cone dystrophy 3B,snv_fora_do_painel,True,KCNV2,26,19,0,0,0,,
OMIM:610357,"Spastic paraplegia 30, autosomal recessive",snv_fora_do_painel,True,KIF1A,8,8,0,0,0,,
OMIM:610359,Retinitis pigmentosa 33,snv_fora_do_painel,True,SNRNP200,7,7,0,0,0,,
OMIM:610370,"Diarrhea 4, malabsorptive, congenital",snv_fora_do_painel,True,NEUROG3,8,7,0,0,0,,
OMIM:610374,"Diabetes mellitus, transient neonatal 2",snv_fora_do_painel,True,ABCC8,91,71,0,0,0,,
OMIM:610377,Mevalonic aciduria,snv_fora_do_painel,True,MVK,92,61,0,0,0,,
OMIM:610381,Cone-Rod dystrophy 11,snv_fora_do_painel,True,RAX2,3,1,0,0,0,,
OMIM:610419,"Deafness, autosomal recessive 68",snv_fora_do_painel,True,S1PR2,2,2,0,0,0,,
OMIM:610425,Cataract 23,snv_fora_do_painel,True,CRYBA4,5,4,0,0,0,,
OMIM:610427,"Cone-Rod synaptic disorder, congenital nonprogressive",snv_fora_do_painel,True,CABP4,12,7,0,0,0,,
OMIM:610442,"Spondyloepimetaphyseal dysplasia, Camera-Genevieve type",snv_fora_do_painel,True,NANS,11,8,0,0,0,,
OMIM:610443,Koolen-De Vries syndrome,snv_fora_do_painel,True,KANSL1,79,33,0,0,0,,
OMIM:610444,"Night blindness, congenital stationary, autosomal dominant 3",snv_fora_do_painel,True,GNAT1,3,3,0,0,0,,
OMIM:610445,"Night blindness, congenital stationary, autosomal dominant 1",snv_fora_do_painel,True,RHO,9,9,0,0,0,,
OMIM:610448,Chilblain lupus 1,snv_fora_do_painel,True,TREX1,51,10,0,0,0,,
OMIM:610455,"Tumoral calcinosis, normophosphatemic, familial",snv_fora_do_painel,True,SAMD9,2,2,0,0,0,,
OMIM:610460,THIOPURINE S-METHYLTRANSFERASE DEFICIENCY,sem_variante_patogenica,False,TPMT,0,0,0,0,0,,
OMIM:610474,"Camptodactyly, tall stature, and hearing loss syndrome",snv_fora_do_painel,True,FGFR3,6,5,0,0,0,,
OMIM:610475,"Pigmented nodular adrenocortical disease, primary, 2",snv_fora_do_painel,True,PDE11A,10,5,0,0,0,,
OMIM:610476,"Arrhythmogenic right ventricular dysplasia, familial, 11",snv_fora_do_painel,True,DSC2,69,32,0,0,0,,
OMIM:610478,Retinal cone dystrophy 4,snv_fora_do_painel,True,CACNA2D4,2,1,0,0,0,,
OMIM:610489,"Pigmented nodular adrenocortical disease, primary, 1",snv_fora_do_painel,True,PRKAR1A,4,3,0,0,0,,
OMIM:610498,Combined oxidative phosphorylation deficiency 2,snv_fora_do_painel,True,MRPS16,2,1,0,0,0,,
OMIM:610504,Preterm premature rupture of the membranes,snv_fora_do_painel,False,SERPINH1,1,1,0,0,0,,
OMIM:610505,Combined oxidative phosphorylation deficiency 3,snv_fora_do_painel,True,TSFM,47,28,0,0,0,,
OMIM:610508,"Maturity-onset diabetes of the young, type VII",sem_variante_patogenica,True,KLF11,0,0,0,0,0,,
OMIM:610532,"Leukodystrophy, hypomyelinating, 5",snv_fora_do_painel,True,HYCC1,20,12,0,0,0,,
OMIM:610536,"Mandibulofacial dysostosis, Guion-Almeida type",snv_fora_do_painel,True,EFTUD2,93,54,0,0,0,,
OMIM:610539,"Gaucher disease, atypical",snv_fora_do_painel,True,PSAP,18,15,0,0,0,,
OMIM:610542,"Myasthenic syndrome, congenital, with tubular aggregates 1",snv_fora_do_painel,True,GFPT1,39,25,0,0,0,,
OMIM:610549,"Diabetes mellitus, insulin-resistant, with acanthosis nigricans",snv_fora_do_painel,True,INSR,12,12,0,0,0,,
OMIM:610551,"Encephalopathy, acute, infection-induced (herpes-specific), susceptibility to, 1",snv_fora_do_painel,False,UNC93B1,12,5,0,0,0,,
OMIM:610582,"Diabetes mellitus, transient neonatal, 3",snv_fora_do_painel,True,KCNJ11,12,11,0,0,0,,
OMIM:610599,Retinitis pigmentosa 36,snv_fora_do_painel,True,PRCD,7,5,0,0,0,,
OMIM:610600,"Hypoaldosteronism, congenital, due to CMO II deficiency",snv_fora_do_painel,True,CYP11B2,33,24,0,0,0,,
OMIM:610612,Leber congenital amaurosis 12,snv_fora_do_painel,True,RD3,13,7,0,0,0,,
OMIM:610618,"Angioedema, hereditary, 3",snv_fora_do_painel,True,F12,5,3,0,0,0,,
OMIM:610623,"Cataract 11, multiple types",snv_fora_do_painel,True,PITX3,5,3,0,0,0,,
OMIM:610628,Hypogonadotropic hypogonadism 4 with or without anosmia,snv_fora_do_painel,True,PROK2,6,3,0,0,0,,
OMIM:610629,Diamond-Blackfan anemia 3,snv_fora_do_painel,True,RPS24,8,4,0,0,0,,
OMIM:610644,"Palmoplantar hyperkeratosis with squamous cell carcinoma of skin and 46,xx sex reversal",sem_snv,True,RSPO1,3,0,0,0,0,,
OMIM:610651,"Xeroderma pigmentosum, complementation group B",snv_fora_do_painel,True,ERCC3,27,18,0,0,0,,
OMIM:610678,Combined oxidative phosphorylation deficiency 4,snv_fora_do_painel,True,TUFM,3,2,0,0,0,,
OMIM:610682,"Osteogenesis imperfecta, type VII",snv_fora_do_painel,True,CRTAP,65,34,0,0,0,,
OMIM:610687,"Nemaline myopathy 7, autosomal recessive",snv_fora_do_painel,True,CFL2,6,3,0,0,0,,
OMIM:610688,Joubert syndrome 6,snv_fora_do_painel,True,TMEM67,38,28,0,0,0,,
OMIM:610698,"Macular degeneration, age-related, 4",posicao_alelo_diferente,False,CFH,29,24,1,0,0,,
OMIM:610706,"Deafness, congenital, with inner ear agenesis, microtia, and microdontia",snv_fora_do_painel,True,FGF3,19,11,0,0,0,,
OMIM:610708,Optic atrophy 5,snv_fora_do_painel,True,DNM1L,7,6,0,0,0,,
OMIM:610713,Brachydactyly-Syndactyly syndrome,snv_fora_do_painel,True,HOXD13,3,1,0,0,0,,
OMIM:610717,Neutral lipid storage disease with myopathy,snv_fora_do_painel,True,PNPLA2,39,20,0,0,0,,
OMIM:610725,"Nephrotic syndrome, type 3",snv_fora_do_painel,True,PLCE1,41,26,0,0,0,,
OMIM:610733,Noonan syndrome 4,snv_fora_do_painel,True,SOS1,39,39,0,0,0,,
OMIM:610738,"Neutropenia, severe congenital 3, autosomal recessive",snv_fora_do_painel,True,HAX1,61,30,0,0,0,,
OMIM:610743,"Spinocerebellar ataxia, autosomal recessive 8",snv_fora_do_painel,True,SYNE1,223,147,0,0,0,,
OMIM:610755,"Multiple endocrine neoplasia, type IV",snv_fora_do_painel,True,CDKN1B,79,23,0,0,0,,
OMIM:610756,Cerebrooculofacioskeletal syndrome 2,snv_fora_do_painel,True,ERCC2,97,57,0,0,0,,
OMIM:610758,Cerebrooculofacioskeletal syndrome 4,snv_fora_do_painel,True,ERCC1,6,4,0,0,0,,
OMIM:610759,Cornelia de Lange syndrome 3,snv_fora_do_painel,True,SMC3,49,38,0,0,0,,
OMIM:610768,"Congenital disorder of glycosylation, type Im",snv_fora_do_painel,True,DOLK,8,7,0,0,0,,
OMIM:610773,Mitochondrial phosphate carrier deficiency,snv_fora_do_painel,True,SLC25A3,4,3,0,0,0,,
OMIM:610798,Immunodeficiency due to defect in mapbp-interacting protein,sem_variante_patogenica,True,LAMTOR2,0,0,0,0,0,,
OMIM:610805,"Congenital anomalies of kidney and urinary tract, susceptibility to",snv_fora_do_painel,True,DSTYK,9,7,0,0,0,,
OMIM:610828,Holoprosencephaly 7,snv_fora_do_painel,True,PTCH1,17,10,0,0,0,,
OMIM:610829,Holoprosencephaly 9,snv_fora_do_painel,True,GLI2,37,17,0,0,0,,
OMIM:610832,"Fanconi anemia, complementation group N",snv_fora_do_painel,True,PALB2,75,29,0,0,0,,
OMIM:610840,"Mitral valve prolapse, myxomatous 3",sem_variante_patogenica,True,DZIP1,0,0,0,0,0,,
OMIM:610842,Pseudoxanthoma elasticum-like disorder with multiple coagulation factor deficiency,snv_fora_do_painel,True,GGCX,13,12,0,0,0,,
OMIM:610852,"Ciliary dyskinesia, primary, 6",sem_variante_patogenica,True,NME8,0,0,0,0,0,,
OMIM:610878,Vesicoureteral reflux 2,sem_variante_patogenica,True,ROBO2,0,0,0,0,0,,
OMIM:610883,Potocki-Lupski syndrome,snv_fora_do_painel,True,FLCN;RAI1,10,6,0,0,0,,
OMIM:610896,Branchiootorenal syndrome 2,snv_fora_do_painel,True,SIX5,2,2,0,0,0,,
OMIM:610913,"Surfactant metabolism dysfunction, pulmonary, 2",snv_fora_do_painel,True,SFTPC,14,13,0,0,0,,
OMIM:610915,"Osteogenesis imperfecta, type VIII",snv_fora_do_painel,True,P3H1,132,73,0,0,0,,
OMIM:610921,"Surfactant metabolism dysfunction, pulmonary, 3",snv_fora_do_painel,True,ABCA3,77,59,0,0,0,,
OMIM:610947,"Coronary artery disease, autosomal dominant 2",snv_fora_do_painel,False,LRP6,1,1,0,0,0,,
OMIM:610951,"Ceroid lipofuscinosis, neuronal, 7",snv_fora_do_painel,True,MFSD8,131,81,0,0,0,,
OMIM:610954,Pitt-Hopkins syndrome,snv_fora_do_painel,True,TCF4,194,112,0,0,0,,
OMIM:610965,XFE progeroid syndrome,snv_fora_do_painel,True,ERCC4,19,10,0,0,0,,
OMIM:610967,"Osteogenesis imperfecta, type V",snv_fora_do_painel,True,IFITM5,3,3,0,0,0,,
OMIM:610968,"Osteogenesis imperfecta, type XI",snv_fora_do_painel,True,FKBP10,30,12,0,0,0,,
OMIM:610978,"Choreoathetosis, hypothyroidism, and neonatal respiratory distress",snv_fora_do_painel,True,NKX2-1,35,22,0,0,0,,
OMIM:610984,Complement factor I deficiency,snv_fora_do_painel,True,CFI,20,13,0,0,0,,
OMIM:610992,Phosphoserine aminotransferase deficiency,snv_fora_do_painel,True,PSAT1,9,6,0,0,0,,
OMIM:611022,"Deafness, autosomal recessive, 24",snv_fora_do_painel,True,RDX,16,8,0,0,0,,
OMIM:611038,"Microphthalmia, isolated 3",snv_fora_do_painel,True,RAX,8,5,0,0,0,,
OMIM:611040,"Microphthalmia, isolated 5",snv_fora_do_painel,True,MFRP,58,30,0,0,0,,
OMIM:611067,"Spinal muscular atrophy, distal, autosomal recessive, 4",snv_fora_do_painel,True,PLEKHG5,78,35,0,0,0,,
OMIM:611087,"Polyhydramnios, megalencephaly, and symptomatic epilepsy",snv_fora_do_painel,True,STRADA,21,12,0,0,0,,
OMIM:611090,"Intellectual developmental disorder, autosomal recessive 12",snv_fora_do_painel,True,ST3GAL3,5,4,0,0,0,,
OMIM:611091,"Intellectual developmental disorder, autosomal recessive 5",snv_fora_do_painel,True,NSUN2,24,11,0,0,0,,
OMIM:611092,"Intellectual developmental disorder, autosomal recessive 6",snv_fora_do_painel,True,GRIK2,2,1,0,0,0,,
OMIM:611093,"Intellectual developmental disorder, autosomal recessive 7",snv_fora_do_painel,True,TUSC3,16,10,0,0,0,,
OMIM:611102,"Deafness, sensorineural, and male infertility",snv_fora_do_painel,True,CATSPER2;STRC,4,3,0,0,0,,
OMIM:611105,Leukoencephalopathy with brainstem and spinal cord involvement and lactate elevation,snv_fora_do_painel,True,DARS2,55,38,0,0,0,,
OMIM:611126,"Mitochondrial complex I deficiency, nuclear type 20",snv_fora_do_painel,True,ACAD9,94,62,0,0,0,,
OMIM:611131,Retinitis pigmentosa 37,snv_fora_do_painel,True,NR2E3,28,18,0,0,0,,
OMIM:611134,"Meckel syndrome, type 4",snv_fora_do_painel,True,CEP290,242,122,0,0,0,,
OMIM:611174,Hamamy syndrome,snv_fora_do_painel,True,IRX5,4,3,0,0,0,,
OMIM:611182,"Congenital disorder of glycosylation, type IIh",snv_fora_do_painel,True,COG8,11,5,0,0,0,,
OMIM:611209,"Congenital disorder of glycosylation, type IIg",snv_fora_do_painel,True,COG1,22,10,0,0,0,,
OMIM:611225,"Spastic paraplegia 18, autosomal recessive",snv_fora_do_painel,True,ERLIN2,4,2,0,0,0,,
OMIM:611228,"Charcot-Marie-Tooth disease, type 4J",snv_fora_do_painel,True,FIG4,30,19,0,0,0,,
OMIM:611263,Asphyxiating thoracic dystrophy 2,snv_fora_do_painel,True,IFT80,22,13,0,0,0,,
OMIM:611276,"Glaucoma 1, open angle, H",snv_fora_do_painel,True,EFEMP1,3,3,0,0,0,,
OMIM:611283,Isobutyryl-CoA dehydrogenase deficiency,snv_fora_do_painel,True,ACAD8,28,26,0,0,0,,
OMIM:611291,"Immunodeficiency 124, severe combined",snv_fora_do_painel,True,NHEJ1,31,21,0,0,0,,
OMIM:611302,"Spastic ataxia 2, autosomal recessive",snv_fora_do_painel,True,KIF1C,25,16,0,0,0,,
OMIM:611307,"Muscular dystrophy, limb-girdle, type 2L",snv_fora_do_painel,True,ANO5,149,103,0,0,0,,
OMIM:611363,Atrial septal defect 4,snv_fora_do_painel,True,TBX20,6,5,0,0,0,,
OMIM:611369,Lethal congenital contracture syndrome 3,snv_fora_do_painel,True,PIP5K1C,2,1,0,0,0,,
OMIM:611376,Mungan syndrome,snv_fora_do_painel,True,RAD21,1,1,0,0,0,,
OMIM:611377,"Brachydactyly, type B2",snv_fora_do_painel,True,NOG,5,4,0,0,0,,
OMIM:611383,"Usher syndrome, type IID",snv_fora_do_painel,True,WHRN,16,10,0,0,0,,
OMIM:611390,"Spastic ataxia 3, autosomal recessive",snv_fora_do_painel,True,MARS2,4,2,0,0,0,,
OMIM:611391,"Cataract 33, multiple types",snv_fora_do_painel,True,BFSP1,6,4,0,0,0,,
OMIM:611407,"Cardiomyopathy, dilated, 1W",sem_variante_patogenica,True,VCL,0,0,0,0,0,,
OMIM:611431,Legius syndrome,snv_fora_do_painel,True,SPRED1,140,61,0,0,0,,
OMIM:611451,"Deafness, autosomal recessive 63",snv_fora_do_painel,True,LRTOMT,21,15,0,0,0,,
OMIM:611465,Gallbladder disease 4,snv_fora_do_painel,False,ABCG8,1,1,0,0,0,,
OMIM:611489,Corticosteroid-binding globulin deficiency,snv_fora_do_painel,True,SERPINA6,2,1,0,0,0,,
OMIM:611490,"Osteopetrosis, autosomal recessive 4",snv_fora_do_painel,True,CLCN7,32,25,0,0,0,,
OMIM:611493,"Atrial fibrillation, familial, 4",sem_variante_patogenica,True,KCNE2,0,0,0,0,0,,
OMIM:611497,"Osteopetrosis, autosomal recessive 6",snv_fora_do_painel,True,PLEKHM1,1,1,0,0,0,,
OMIM:611498,Nephronophthisis 7,snv_fora_do_painel,True,GLIS2,1,1,0,0,0,,
OMIM:611521,Immunodeficiency 35,snv_fora_do_painel,True,TYK2,42,26,0,0,0,,
OMIM:611523,"Pontocerebellar hypoplasia, type 6",snv_fora_do_painel,True,RARS2,140,86,0,0,0,,
OMIM:611528,Arrhythmogenic right ventricular dysplasia 12,snv_fora_do_painel,True,JUP,27,12,0,0,0,,
OMIM:611543,Cavitary optic disc anomalies,sem_snv,True,MMP19,1,0,0,0,0,,
OMIM:611544,"Cataract 17, multiple types",snv_fora_do_painel,True,CRYBB1,11,8,0,0,0,,
OMIM:611548,Premature ovarian failure 5,snv_fora_do_painel,True,NOBOX,6,5,0,0,0,,
OMIM:611553,Noonan syndrome 5,snv_fora_do_painel,True,RAF1,21,20,0,0,0,,
OMIM:611554,Leopard syndrome 2,snv_fora_do_painel,True,RAF1,8,8,0,0,0,,
OMIM:611556,"Glycogen storage disease 0, muscle",snv_fora_do_painel,True,GYS1,40,24,0,0,0,,
OMIM:611560,Joubert syndrome 7,snv_fora_do_painel,True,RPGRIP1L,108,69,0,0,0,,
OMIM:611561,"Meckel syndrome, type 5",snv_fora_do_painel,True,RPGRIP1L,95,61,0,0,0,,
OMIM:611584,"Waardenburg syndrome, type 2E",snv_fora_do_painel,True,SOX10,38,27,0,0,0,,
OMIM:611588,"Muscular dystrophy-dystroglycanopathy (limb-girdle), type C, 4",snv_fora_do_painel,True,FKTN,32,20,0,0,0,,
OMIM:611590,"Renal tubular acidosis, distal, with hemolytic anemia",snv_fora_do_painel,True,SLC4A1,12,9,0,0,0,,
OMIM:611597,"Cataract, autosomal dominant, multiple types 1",sem_snv,True,BFSP2,2,0,0,0,0,,
OMIM:611603,Lissencephaly 3,snv_fora_do_painel,True,TUBA1A,87,83,0,0,0,,
OMIM:611615,"Cardiomyopathy, dilated, 1X",snv_fora_do_painel,True,FKTN,55,33,0,0,0,,
OMIM:611638,"Microphthalmia, isolated, with coloboma 5",snv_fora_do_painel,True,SHH,1,1,0,0,0,,
OMIM:611705,Congenital myopathy 5 with cardiomyopathy,snv_fora_do_painel,True,TTN,70,38,0,0,0,,
OMIM:611718,"Hypomagnesemia 4, renal",snv_fora_do_painel,True,EGF,2,2,0,0,0,,
OMIM:611719,Combined oxidative phosphorylation deficiency 5,snv_fora_do_painel,True,MRPS22,8,4,0,0,0,,
OMIM:611721,Combined saposin deficiency,snv_fora_do_painel,True,PSAP,19,14,0,0,0,,
OMIM:611722,"Krabbe disease, atypical, due to saposin A deficiency",snv_fora_do_painel,True,PSAP,16,12,0,0,0,,
OMIM:611726,"Epilepsy, progressive myoclonic 3, with or without intracellular inclusions",snv_fora_do_painel,True,KCTD7,28,20,0,0,0,,
OMIM:611755,Leber congenital amaurosis 10,snv_fora_do_painel,True,CEP290,240,121,0,0,0,,
OMIM:611762,Familial cold autoinflammatory syndrome 2,snv_fora_do_painel,True,NLRP12,8,3,0,0,0,,
OMIM:611771,Lipoprotein glomerulopathy,snv_fora_do_painel,True,APOE,2,2,0,0,0,,
OMIM:611773,"Angiopathy, hereditary, with nephropathy, aneurysms, and muscle cramps",snv_fora_do_painel,True,COL4A1,70,52,0,0,0,,
OMIM:611777,Brugada syndrome 2,sem_variante_patogenica,True,GPD1L,0,0,0,0,0,,
OMIM:611783,"Erythrocytosis, familial, 4",snv_fora_do_painel,True,EPAS1,5,5,0,0,0,,
OMIM:611788,"Aortic aneurysm, familial thoracic 6",snv_fora_do_painel,True,ACTA2,28,28,0,0,0,,
OMIM:611804,Elliptocytosis 1,snv_fora_do_painel,True,EPB41,23,13,0,0,0,,
OMIM:611809,"Bestrophinopathy, autosomal recessive",snv_fora_do_painel,True,BEST1,45,39,0,0,0,,
OMIM:611812,"46,XX sex reversal with dysgenesis of kidneys, adrenals, and lungs",snv_fora_do_painel,True,WNT4,2,2,0,0,0,,
OMIM:611816,Temple-Baraitser syndrome,snv_fora_do_painel,True,KCNH1,9,9,0,0,0,,
OMIM:611818,Long QT syndrome 9,snv_fora_do_painel,True,CAV3,6,6,0,0,0,,
OMIM:611819,Long QT syndrome 10,sem_variante_patogenica,True,SCN4B,0,0,0,0,0,,
OMIM:611820,Long QT syndrome 11,snv_fora_do_painel,True,AKAP9,1,1,0,0,0,,
OMIM:611875,Brugada syndrome 3,snv_fora_do_painel,True,CACNA1C,7,7,0,0,0,,
OMIM:611876,Brugada syndrome 4,snv_fora_do_painel,True,CACNB2,1,1,0,0,0,,
OMIM:611878,"Cardiomyopathy, dilated, 1Y",snv_fora_do_painel,True,TPM1,14,14,0,0,0,,
OMIM:611879,"Cardiomyopathy, dilated, 1Z",snv_fora_do_painel,True,TNNC1,6,6,0,0,0,,
OMIM:611880,"Cardiomyopathy, dilated, 2A",snv_fora_do_painel,True,TNNI3,9,9,0,0,0,,
OMIM:611881,Glycogen storage disease XII,snv_fora_do_painel,True,ALDOA,11,7,0,0,0,,
OMIM:611884,"Ciliary dyskinesia, primary, 7",snv_fora_do_painel,True,DNAH11,163,113,0,0,0,,
OMIM:611890,Congenital arthrogryposis with anterior horn cell disease,snv_fora_do_painel,True,GLE1,30,19,0,0,0,,
OMIM:611895,Amyotrophic lateral sclerosis 9,snv_fora_do_painel,True,ANG,7,7,0,0,0,,
OMIM:611938,"Ventricular tachycardia, catecholaminergic polymorphic, 2",snv_fora_do_painel,True,CASQ2,36,31,0,0,0,,
OMIM:611943,Riddle syndrome,snv_fora_do_painel,True,RNF168,11,6,0,0,0,,
OMIM:611953,"Macular degeneration, age-related, 11",sem_variante_patogenica,False,CST3,0,0,0,0,0,,
OMIM:612001,Chromosome 15q13.3 microdeletion syndrome,sem_variante_patogenica,True,CHRNA7;KLF13,0,0,0,0,0,,
OMIM:612004,Thrombocytopenia 4,snv_fora_do_painel,True,CYCS,5,4,0,0,0,,
OMIM:612015,"Congenital disorder of glycosylation, type In",snv_fora_do_painel,True,RFT1,13,13,0,0,0,,
OMIM:612016,"Coenzyme Q10 deficiency, primary, 4",snv_fora_do_painel,True,COQ8A,60,37,0,0,0,,
OMIM:612018,"Cataract, juvenile, with microcornea and glucosuria",snv_fora_do_painel,True,SLC16A12,1,1,0,0,0,,
OMIM:612020,"Spastic paraplegia 39, autosomal recessive",snv_fora_do_painel,True,PNPLA6,93,62,0,0,0,,
OMIM:612067,Dystonia 16,snv_fora_do_painel,True,PRKRA,4,3,0,0,0,,
OMIM:612069,Amyotrophic lateral sclerosis 10 with or without frontotemporal dementia,snv_fora_do_painel,True,TARDBP,25,25,0,0,0,,
OMIM:612073,Mitochondrial DNA depletion syndrome 5 (encephalomyopathic with or without methylmalonic aciduria),snv_fora_do_painel,True,SUCLA2,26,17,0,0,0,,
OMIM:612075,Mitochondrial DNA depletion syndrome 8A (encephalomyopathic type with renal tubulopathy),snv_fora_do_painel,True,RRM2B,26,19,0,0,0,,
OMIM:612076,"Hypouricemia, renal, 2",snv_fora_do_painel,True,SLC2A9,9,7,0,0,0,,
OMIM:612079,"Alopecia, neurologic defects, and endocrinopathy syndrome",snv_fora_do_painel,True,RBM28,2,1,0,0,0,,
OMIM:612095,Retinitis pigmentosa 41,snv_fora_do_painel,True,PROM1,26,16,0,0,0,,
OMIM:612098,"Cardiomyopathy, familial hypertrophic, 11",snv_fora_do_painel,True,ACTC1,12,12,0,0,0,,
OMIM:612109,Oculoauricular syndrome,snv_fora_do_painel,True,HMX1,2,1,0,0,0,,
OMIM:612119,Trehalase deficiency,sem_variante_patogenica,True,TREH,0,0,0,0,0,,
OMIM:612124,"Cardiomyopathy, familial hypertrophic, 12",snv_fora_do_painel,True,CSRP3,28,13,0,0,0,,
OMIM:612126,Glut1 deficiency syndrome 2,snv_fora_do_painel,True,SLC2A1,40,30,0,0,0,,
OMIM:612132,Ectodermal dysplasia and immunodeficiency 2,snv_fora_do_painel,True,NFKBIA,9,9,0,0,0,,
OMIM:612138,Epidermolysis bullosa simplex with pyloric atresia,snv_fora_do_painel,True,PLEC,94,65,0,0,0,,
OMIM:612158,"Cardiomyopathy, dilated, 1AA, with or without LVNC",snv_fora_do_painel,True,ACTN2,8,7,0,0,0,,
OMIM:612160,"Histiocytoma, angiomatoid fibrous, somatic",sem_variante_patogenica,True,CREB1,0,0,0,0,0,,
OMIM:612164,Developmental and epileptic encephalopathy 4,snv_fora_do_painel,True,STXBP1,156,118,0,0,0,,
OMIM:612199,Cerebroretinal microangiopathy with calcifications and cysts 1,snv_fora_do_painel,True,CTC1,46,20,0,0,0,,
OMIM:612201,"Atrial fibrillation, familial, 6",sem_snv,True,NPPA,2,0,0,0,0,,
OMIM:612219,Ewing sarcoma,snv_fora_do_painel,True,EWSR1,4,4,0,0,0,,
OMIM:612225,"Maturity-onset diabetes of the young, type IX",sem_variante_patogenica,True,PAX4,0,0,0,0,0,,
OMIM:612227,"Diabetes mellitus, ketosis-prone",sem_variante_patogenica,False,PAX4,0,0,0,0,0,,
OMIM:612229,"Colorectal cancer, susceptibility to, 3",sem_variante_patogenica,False,SMAD7,0,0,0,0,0,,
OMIM:612233,"Leukodystrophy, hypomyelinating, 4",snv_fora_do_painel,True,HSPD1,4,4,0,0,0,,
OMIM:612237,"Chondrosarcoma, extraskeletal myxoid",sem_variante_patogenica,True,NR4A3,0,0,0,0,0,,
OMIM:612240,"Atrial fibrillation, familial, 7",snv_fora_do_painel,True,KCNA5,3,3,0,0,0,,
OMIM:612244,Inflammatory bowel disease 13,sem_variante_patogenica,False,ABCB1,0,0,0,0,0,,
OMIM:612247,Crouzon syndrome with acanthosis nigricans,snv_fora_do_painel,True,FGFR3,3,3,0,0,0,,
OMIM:612260,Immunodeficiency 68,snv_fora_do_painel,True,MYD88,6,4,0,0,0,,
OMIM:612269,"Epilepsy, childhood absence, susceptibility to, 5",snv_fora_do_painel,False,GABRB3,55,45,0,0,0,,
OMIM:612271,"#612271 SKIN/HAIR/EYE PIGMENTATION, VARIATION IN, 11; SHEP11;;MELANESIAN BLOND HAIR;;SKIN/HAIR/EYE PIGMENTATION 11, BLUE/NONBLUE EYES",snv_fora_do_painel,True,TYRP1,16,10,0,0,0,,
OMIM:612278,Inflammatory bowel disease 19,sem_variante_patogenica,False,IRGM,0,0,0,0,0,,
OMIM:612281,"Ichthyosis, congenital, autosomal recessive 6",snv_fora_do_painel,True,NIPAL4,28,21,0,0,0,,
OMIM:612284,"Meckel syndrome, type 6",snv_fora_do_painel,True,CC2D2A,113,61,0,0,0,,
OMIM:612285,Joubert syndrome 9,snv_fora_do_painel,True,CC2D2A,115,63,0,0,0,,
OMIM:612286,"Nephrolithiasis/osteoporosis, hypophosphatemic, 1",snv_fora_do_painel,True,SLC34A1,20,10,0,0,0,,
OMIM:612287,"Nephrolithiasis/osteoporosis, hypophosphatemic, 2",sem_variante_patogenica,True,NHERF1,0,0,0,0,0,,
OMIM:612289,Fontaine progeroid syndrome,snv_fora_do_painel,True,SLC25A24,2,2,0,0,0,,
OMIM:612290,"Microtia, hearing impairment, and cleft palate",snv_fora_do_painel,True,HOXA2,2,1,0,0,0,,
OMIM:612291,Joubert syndrome 8,snv_fora_do_painel,True,ARL13B,35,18,0,0,0,,
OMIM:612292,Birk-Barel syndrome,snv_fora_do_painel,True,KCNK9,8,8,0,0,0,,
OMIM:612300,"Hemolytic anemia, CD59-mediated, with or without immune-mediated polyneuropathy",snv_fora_do_painel,True,CD59,9,3,0,0,0,,
OMIM:612301,"Osteopetrosis, autosomal recessive 7",snv_fora_do_painel,True,TNFRSF11A,13,9,0,0,0,,
OMIM:612304,"Thrombophilia due to protein C deficiency, autosomal recessive",snv_fora_do_painel,True,PROC,22,21,0,0,0,,
OMIM:612310,Premature ovarian failure 6,snv_fora_do_painel,True,FIGLA,4,3,0,0,0,,
OMIM:612313,Glass syndrome,snv_fora_do_painel,True,SATB2,109,64,0,0,0,,
OMIM:612319,"Spastic paraplegia 35, autosomal recessive",snv_fora_do_painel,True,FA2H,42,27,0,0,0,,
OMIM:612336,"Thrombophilia, hereditary, due to protein S deficiency, autosomal",snv_fora_do_painel,True,PROS1,35,27,0,0,0,,
OMIM:612337,"Intellectual developmental disorder, autosomal dominant 22",snv_fora_do_painel,True,ZBTB18,47,31,0,0,0,,
OMIM:612347,Jervell and Lange-Nielsen syndrome 2,snv_fora_do_painel,True,KCNE1,6,4,0,0,0,,
OMIM:612350,"Ehlers-Danlos syndrome, spondylodysplastic type, 3",sem_snv,True,SLC39A13,1,0,0,0,0,,
OMIM:612356,Heparin cofactor II deficiency,snv_fora_do_painel,True,SERPIND1,4,1,0,0,0,,
OMIM:612370,Hypogonadotropic hypogonadism 5 with or without anosmia,snv_fora_do_painel,True,CHD7,34,24,0,0,0,,
OMIM:612376,Acute promyelocytic leukemia,sem_variante_patogenica,True,RARA,0,0,0,0,0,,
OMIM:612379,"Congenital disorder of glycosylation, type IQ",snv_fora_do_painel,True,SRD5A3,11,8,0,0,0,,
OMIM:612387,"Sarcoidosis, susceptibility to, 2",sem_variante_patogenica,False,BTNL2,0,0,0,0,0,,
OMIM:612389,"Pontocerebellar hypoplasia, type 2B",snv_fora_do_painel,True,TSEN2,17,10,0,0,0,,
OMIM:612390,"Pontocerebellar hypoplasia, type 2C",snv_fora_do_painel,True,TSEN34,1,1,0,0,0,,
OMIM:612394,"Bone fragility with contractures, arterial rupture, and deafness",snv_fora_do_painel,True,PLOD3,8,6,0,0,0,,
OMIM:612416,Factor XI deficiency,alelo_patogenico_ensaiado,True,F11,100,82,3,3,0,2,11890;11891;11892
OMIM:612422,"Cardiomyopathy, familial restrictive, 3",snv_fora_do_painel,True,TNNT2,38,35,0,0,0,,
OMIM:612423,Prekallikrein deficiency,snv_fora_do_painel,True,KLKB1,9,5,0,0,0,,
OMIM:612431,"Deafness, autosomal dominant 27",snv_fora_do_painel,True,REST,2,2,0,0,0,,
OMIM:612437,"Epilepsy, progressive myoclonic 1B",snv_fora_do_painel,True,PRICKLE1,2,2,0,0,0,,
OMIM:612438,"Leukodystrophy, hypomyelinating, 6",snv_fora_do_painel,True,TUBB4A,34,34,0,0,0,,
OMIM:612444,"Ciliary dyskinesia, primary, 9, with or without situs inversus",snv_fora_do_painel,True,DNAI2,29,17,0,0,0,,
OMIM:612446,C6 deficiency,snv_fora_do_painel,True,C6,22,9,0,0,0,,
OMIM:612460,"Obesity, susceptibility to, BMIQ14",snv_fora_do_painel,False,FTO,1,1,0,0,0,,
OMIM:612462,"Pseudohypoparathyroidism, type IC",snv_fora_do_painel,True,GNAS,11,8,0,0,0,,
OMIM:612463,Pseudopseudohypoparathyroidism,snv_fora_do_painel,True,GNAS,23,11,0,0,0,,
OMIM:612474,"Chromosome 1q21.1 deletion syndrome, 1.35-mb",sem_variante_patogenica,True,GJA5;GJA8,0,0,0,0,0,,
OMIM:612518,"Ciliary dyskinesia, primary, 10",snv_fora_do_painel,True,DNAAF2,11,6,0,0,0,,
OMIM:612520,"Diabetes mellitus, insulin-dependent, 20",snv_fora_do_painel,True,HNF1A,7,4,0,0,0,,
OMIM:612526,"Lipodystrophy, congenital generalized, type 3",snv_fora_do_painel,True,CAV1,4,2,0,0,0,,
OMIM:612527,Diamond-Blackfan anemia 4,snv_fora_do_painel,True,RPS17,6,5,0,0,0,,
OMIM:612528,Diamond-Blackfan anemia 5,snv_fora_do_painel,True,RPL35A,9,6,0,0,0,,
OMIM:612529,"Amelogenesis imperfecta, hypomaturation type, iia2",snv_fora_do_painel,True,MMP20,11,9,0,0,0,,
OMIM:612539,"Spastic paraplegia 42, autosomal dominant",snv_fora_do_painel,True,SLC33A1,1,1,0,0,0,,
OMIM:612540,"Myopathy, congenital, compton-north",snv_fora_do_painel,True,CNTN1,22,11,0,0,0,,
OMIM:612541,"Neutropenia, severe congenital, 4, autosomal recessive",snv_fora_do_painel,True,G6PC3,49,32,0,0,0,,
OMIM:612551,"Focal segmental glomerulosclerosis 4, susceptibility to",sem_snv,False,APOL1,1,0,0,0,0,,
OMIM:612555,"Breast-Ovarian cancer, familial, susceptibility to, 2",snv_fora_do_painel,False,BRCA2,3226,883,0,0,0,,
OMIM:612556,Adiponectin deficiency,snv_fora_do_painel,True,ADIPOQ,2,1,0,0,0,,
OMIM:612561,Diamond-Blackfan anemia 6,snv_fora_do_painel,True,RPL5,29,12,0,0,0,,
OMIM:612562,Diamond-Blackfan anemia 7,snv_fora_do_painel,True,RPL11,13,4,0,0,0,,
OMIM:612563,Diamond-Blackfan anemia 8,snv_fora_do_painel,True,RPS7,11,10,0,0,0,,
OMIM:612567,"Inflammatory bowel disease 25, early onset, autosomal recessive",snv_fora_do_painel,True,IL10RB,14,13,0,0,0,,
OMIM:612572,Retinitis pigmentosa 46,snv_fora_do_painel,True,IDH3B,8,4,0,0,0,,
OMIM:612577,Amyotrophic lateral sclerosis 11,snv_fora_do_painel,True,FIG4,12,8,0,0,0,,
OMIM:612580,"Intellectual developmental disorder, autosomal dominant 3",sem_variante_patogenica,True,CDH15,0,0,0,0,0,,
OMIM:612591,"Colorectal cancer, susceptibility to, 10",snv_fora_do_painel,False,POLD1,4,3,0,0,0,,
OMIM:612621,"Intellectual developmental disorder, autosomal dominant 5",snv_fora_do_painel,True,SYNGAP1,315,147,0,0,0,,
OMIM:612631,"Adenylate kinase deficiency, hemolytic anemia due to",snv_fora_do_painel,True,AK1,10,7,0,0,0,,
OMIM:612643,"Deafness, autosomal dominant 3B",snv_fora_do_painel,True,GJB6,4,4,0,0,0,,
OMIM:612644,"Deafness, autosomal dominant 2B",snv_fora_do_painel,True,GJB3,1,1,0,0,0,,
OMIM:612645,"Deafness, autosomal recessive 1B",snv_fora_do_painel,True,GJB6,18,13,0,0,0,,
OMIM:612649,"Ciliary dyskinesia, primary, 11",snv_fora_do_painel,True,RSPH4A,18,11,0,0,0,,
OMIM:612650,"Ciliary dyskinesia, primary, 12",snv_fora_do_painel,True,RSPH9,5,1,0,0,0,,
OMIM:612651,ENDOCRINE-CEREBROOSTEODYSPLASIA,snv_fora_do_painel,True,CILK1,3,3,0,0,0,,
OMIM:612653,"Spherocytosis, type 4",snv_fora_do_painel,True,SLC4A1,29,21,0,0,0,,
OMIM:612656,"Episodic ataxia, type 6",snv_fora_do_painel,True,SLC1A3,2,2,0,0,0,,
OMIM:612657,Cone-rod dystrophy 12,snv_fora_do_painel,True,PROM1,22,13,0,0,0,,
OMIM:612671,Gout susceptibility 4,sem_variante_patogenica,False,SLC17A3,0,0,0,0,0,,
OMIM:612674,"Polyneuropathy, hearing loss, ataxia, retinitis pigmentosa, and cataract",snv_fora_do_painel,True,ABHD12,19,10,0,0,0,,
OMIM:612690,"Spherocytosis, type 5",snv_fora_do_painel,True,EPB42,16,9,0,0,0,,
OMIM:612691,"Polymicrogyria, bilateral temporooccipital",snv_fora_do_painel,True,FIG4,8,5,0,0,0,,
OMIM:612692,"Agammaglobulinemia 6, autosomal recessive",snv_fora_do_painel,True,CD79B,3,3,0,0,0,,
OMIM:612702,Hypogonadotropic hypogonadism 6 with or without anosmia,snv_fora_do_painel,True,FGF8,8,7,0,0,0,,
OMIM:612703,"Microcephaly 7, primary, autosomal recessive",snv_fora_do_painel,True,STIL,12,7,0,0,0,,
OMIM:612712,Leber congenital amaurosis 13,snv_fora_do_painel,True,RDH12,127,85,0,0,0,,
OMIM:612713,Kahrizi syndrome,snv_fora_do_painel,True,SRD5A3,6,3,0,0,0,,
OMIM:612714,"Exocrine pancreatic insufficiency, dyserythropoietic anemia, and calvarialhyperostosis",sem_variante_patogenica,True,COX4I2,0,0,0,0,0,,
OMIM:612716,"Dystonia, dopa-responsive, due to sepiapterin reductase deficiency",snv_fora_do_painel,True,SPR,23,15,0,0,0,,
OMIM:612718,Cerebral creatine deficiency syndrome 3,snv_fora_do_painel,True,GATM,33,21,0,0,0,,
OMIM:612736,Cerebral creatine deficiency syndrome 2,snv_fora_do_painel,True,GAMT,109,70,0,0,0,,
OMIM:612740,"Porphyria, acute hepatic",snv_fora_do_painel,True,ALAD,5,5,0,0,0,,
OMIM:612775,Cone-Rod dystrophy 9,snv_fora_do_painel,True,ADAM9,12,7,0,0,0,,
OMIM:612780,SESAME syndrome,snv_fora_do_painel,True,KCNJ10,27,17,0,0,0,,
OMIM:612781,"Growth hormone deficiency, isolated, type IB",snv_fora_do_painel,True,GH1,9,8,0,0,0,,
OMIM:612782,Immunodeficiency 9,snv_fora_do_painel,True,ORAI1,18,8,0,0,0,,
OMIM:612783,Immunodeficiency 10,snv_fora_do_painel,True,STIM1,26,18,0,0,0,,
OMIM:612794,Atrial septal defect 5,snv_fora_do_painel,True,ACTC1,15,14,0,0,0,,
OMIM:612798,"Question mark ears, isolated",snv_fora_do_painel,True,EDN1,2,2,0,0,0,,
OMIM:612813,"Spondyloepimetaphyseal dysplasia, Aggrecan type",snv_fora_do_painel,True,ACAN,11,8,0,0,0,,
OMIM:612838,Brugada syndrome 5,snv_fora_do_painel,True,SCN1B,26,14,0,0,0,,
OMIM:612840,"Leukocyte adhesion deficiency, type III",snv_fora_do_painel,True,FERMT3,26,13,0,0,0,,
OMIM:612841,Hypotrichosis 5,sem_variante_patogenica,True,EPS8L3,0,0,0,0,0,,
OMIM:612847,Brachyolmia 4 with mild epiphyseal and metaphyseal changes,snv_fora_do_painel,True,PAPSS2,34,21,0,0,0,,
OMIM:612852,Interleukin 1 receptor antagonist deficiency,snv_fora_do_painel,True,IL1RN,8,6,0,0,0,,
OMIM:612877,"Cardiomyopathy, dilated, 1BB",snv_fora_do_painel,True,DSG2,10,4,0,0,0,,
OMIM:612885,Premature ovarian failure 10,snv_fora_do_painel,True,MCM8,8,6,0,0,0,,
OMIM:612899,"Epilepsy idiopathic generalized, susceptibility to, 8",snv_fora_do_painel,False,CASR,28,27,0,0,0,,
OMIM:612900,"Cerebral palsy, spastic quadriplegic, 2",sem_variante_patogenica,True,KANK1,0,0,0,0,0,,
OMIM:612908,Keratosis palmoplantaris striata II,snv_fora_do_painel,True,DSP,13,7,0,0,0,,
OMIM:612918,"Congenital lipomatous overgrowth, vascular malformations, and epidermal nevi",snv_fora_do_painel,True,PIK3CA,16,15,0,0,0,,
OMIM:612921,3-M syndrome 2,snv_fora_do_painel,True,OBSL1,49,17,0,0,0,,
OMIM:612922,"Hemolytic uremic syndrome, atypical, susceptibility to, 2",snv_fora_do_painel,False,CD46,29,16,0,0,0,,
OMIM:612923,"Hemolytic uremic syndrome, atypical, susceptibility to, 3",snv_fora_do_painel,False,CFI,25,18,0,0,0,,
OMIM:612924,"Hemolytic uremic syndrome, atypical, susceptibility to, 4",posicao_alelo_diferente,False,CFB,2,2,1,0,0,,
OMIM:612925,"Hemolytic uremic syndrome, atypical, susceptibility to, 5",snv_fora_do_painel,False,C3,17,10,0,0,0,,
OMIM:612926,"Hemolytic uremic syndrome, atypical, susceptibility to, 6",snv_fora_do_painel,False,THBD,3,1,0,0,0,,
OMIM:612932,Glycogen storage disease XIII,snv_fora_do_painel,True,ENO3,2,2,0,0,0,,
OMIM:612933,Glycogen storage disease XI,snv_fora_do_painel,True,LDHA,13,6,0,0,0,,
OMIM:612936,"Spastic paraplegia 50, autosomal recessive",snv_fora_do_painel,True,AP4M1,46,25,0,0,0,,
OMIM:612937,"Muscular dystrophy-dystroglycanopathy (limb-girdle), type C, 15",snv_fora_do_painel,True,DPM3,12,9,0,0,0,,
OMIM:612938,"Growth retardation, developmental delay, coarse facies, and earlydeath",snv_fora_do_painel,True,FTO,2,2,0,0,0,,
OMIM:612940,"Cutis laxa, autosomal recessive, type IIB",snv_fora_do_painel,True,PYCR1,23,14,0,0,0,,
OMIM:612943,Retinitis pigmentosa 42,snv_fora_do_painel,True,KLHL7,7,5,0,0,0,,
OMIM:612949,"Epileptic encephalopathy, early infantile, 39",snv_fora_do_painel,True,SLC25A12,9,7,0,0,0,,
OMIM:612951,"Leukoencephalopathy, cystic, without megalencephaly",snv_fora_do_painel,True,RNASET2,10,6,0,0,0,,
OMIM:612952,Aicardi-Goutieres syndrome 5,snv_fora_do_painel,True,SAMHD1,121,67,0,0,0,,
OMIM:612953,"Parkinson disease 14, autosomal recessive",snv_fora_do_painel,True,PLA2G6,45,35,0,0,0,,
OMIM:612954,"Myopathy, myofibrillar, 6",snv_fora_do_painel,True,BAG3,106,52,0,0,0,,
OMIM:612955,Long QT syndrome 12,sem_variante_patogenica,True,SNTA1,0,0,0,0,0,,
OMIM:612956,"Ventricular fibrillation, paroxysmal familial, 2",snv_fora_do_painel,False,DPP6,1,1,0,0,0,,
OMIM:612961,Multiple synostoses syndrome 3,snv_fora_do_painel,True,FGF9,4,4,0,0,0,,
OMIM:612964,Premature ovarian failure 7,snv_fora_do_painel,True,NR5A1,9,4,0,0,0,,
OMIM:612965,46XY sex reversal 3,snv_fora_do_painel,True,NR5A1,52,36,0,0,0,,
OMIM:612968,"Cataract 34, multiple types",snv_fora_do_painel,True,FOXE3,4,4,0,0,0,,
OMIM:612975,SHORT SLEEPER,sem_variante_patogenica,True,BHLHE41,0,0,0,0,0,,
OMIM:612989,Optic atrophy 7 with or without auditory neuropathy,snv_fora_do_painel,True,TMEM126A,3,1,0,0,0,,
OMIM:612997,Spermatogenic failure 7,snv_fora_do_painel,True,CATSPER1;CATSPER2;STRC,5,3,0,0,0,,
OMIM:612998,"Emery-Dreifuss muscular dystrophy 4, autosomal dominant",snv_fora_do_painel,True,SYNE1,164,109,0,0,0,,
OMIM:612999,"Emery-Dreifuss muscular dystrophy 5, autosomal dominant",snv_fora_do_painel,True,SYNE2,7,1,0,0,0,,
OMIM:613000,"Palmoplantar keratoderma, nonepidermolytic, focal 1",snv_fora_do_painel,True,KRT16,8,6,0,0,0,,
OMIM:613001,Encephalocraniocutaneous lipomatosis,snv_fora_do_painel,True,FGFR1,7,7,0,0,0,,
OMIM:613002,"Immunodeficiency 83, susceptibility to viral infections",sem_variante_patogenica,False,TLR3,0,0,0,0,0,,
OMIM:613003,"Attention deficit-hyperactivity disorder, susceptibility to, 7",sem_variante_patogenica,False,TPH2,0,0,0,0,0,,
OMIM:613005,Santos syndrome,snv_fora_do_painel,True,WNT7A,1,1,0,0,0,,
OMIM:613011,Lymphoproliferative syndrome 1,snv_fora_do_painel,True,ITK,18,15,0,0,0,,
OMIM:613013,"Neuroblastoma, susceptibility to, 2",snv_fora_do_painel,True,PHOX2B,9,2,0,0,0,,
OMIM:613021,Bronchiectasis with or without elevated sweat chloride 2,snv_fora_do_painel,True,SCNN1A,14,8,0,0,0,,
OMIM:613027,Glycogen storage disease IXc,snv_fora_do_painel,True,PHKG2,49,29,0,0,0,,
OMIM:613028,Glioma susceptibility 2,snv_fora_do_painel,False,PTEN,43,37,0,0,0,,
OMIM:613029,Glioma susceptibility 3,snv_fora_do_painel,False,BRCA2,2,1,0,0,0,,
OMIM:613038,"Pituitary hormone deficiency, combined, 1",snv_fora_do_painel,True,POU1F1,30,25,0,0,0,,
OMIM:613055,"Atrial fibrillation 8, susceptibility to",snv_fora_do_painel,False,ZFHX3,1,1,0,0,0,,
OMIM:613060,"Epilepsy, idiopathic generalized, 10",snv_fora_do_painel,False,GABRD,2,2,0,0,0,,
OMIM:613065,"Leukemia, acute lymphocytic, susceptibility to, 1",snv_fora_do_painel,True,BAX;BCR;FLT3;GNB1;NBN;NUP214;TAL1;TAL2,64,30,0,0,0,,
OMIM:613068,Neurodegeneration due to cerebral folate transport deficiency,snv_fora_do_painel,True,FOLR1,23,15,0,0,0,,
OMIM:613070,"Liver failure, infantile, transient",snv_fora_do_painel,True,TRMU,115,65,0,0,0,,
OMIM:613071,Bronchiectasis with or without elevated sweat chloride 3,snv_fora_do_painel,True,SCNN1G,3,1,0,0,0,,
OMIM:613073,Metaphyseal anadysplasia 2,snv_fora_do_painel,True,MMP9,3,2,0,0,0,,
OMIM:613074,"Deafness, autosomal dominant 50",snv_fora_do_painel,True,MIR96,2,2,0,0,0,,
OMIM:613075,"Macrocephaly, alopecia, cutis laxa, and scoliosis",sem_snv,True,RIN2,5,0,0,0,0,,
OMIM:613076,"Myopathy, mitochondrial progressive, with congenital cataract, hearing loss, and developmental delay",snv_fora_do_painel,True,GFER,7,4,0,0,0,,
OMIM:613077,"Progressive external ophthalmoplegia with mitochondrial DNA deletions, autosomal dominant 5",snv_fora_do_painel,True,RRM2B,12,10,0,0,0,,
OMIM:613078,Nijmegen breakage syndrome-like disorder,snv_fora_do_painel,True,RAD50,108,62,0,0,0,,
OMIM:613079,"Deafness, autosomal recessive 77",snv_fora_do_painel,True,LOXHD1,208,118,0,0,0,,
OMIM:613080,46XY sex reversal 5,snv_fora_do_painel,True,CBX2,2,2,0,0,0,,
OMIM:613086,"Glaucoma 3, primary congenital, D",snv_fora_do_painel,True,LTBP2,10,5,0,0,0,,
OMIM:613087,Atrial septal defect 6,snv_fora_do_painel,True,TLL1,4,4,0,0,0,,
OMIM:613089,"Capillary malformation of the lower lip, lymphatic malformation of face and neck, asymmetry of face and limbs, and partial/generalized overgrowth",snv_fora_do_painel,True,PIK3CA,5,5,0,0,0,,
OMIM:613090,"Bartter syndrome, type 4B, neonatal, with sensorineural deafness",snv_fora_do_painel,True,CLCNKA;CLCNKB,40,26,0,0,0,,
OMIM:613091,Asphyxiating thoracic dystrophy 3,snv_fora_do_painel,True,DYNC2H1,288,201,0,0,0,,
OMIM:613092,"Tubulointerstitial kidney disease, autosomal dominant, 4",snv_fora_do_painel,True,REN,12,8,0,0,0,,
OMIM:613093,Cone dystrophy 4,snv_fora_do_painel,True,PDE6C,23,16,0,0,0,,
OMIM:613094,"Microphthalmia, isolated 4",sem_variante_patogenica,True,GDF6,0,0,0,0,0,,
OMIM:613095,Polycystic kidney disease 2,snv_fora_do_painel,True,PKD2,314,138,0,0,0,,
OMIM:613100,"Glaucoma 1, open angle, O",sem_variante_patogenica,True,NTF4,0,0,0,0,0,,
OMIM:613101,"Hemophagocytic lymphohistiocytosis, familial, 5",snv_fora_do_painel,True,STXBP2,81,54,0,0,0,,
OMIM:613102,Hypotrichosis and recurrent skin vesicles,snv_fora_do_painel,True,DSC3,6,5,0,0,0,,
OMIM:613105,"Choroidal dystrophy, central areolar 2",snv_fora_do_painel,True,PRPH2,14,10,0,0,0,,
OMIM:613107,"Neutropenia, severe congenital, 2, autosomal dominant",snv_fora_do_painel,True,GFI1,1,1,0,0,0,,
OMIM:613108,"Candidiasis, familial, 4",sem_variante_patogenica,True,CLEC7A,0,0,0,0,0,,
OMIM:613112,"Macrothrombocytopenia, autosomal dominant, tubb1-related",snv_fora_do_painel,True,TUBB1,6,4,0,0,0,,
OMIM:613115,"Neuropathy, hereditary sensory and autonomic, type IIB",snv_fora_do_painel,True,RETREG1,7,5,0,0,0,,
OMIM:613116,Thrombophilia due to histidine-rich glycoprotein deficiency,snv_fora_do_painel,True,HRG,2,2,0,0,0,,
OMIM:613118,Antithrombin III deficiency,alelo_patogenico_ensaiado,True,SERPINC1,117,79,1,1,0,3,1170692
OMIM:613119,Brugada syndrome 6,sem_variante_patogenica,True,KCNE3,0,0,0,0,0,,
OMIM:613120,Brugada syndrome 7,sem_variante_patogenica,True,SCN3B,0,0,0,0,0,,
OMIM:613122,"Cardiomyopathy, dilated, 1cc",snv_fora_do_painel,True,NEXN,25,9,0,0,0,,
OMIM:613123,Brugada syndrome 8,snv_fora_do_painel,True,HCN4,12,11,0,0,0,,
OMIM:613135,"Parkinsonism-Dystonia, infantile, 1",snv_fora_do_painel,True,SLC6A3,7,5,0,0,0,,
OMIM:613148,"Inflammatory bowel disease 28, early onset, autosomal recessive",snv_fora_do_painel,True,IL10RA,23,17,0,0,0,,
OMIM:613150,"Muscular dystrophy-dystroglycanopathy (congenital with brain and eye anomalies), type A, 2",snv_fora_do_painel,True,POMT2,117,68,0,0,0,,
OMIM:613151,"Muscular dystrophy-dystroglycanopathy (congenital with impaired intellectual development), type B, 3",snv_fora_do_painel,True,POMGNT1,147,86,0,0,0,,
OMIM:613152,"Muscular dystrophy-dystroglycanopathy (congenital without impaired intellectual development), type B, 4",snv_fora_do_painel,True,FKTN,29,18,0,0,0,,
OMIM:613153,"Muscular dystrophy-dystroglycanopathy (congenital with brain and eye anomalies), type A, 5",snv_fora_do_painel,True,FKRP,70,46,0,0,0,,
OMIM:613154,"Muscular dystrophy-dystroglycanopathy (congenital with brain and eye anomalies), type A, 6",snv_fora_do_painel,True,LARGE1,4,4,0,0,0,,
OMIM:613155,"Muscular dystrophy-dystroglycanopathy (congenital with impaired intellectual development), type B, 1",snv_fora_do_painel,True,POMT1,135,67,0,0,0,,
OMIM:613156,"Muscular dystrophy-dystroglycanopathy (congenital with impaired intellectual development), type B, 2",snv_fora_do_painel,True,POMT2,112,64,0,0,0,,
OMIM:613157,"Muscular dystrophy-dystroglycanopathy (limb-girdle), type C, 3",snv_fora_do_painel,True,POMGNT1,145,84,0,0,0,,
OMIM:613158,"Muscular dystrophy-dystroglycanopathy (limb-girdle), type C, 2",snv_fora_do_painel,True,POMT2,109,62,0,0,0,,
OMIM:613159,Nephronophthisis-Like nephropathy 1,snv_fora_do_painel,True,XPNPEP3,17,11,0,0,0,,
OMIM:613161,Beta-ureidopropionase deficiency,snv_fora_do_painel,True,UPB1,13,10,0,0,0,,
OMIM:613162,"Spastic paraplegia 45, autosomal recessive",snv_fora_do_painel,True,NT5C2,28,18,0,0,0,,
OMIM:613163,GABA-transaminase deficiency,snv_fora_do_painel,True,ABAT,24,20,0,0,0,,
OMIM:613172,"Cardiomyopathy, dilated, 1DD",snv_fora_do_painel,True,RBM20,95,46,0,0,0,,
OMIM:613177,"Cutis laxa, autosomal recessive, type IC",snv_fora_do_painel,True,LTBP4,20,12,0,0,0,,
OMIM:613179,Immunodeficiency due to purine nucleoside phosphorylase deficiency,snv_fora_do_painel,True,PNP,35,23,0,0,0,,
OMIM:613192,"Intellectual developmental disorder, autosomal recessive 13",snv_fora_do_painel,True,TRAPPC9,38,23,0,0,0,,
OMIM:613193,"Ciliary dyskinesia, primary, 13",snv_fora_do_painel,True,DNAAF1,20,10,0,0,0,,
OMIM:613194,Retinitis pigmentosa-50,snv_fora_do_painel,True,BEST1,12,11,0,0,0,,
OMIM:613195,Weill-Marchesani syndrome 4,snv_fora_do_painel,True,ADAMTS17,15,9,0,0,0,,
OMIM:613204,"Muscular dystrophy, congenital, due to integrin alpha-7 deficiency",snv_fora_do_painel,True,ITGA7,59,32,0,0,0,,
OMIM:613205,LMNA-related congenital muscular dystrophy,snv_fora_do_painel,True,LMNA,22,19,0,0,0,,
OMIM:613206,"Spastic paraplegia 44, autosomal recessive",snv_fora_do_painel,True,GJC2,5,2,0,0,0,,
OMIM:613211,"Amelogenesis imperfecta, hypomaturation type, iia3",snv_fora_do_painel,True,WDR72,33,21,0,0,0,,
OMIM:613216,"Night blindness, congenital stationary (complete), 1C, autosomal recessive",snv_fora_do_painel,True,TRPM1,40,27,0,0,0,,
OMIM:613217,"Diarrhea 5, with tufting enteropathy, congenital",snv_fora_do_painel,True,EPCAM,20,11,0,0,0,,
OMIM:613224,Noonan syndrome 6,snv_fora_do_painel,True,NRAS,13,13,0,0,0,,
OMIM:613225,"Factor XIII, A subunit, deficiency of",posicao_alelo_diferente,True,F13A1,37,26,1,0,0,,
OMIM:613227,"Spinocerebellar ataxia, autosomal recessive 34",snv_fora_do_painel,True,CA8,10,10,0,0,0,,
OMIM:613229,TRICHOTILLOMANIA,sem_snv,True,SLITRK1,1,0,0,0,0,,
OMIM:613235,Factor XIIIB deficiency,snv_fora_do_painel,True,F13B,11,6,0,0,0,,
OMIM:613237,"Glomerulosclerosis, focal segmental, 5",snv_fora_do_painel,True,INF2,39,36,0,0,0,,
OMIM:613239,"Thyrotoxic periodic paralysis, susceptibility to, 2",sem_variante_patogenica,False,KCNJ18,0,0,0,0,0,,
OMIM:613243,"Cardiomyopathy, familial hypertrophic, 13",snv_fora_do_painel,True,TNNC1,2,2,0,0,0,,
OMIM:613244,"Colorectal cancer, hereditary nonpolyposis, type 8",snv_fora_do_painel,True,EPCAM,5,1,0,0,0,,
OMIM:613251,"Cardiomyopathy, familial hypertrophic, 14",snv_fora_do_painel,True,MYH6,5,4,0,0,0,,
OMIM:613252,"Cardiomyopathy, dilated, 1EE",snv_fora_do_painel,True,MYH6,2,2,0,0,0,,
OMIM:613254,Tuberous sclerosis-2,snv_fora_do_painel,True,IFNG;TSC2,1081,543,0,0,0,,
OMIM:613255,"Cardiomyopathy, familial hypertrophic, 15",snv_fora_do_painel,True,VCL,1,1,0,0,0,,
OMIM:613265,"Waardenburg syndrome, type 4B",snv_fora_do_painel,True,EDN3,6,5,0,0,0,,
OMIM:613266,"Waardenburg syndrome, type 4C",snv_fora_do_painel,True,SOX10,102,50,0,0,0,,
OMIM:613267,"Corneal dystrophy, fuchs endothelial, 3",snv_fora_do_painel,True,TCF4,12,6,0,0,0,,
OMIM:613268,"Corneal dystrophy, Fuchs endothelial, 4",snv_fora_do_painel,True,SLC4A11,36,23,0,0,0,,
OMIM:613270,"Corneal dystrophy, fuchs endothelial, 6",snv_fora_do_painel,True,ZEB1,5,3,0,0,0,,
OMIM:613280,Hypermanganesemia with dystonia 1,snv_fora_do_painel,True,SLC30A10,8,3,0,0,0,,
OMIM:613285,"Deafness, autosomal recessive 25",snv_fora_do_painel,True,GRXCR1,9,8,0,0,0,,
OMIM:613286,"Cardiomyopathy, dilated, 1FF",snv_fora_do_painel,True,TNNI3,12,12,0,0,0,,
OMIM:613287,"Charcot-Marie-Tooth disease, axonal, type 2N",snv_fora_do_painel,True,AARS1,10,8,0,0,0,,
OMIM:613291,"Bile acid malabsorption, primary",sem_snv,True,SLC10A2,2,0,0,0,0,,
OMIM:613307,"Deafness, autosomal recessive 79",snv_fora_do_painel,True,TPRN,16,4,0,0,0,,
OMIM:613308,Diamond-Blackfan anemia 9,snv_fora_do_painel,True,RPS10,6,3,0,0,0,,
OMIM:613309,Diamond-Blackfan anemia 10,snv_fora_do_painel,True,RPS26,25,16,0,0,0,,
OMIM:613310,Exudative vitreoretinopathy 5,snv_fora_do_painel,True,TSPAN12,17,11,0,0,0,,
OMIM:613312,"Hypophosphatemic rickets, autosomal recessive, 2",snv_fora_do_painel,True,ENPP1,38,24,0,0,0,,
OMIM:613313,"Hemochromatosis, type 2B",snv_fora_do_painel,True,HAMP,6,5,0,0,0,,
OMIM:613319,Miyoshi muscular dystrophy 3,snv_fora_do_painel,True,ANO5,27,16,0,0,0,,
OMIM:613320,"Spondylometaphyseal dysplasia, Megarbane-Dagher-Melki type",snv_fora_do_painel,True,PAM16,2,2,0,0,0,,
OMIM:613325,Rhabdoid tumor predisposition syndrome 2,snv_fora_do_painel,False,SMARCA4,189,112,0,0,0,,
OMIM:613327,"Lipodystrophy, congenital generalized, type 4",snv_fora_do_painel,True,CAVIN1,12,4,0,0,0,,
OMIM:613328,Roifman-Chitayat syndrome,snv_fora_do_painel,True,KNSTRN;PIK3CD,3,2,0,0,0,,
OMIM:613329,Plasminogen activator inhibitor-1 deficiency,sem_snv,True,SERPINE1,1,0,0,0,0,,
OMIM:613330,Spondylo-megaepiphyseal-metaphyseal dysplasia,sem_snv,True,NKX3-2,4,0,0,0,0,,
OMIM:613341,Leber congenital amaurosis 14,snv_fora_do_painel,True,LRAT,13,7,0,0,0,,
OMIM:613345,"Hypokalemic periodic paralysis, type 2",snv_fora_do_painel,True,SCN4A,20,20,0,0,0,,
OMIM:613347,"Pancreatic cancer, susceptibility to, 2",snv_fora_do_painel,False,BRCA2,19,7,0,0,0,,
OMIM:613348,"Pancreatic cancer, susceptibility to, 3",snv_fora_do_painel,False,PALB2,74,30,0,0,0,,
OMIM:613353,"Mononeuropathy of the median nerve, mild",snv_fora_do_painel,True,SH3TC2,32,24,0,0,0,,
OMIM:613370,"Maturity-onset diabetes of the young, type 10",snv_fora_do_painel,True,INS,11,11,0,0,0,,
OMIM:613375,"Maturity-onset diabetes of the young, type 11",snv_fora_do_painel,True,BLK,1,1,0,0,0,,
OMIM:613376,"Neuronopathy, distal hereditary motor, type IIC",sem_variante_patogenica,True,HSPB3,0,0,0,0,0,,
OMIM:613382,"Brachydactyly, type E2",snv_fora_do_painel,True,PTHLH,11,9,0,0,0,,
OMIM:613385,"Autoimmune disease, multisystem, with facial dysmorphism",snv_fora_do_painel,True,ITCH,17,10,0,0,0,,
OMIM:613388,Fanconi renotubular syndrome 2,snv_fora_do_painel,True,SLC34A1,20,11,0,0,0,,
OMIM:613390,"Fanconi anemia, complementation group O",snv_fora_do_painel,True,RAD51C,195,89,0,0,0,,
OMIM:613391,"Deafness, autosomal recessive 84",snv_fora_do_painel,True,PTPRQ,31,23,0,0,0,,
OMIM:613398,Warsaw breakage syndrome,snv_fora_do_painel,True,DDX11,42,27,0,0,0,,
OMIM:613399,Familial breast-ovarian cancer-1,snv_fora_do_painel,False,RAD51C,158,76,0,0,0,,
OMIM:613402,"Microcephaly, seizures, and developmental delay",snv_fora_do_painel,True,PNKP,24,13,0,0,0,,
OMIM:613404,"Arthrogryposis, renal dysfunction, and cholestasis 2",snv_fora_do_painel,True,VIPAS39,21,16,0,0,0,,
OMIM:613406,Witteveen-Kolk syndrome,snv_fora_do_painel,True,SIN3A,48,20,0,0,0,,
OMIM:613411,Oguchi disease-2,snv_fora_do_painel,True,GRK1,23,15,0,0,0,,
OMIM:613418,Bone mineral density QTL 15,sem_variante_patogenica,True,MIR2861,0,0,0,0,0,,
OMIM:613424,"Cardiomyopathy, dilated, 1R",snv_fora_do_painel,True,ACTC1,13,13,0,0,0,,
OMIM:613426,"Cardiomyopathy, dilated, 1S",snv_fora_do_painel,True,MYH7,67,56,0,0,0,,
OMIM:613428,Retinitis pigmentosa 54,snv_fora_do_painel,True,PCARE,38,17,0,0,0,,
OMIM:613435,Amyotrophic lateral sclerosis 12 with or without frontotemporal dementia,snv_fora_do_painel,True,OPTN,51,25,0,0,0,,
OMIM:613443,"Neurodevelopmental disorder with hypotonia, stereotypic hand movements, and impaired language",snv_fora_do_painel,True,MEF2C,84,56,0,0,0,,
OMIM:613451,Frontonasal dysplasia 2,snv_fora_do_painel,True,ALX4,4,2,0,0,0,,
OMIM:613453,"Deafness, autosomal recessive 91",snv_fora_do_painel,True,SERPINB6,3,3,0,0,0,,
OMIM:613454,"Rett syndrome, congenital variant",snv_fora_do_painel,True,FOXG1,205,113,0,0,0,,
OMIM:613456,Frontonasal dysplasia 3,snv_fora_do_painel,True,ALX1,2,2,0,0,0,,
OMIM:613464,Retinitis pigmentosa 51,snv_fora_do_painel,True,TTC8,22,13,0,0,0,,
OMIM:613470,"Hemolytic anemia, nonspherocytic, due to glucose phosphate isomerasedeficiency",snv_fora_do_painel,True,GPI,27,20,0,0,0,,
OMIM:613471,Reynolds syndrome,snv_fora_do_painel,True,LBR,2,2,0,0,0,,
OMIM:613477,"Epileptic encephalopathy, early infantile, 5",snv_fora_do_painel,True,SPTAN1,39,22,0,0,0,,
OMIM:613480,Lymphatic malformation 3,snv_fora_do_painel,True,GJC2,5,3,0,0,0,,
OMIM:613485,Long QT syndrome 13,sem_variante_patogenica,True,KCNJ5,0,0,0,0,0,,
OMIM:613489,"Congenital disorder of glycosylation, type IIj",snv_fora_do_painel,True,COG4,21,15,0,0,0,,
OMIM:613490,Alpha-1-Antitrypsin deficiency,alelo_patogenico_ensaiado,True,SERPINA1,61,38,2,1,0,2,17967
OMIM:613493,"Immunodeficiency, common variable, 3",snv_fora_do_painel,True,CD19,5,2,0,0,0,,
OMIM:613494,"Immunodeficiency, common variable, 4",snv_fora_do_painel,True,TNFRSF13C,2,1,0,0,0,,
OMIM:613495,"Immunodeficiency, common variable, 5",sem_variante_patogenica,True,MS4A1,0,0,0,0,0,,
OMIM:613496,"Immunodeficiency, common variable, 6",sem_snv,True,CD81,1,0,0,0,0,,
OMIM:613500,"Agammaglobulinemia 2, autosomal recessive",sem_variante_patogenica,True,IGLL1,0,0,0,0,0,,
OMIM:613501,"Agammaglobulinemia 3, autosomal recessive",snv_fora_do_painel,True,CD79A,7,5,0,0,0,,
OMIM:613502,"Agammaglobulinemia 4, autosomal recessive",snv_fora_do_painel,True,BLNK,14,10,0,0,0,,
OMIM:613506,"Agammaglobulinemia 5, autosomal dominant",sem_variante_patogenica,True,LRRC8A,0,0,0,0,0,,
OMIM:613507,Glycogen storage disease XV,snv_fora_do_painel,True,GYG1,35,19,0,0,0,,
OMIM:613517,"Microphthalmia, isolated 6",snv_fora_do_painel,True,PRSS56,23,15,0,0,0,,
OMIM:613546,Aromatase deficiency,snv_fora_do_painel,True,CYP19A1,45,33,0,0,0,,
OMIM:613550,Nephronophthisis 11,snv_fora_do_painel,True,TMEM67,15,10,0,0,0,,
OMIM:613554,"Von willebrand disease, type 2",snv_fora_do_painel,True,VWF,93,82,0,0,0,,
OMIM:613559,Combined oxidative phosphorylation deficiency 7,snv_fora_do_painel,True,MTRFR,13,3,0,0,0,,
OMIM:613561,"Myopathy, lactic acidosis, and sideroblastic anemia 2",snv_fora_do_painel,True,YARS2,10,8,0,0,0,,
OMIM:613563,Noonan syndrome-like disorder with or without juvenile myelomonocytic leukemia,snv_fora_do_painel,True,CBL,18,14,0,0,0,,
OMIM:613566,Hereditary persistence of fetal hemoglobin,snv_fora_do_painel,True,KLF1,4,3,0,0,0,,
OMIM:613571,Disordered steroidogenesis due to cytochrome P450 oxidoreductase,snv_fora_do_painel,True,POR,90,42,0,0,0,,
OMIM:613573,Ectodermal dysplasia-syndactyly syndrome 1,snv_fora_do_painel,True,NECTIN4,9,8,0,0,0,,
OMIM:613575,Retinitis pigmentosa 55,snv_fora_do_painel,True,ARL6,36,29,0,0,0,,
OMIM:613581,Retinitis pigmentosa 56,snv_fora_do_painel,True,IMPG2,23,13,0,0,0,,
OMIM:613582,Retinitis pigmentosa 57,snv_fora_do_painel,True,PDE6G,1,1,0,0,0,,
OMIM:613587,Occult macular dystrophy,snv_fora_do_painel,True,RP1L1,5,3,0,0,0,,
OMIM:613608,"Epilepsy, familial adult myoclonic, 3",sem_snv,True,MARCHF6,1,0,0,0,0,,
OMIM:613610,Cranioectodermal dysplasia 2,snv_fora_do_painel,True,WDR35,59,33,0,0,0,,
OMIM:613611,Choanal atresia and lymphedema,sem_snv,True,PTPN14,2,0,0,0,0,,
OMIM:613612,"Congenital disorder of glycosylation, type IIi",snv_fora_do_painel,True,COG5,61,39,0,0,0,,
OMIM:613615,Senior-Loken syndrome 7,snv_fora_do_painel,True,SDCCAG8,73,45,0,0,0,,
OMIM:613616,"Hyperoxaluria, primary, type III",snv_fora_do_painel,True,HOGA1,117,80,0,0,0,,
OMIM:613617,Retinitis pigmentosa 58,sem_variante_patogenica,True,ZNF513,0,0,0,0,0,,
OMIM:613625,Combined deficiency of factor V and factor VIII type 2,snv_fora_do_painel,True,MCFD2,9,6,0,0,0,,
OMIM:613630,Fetal encasement syndrome,snv_fora_do_painel,True,CHUK,1,1,0,0,0,,
OMIM:613640,"Neuropathy, hereditary sensory and autonomic, type IC",snv_fora_do_painel,True,SPTLC2,7,7,0,0,0,,
OMIM:613641,"Charcot-marie-tooth disease, recessive intermediate B",snv_fora_do_painel,True,KARS1,4,3,0,0,0,,
OMIM:613642,"Cardiomyopathy, dilated, 1GG",snv_fora_do_painel,True,SDHA,42,23,0,0,0,,
OMIM:613643,"Parkinson disease 5, susceptibility to",sem_snv,False,UCHL1,1,0,0,0,0,,
OMIM:613646,"Methylmalonic aciduria, transient, due to transcobalamin receptor defect",sem_variante_patogenica,True,CD320,0,0,0,0,0,,
OMIM:613647,"Spastic paraplegia 48, autosomal recessive",snv_fora_do_painel,True,AP5Z1,53,25,0,0,0,,
OMIM:613652,C1q deficiency,snv_fora_do_painel,True,C1QA,2,1,0,0,0,,
OMIM:613656,"Migraine, with or without aura, susceptibility to, 13",snv_fora_do_painel,False,KCNK18,1,1,0,0,0,,
OMIM:613657,D-2-hydroxyglutaric aciduria 2,snv_fora_do_painel,True,IDH2,3,3,0,0,0,,
OMIM:613658,Rajab interstitial lung disease with brain calcifications,snv_fora_do_painel,True,FARSB,5,3,0,0,0,,
OMIM:613659,"Gastric cancer, somatic",snv_fora_do_painel,True,APC;CASP10;ERBB2;FGFR2;IL1B;IL1RN;IRF1;KLF6;KRAS;MUTYH;PIK3CA,507,288,0,0,0,,
OMIM:613660,Cone-rod dystrophy 15,snv_fora_do_painel,True,CDHR1,18,9,0,0,0,,
OMIM:613661,"Congenital disorder of glycosylation, type Ip",snv_fora_do_painel,True,ALG11,15,13,0,0,0,,
OMIM:613662,Mitochondrial DNA depletion syndrome 4B (mngie type),alelo_patogenico_ensaiado,True,POLG,69,50,1,1,0,2,5849
OMIM:613668,"Microcephaly, postnatal progressive, with seizures and brain atrophy",snv_fora_do_painel,True,MED17,38,24,0,0,0,,
OMIM:613670,Intellectual developmental disorder with language impairment with or without autistic features,snv_fora_do_painel,True,FOXP1,104,53,0,0,0,,
OMIM:613671,"Impaired intellectual development, anterior maxillary protrusion, and strabismus",sem_variante_patogenica,True,SOBP,0,0,0,0,0,,
OMIM:613672,"Spastic ataxia 4, autosomal recessive",snv_fora_do_painel,True,MTPAP,2,1,0,0,0,,
OMIM:613673,"Anemia, dyserythropoietic congenital, type IV",snv_fora_do_painel,True,KLF1,4,4,0,0,0,,
OMIM:613674,Vesicoureteral reflux 3,snv_fora_do_painel,True,SOX17,1,1,0,0,0,,
OMIM:613676,Seckel syndrome 4,snv_fora_do_painel,True,CPAP,20,10,0,0,0,,
OMIM:613677,"Hyperaldosteronism, familial, type III",snv_fora_do_painel,True,KCNJ5,5,5,0,0,0,,
OMIM:613679,Congenital prothrombin deficiency,snv_fora_do_painel,True,F2,34,30,0,0,0,,
OMIM:613680,Beaulieu-Boycott-Innes syndrome,snv_fora_do_painel,True,THOC6,21,17,0,0,0,,
OMIM:613684,Rubinstein-Taybi syndrome 2,snv_fora_do_painel,True,EP300,142,64,0,0,0,,
OMIM:613686,"Spondylocostal dysostosis 4, autosomal recessive",snv_fora_do_painel,True,HES7,5,4,0,0,0,,
OMIM:613688,Long QT syndrome 2,snv_fora_do_painel,True,ALG10B;KCNH2,135,88,0,0,0,,
OMIM:613690,"Cardiomyopathy, familial hypertrophic, 7",snv_fora_do_painel,True,TNNI3,24,23,0,0,0,,
OMIM:613693,Long QT syndrome 6,sem_variante_patogenica,True,KCNE2,0,0,0,0,0,,
OMIM:613694,"Cardiomyopathy, dilated, 1U",snv_fora_do_painel,True,PSEN1,4,4,0,0,0,,
OMIM:613695,Long QT syndrome 5,sem_snv,True,KCNE1,2,0,0,0,0,,
OMIM:613697,"Cardiomyopathy, dilated, 1V",sem_variante_patogenica,True,PSEN2,0,0,0,0,0,,
OMIM:613702,"Klippel-Feil syndrome 3, autosomal dominant",sem_variante_patogenica,True,GDF3,0,0,0,0,0,,
OMIM:613703,"Microphthalmia, isolated, with coloboma 6",sem_variante_patogenica,True,GDF3;GDF6,0,0,0,0,0,,
OMIM:613704,"Microphthalmia, isolated 7",sem_variante_patogenica,True,GDF3,0,0,0,0,0,,
OMIM:613705,Orofacial cleft 10,sem_variante_patogenica,True,SUMO1,0,0,0,0,0,,
OMIM:613706,Noonan syndrome 7,snv_fora_do_painel,True,BRAF,22,22,0,0,0,,
OMIM:613707,Leopard syndrome 3,snv_fora_do_painel,True,BRAF,10,10,0,0,0,,
OMIM:613708,"Neuropathy, hereditary sensory, type ID",snv_fora_do_painel,True,ATL1,5,4,0,0,0,,
OMIM:613710,Thiamine metabolism dysfunction syndrome 4 (bilateral striatal degenerationand progressive polyneuropathy type),snv_fora_do_painel,True,SLC25A19,10,10,0,0,0,,
OMIM:613711,"Hirschsprung disease, susceptibility to, 3",sem_variante_patogenica,False,GDNF,0,0,0,0,0,,
OMIM:613712,"Hirschsprung disease, susceptibility to, 4",sem_variante_patogenica,False,EDN3,0,0,0,0,0,,
OMIM:613717,Treacher collins syndrome 2,snv_fora_do_painel,True,POLR1D,12,5,0,0,0,,
OMIM:613718,"Deafness, autosomal recessive 74",snv_fora_do_painel,True,MSRB3,8,7,0,0,0,,
OMIM:613720,"Epileptic encephalopathy, early infantile, 7",snv_fora_do_painel,True,KCNQ2,203,173,0,0,0,,
OMIM:613721,"Epileptic encephalopathy, early infantile, 11",snv_fora_do_painel,True,SCN2A,391,312,0,0,0,,
OMIM:613722,Developmental and epileptic encephalopathy 12,snv_fora_do_painel,True,PLCB1,114,51,0,0,0,,
OMIM:613723,"Muscular dystrophy, limb-girdle, type 2Q",snv_fora_do_painel,True,PLEC,87,59,0,0,0,,
OMIM:613724,Leukoencephalopathy with dystonia and motor neuropathy,snv_fora_do_painel,True,SCP2,6,3,0,0,0,,
OMIM:613728,"Spinocerebellar ataxia, autosomal recessive 10",snv_fora_do_painel,True,ANO10,33,21,0,0,0,,
OMIM:613730,"Hemorrhagic destruction of the brain, subependymal calcification,and cataracts",snv_fora_do_painel,True,JAM3,12,9,0,0,0,,
OMIM:613731,Retinitis pigmentosa 4,snv_fora_do_painel,True,RHO,89,81,0,0,0,,
OMIM:613735,Brain malformations with or without urinary tract defects,snv_fora_do_painel,True,NFIA,25,10,0,0,0,,
OMIM:613736,"Acne inversa, familial, 2, with or without dowling-degos disease",snv_fora_do_painel,True,PSENEN,7,4,0,0,0,,
OMIM:613737,"Acne inversa, familial, 3",snv_fora_do_painel,True,PSEN1,69,68,0,0,0,,
OMIM:613743,"Adrenal insufficiency, congenital, with 46XY sex reversal, partial or complete",snv_fora_do_painel,True,CYP11A1,31,18,0,0,0,,
OMIM:613744,"Spastic paraplegia 51, autosomal recessive",snv_fora_do_painel,True,AP4E1,9,4,0,0,0,,
OMIM:613750,Retinitis pigmentosa 27,snv_fora_do_painel,True,NRL,10,6,0,0,0,,
OMIM:613751,"Heterotaxy, visceral, 4, autosomal",snv_fora_do_painel,True,ACVR2B,2,1,0,0,0,,
OMIM:613752,Hypermethioninemia with deficiency of S-adenosylhomocysteine hydrolase,snv_fora_do_painel,True,AHCY,17,11,0,0,0,,
OMIM:613756,Retinitis pigmentosa 49,snv_fora_do_painel,True,CNGA1,36,19,0,0,0,,
OMIM:613757,"Macular degeneration, age-related, 6",sem_variante_patogenica,True,RAX2,0,0,0,0,0,,
OMIM:613758,Retinitis pigmentosa 47,snv_fora_do_painel,True,SAG,7,5,0,0,0,,
OMIM:613759,"Infections, recurrent, with encephalopathy, hepatic dysfunction, and cardiovascular malformations",snv_fora_do_painel,True,FADD,2,1,0,0,0,,
OMIM:613762,"46,xy sex reversal 6",snv_fora_do_painel,True,MAP3K1,9,9,0,0,0,,
OMIM:613763,"Cataract 16, multiple types",snv_fora_do_painel,True,CRYAB,5,3,0,0,0,,
OMIM:613765,"Cardiomyopathy, familial hypertrophic, 9",snv_fora_do_painel,True,TTN,38,26,0,0,0,,
OMIM:613767,Retinitis pigmentosa 45,snv_fora_do_painel,True,CNGB1,85,53,0,0,0,,
OMIM:613769,Retinitis pigmentosa 44,sem_variante_patogenica,True,RGR,0,0,0,0,0,,
OMIM:613779,"Complement component 3 deficiency, autosomal recessive",snv_fora_do_painel,True,C3,38,22,0,0,0,,
OMIM:613780,"Aortic aneurysm, familial thoracic 7",snv_fora_do_painel,True,MYLK,60,31,0,0,0,,
OMIM:613783,Complement component c1s deficiency,snv_fora_do_painel,True,C1S,7,1,0,0,0,,
OMIM:613789,"Complement component 8 deficiency, type II",snv_fora_do_painel,True,C8B,10,6,0,0,0,,
OMIM:613790,"Complement component 8 deficiency, type I",snv_fora_do_painel,True,C8A,5,5,0,0,0,,
OMIM:613791,Masp2 deficiency,snv_fora_do_painel,True,MASP2,2,2,0,0,0,,
OMIM:613793,"Blood group, cromer system",snv_fora_do_painel,True,CD55,2,2,0,0,0,,
OMIM:613794,Retinitis pigmentosa 20,snv_fora_do_painel,True,RPE65,213,157,0,0,0,,
OMIM:613795,Loeys-Dietz syndrome 3,snv_fora_do_painel,True,SMAD3,49,29,0,0,0,,
OMIM:613796,"Mycobacterial and viral infections, susceptibility to, autosomal recessive",snv_fora_do_painel,True,STAT1,53,40,0,0,0,,
OMIM:613800,Meier-Gorlin syndrome 2,snv_fora_do_painel,True,ORC4,7,4,0,0,0,,
OMIM:613801,Retinitis pigmentosa 40,snv_fora_do_painel,True,PDE6B,62,45,0,0,0,,
OMIM:613803,Meier-Gorlin syndrome 3,snv_fora_do_painel,True,ORC6,7,4,0,0,0,,
OMIM:613804,Meier-Gorlin syndrome 4,snv_fora_do_painel,True,CDT1,11,8,0,0,0,,
OMIM:613805,Meier-Gorlin syndrome 5,sem_variante_patogenica,True,CDC6,0,0,0,0,0,,
OMIM:613807,"Ciliary dyskinesia, primary, 14",snv_fora_do_painel,True,CCDC39,58,24,0,0,0,,
OMIM:613808,"Ciliary dyskinesia, primary, 15",snv_fora_do_painel,True,CCDC40,34,16,0,0,0,,
OMIM:613809,Retinitis pigmentosa 39,snv_fora_do_painel,True,USH2A,680,454,0,0,0,,
OMIM:613810,Retinitis pigmentosa 43,snv_fora_do_painel,True,PDE6A,44,36,0,0,0,,
OMIM:613811,"Pontocerebellar hypoplasia, type 2D",snv_fora_do_painel,True,SEPSECS,63,32,0,0,0,,
OMIM:613812,"Bile acid synthesis defect, congenital, 3",snv_fora_do_painel,True,CYP7B1,17,15,0,0,0,,
OMIM:613818,"Muscular dystrophy-dystroglycanopathy (limb-girdle), type C, 9",snv_fora_do_painel,True,DAG1,9,4,0,0,0,,
OMIM:613819,Short-Rib thoracic dysplasia 4 with or without polydactyly,snv_fora_do_painel,True,TTC21B,41,24,0,0,0,,
OMIM:613820,Nephronophthisis 12,snv_fora_do_painel,True,TTC21B,46,26,0,0,0,,
OMIM:613823,Seckel syndrome 5,snv_fora_do_painel,True,CEP152,24,14,0,0,0,,
OMIM:613824,Nephronophthisis 9,snv_fora_do_painel,True,NEK8,24,15,0,0,0,,
OMIM:613825,Complement component 9 deficiency,snv_fora_do_painel,True,C9,13,8,0,0,0,,
OMIM:613826,Leber congenital amaurosis 6,snv_fora_do_painel,True,RPGRIP1,150,74,0,0,0,,
OMIM:613827,Retinitis pigmentosa 48,sem_variante_patogenica,True,GUCA1B,0,0,0,0,0,,
OMIM:613829,Leber congenital amaurosis 7,snv_fora_do_painel,True,CRX,104,34,0,0,0,,
OMIM:613830,"Night blindness, congenital stationary, type 1D",snv_fora_do_painel,True,SLC24A1,12,5,0,0,0,,
OMIM:613834,Multisystemic smooth muscle dysfunction syndrome,snv_fora_do_painel,True,ACTA2,8,8,0,0,0,,
OMIM:613835,Leber congenital amaurosis 8,snv_fora_do_painel,True,CRB1,411,262,0,0,0,,
OMIM:613837,Leber congenital amaurosis 11,snv_fora_do_painel,True,IMPDH1,2,2,0,0,0,,
OMIM:613838,"Cardiomyopathy, familial hypertrophic, 16",snv_fora_do_painel,True,MYOZ2,1,1,0,0,0,,
OMIM:613839,Megaloblastic anemia due to dihydrofolate reductase deficiency,snv_fora_do_painel,True,DHFR,4,4,0,0,0,,
OMIM:613843,Leber congenital amaurosis 15,snv_fora_do_painel,True,TULP1,40,28,0,0,0,,
OMIM:613845,"Hyperuricemia, pulmonary hypertension, renal failure, and alkalosis syndrome",snv_fora_do_painel,True,SARS2,2,2,0,0,0,,
OMIM:613848,"Osteogenesis imperfecta, type X",snv_fora_do_painel,True,SERPINH1,4,2,0,0,0,,
OMIM:613849,"Osteogenesis imperfecta, type XII",snv_fora_do_painel,True,SP7,9,2,0,0,0,,
OMIM:613850,Inosine triphosphatase deficiency,snv_fora_do_painel,True,ITPA,25,15,0,0,0,,
OMIM:613854,"Congenital heart defects, multiple types, 6",snv_fora_do_painel,True,GDF1,8,4,0,0,0,,
OMIM:613855,"Episodic ataxia, type 5",sem_variante_patogenica,True,CACNB4,0,0,0,0,0,,
OMIM:613856,Achromatopsia 4,snv_fora_do_painel,True,GNAT2,18,11,0,0,0,,
OMIM:613860,Immunodeficiency due to ficolin 3 deficiency,sem_snv,True,FCN3,4,0,0,0,0,,
OMIM:613861,Retinitis pigmentosa 59,snv_fora_do_painel,True,DHDDS,31,21,0,0,0,,
OMIM:613862,Retinitis pigmentosa 38,snv_fora_do_painel,True,MERTK,41,29,0,0,0,,
OMIM:613865,"Deafness, autosomal recessive 61",snv_fora_do_painel,True,SLC26A5,3,2,0,0,0,,
OMIM:613869,"Myopathy, myofibrillar, fatal infantile hypertonic, alpha-B crystallin-related",sem_variante_patogenica,True,CRYAB,0,0,0,0,0,,
OMIM:613870,"Hirschsprung disease, cardiac defects, and autonomic dysfunction",snv_fora_do_painel,True,ECE1,2,2,0,0,0,,
OMIM:613873,"Cardiomyopathy, familial hypertrophic, 17",snv_fora_do_painel,True,JPH2,3,3,0,0,0,,
OMIM:613874,"Cardiomyopathy, familial hypertrophic, 18",snv_fora_do_painel,True,PLN,3,1,0,0,0,,
OMIM:613876,"Cardiomyopathy, familial hypertrophic, 20",snv_fora_do_painel,True,NEXN,23,8,0,0,0,,
OMIM:613877,"Lipodystrophy, familial partial, type 4",snv_fora_do_painel,True,PLIN1,6,2,0,0,0,,
OMIM:613881,"Cardiomyopathy, dilated, 1HH",snv_fora_do_painel,True,BAG3,123,56,0,0,0,,
OMIM:613882,"Hypomagnesemia 6, renal",snv_fora_do_painel,True,CNNM2,11,9,0,0,0,,
OMIM:613885,"Meckel syndrome, type 8",snv_fora_do_painel,True,TCTN2,29,15,0,0,0,,
OMIM:613886,"Obesity, hyperphagia, and developmental delay",snv_fora_do_painel,True,NTRK2,5,5,0,0,0,,
OMIM:613887,"Cataract, autosomal recessive congenital 4",snv_fora_do_painel,True,TDRD7,10,3,0,0,0,,
OMIM:613908,Spinocerebellar ataxia 35,snv_fora_do_painel,True,TGM6,11,7,0,0,0,,
OMIM:613912,Complement factor D deficiency,snv_fora_do_painel,True,CFD,6,5,0,0,0,,
OMIM:613916,"Deafness, autosomal recessive 89",snv_fora_do_painel,True,KARS1,6,6,0,0,0,,
OMIM:613925,Megalencephalic leukoencephalopathy with subcortical cysts 2A,snv_fora_do_painel,True,HEPACAM,9,9,0,0,0,,
OMIM:613926,"Megalencephalic leukoencephalopathy with subcortical cysts 2B, remitting, with or without impaired intellectual development",snv_fora_do_painel,True,HEPACAM,5,5,0,0,0,,
OMIM:613933,Acetyl-CoA carboxylase deficiency,snv_fora_do_painel,True,ACACA,2,2,0,0,0,,
OMIM:613943,"Ichthyosis, congenital, autosomal recessive 8",sem_variante_patogenica,True,LIPN,0,0,0,0,0,,
OMIM:613949,Okt4 epitope deficiency,sem_variante_patogenica,True,CD4,0,0,0,0,0,,
OMIM:613950,Schizophrenia 15,snv_fora_do_painel,False,SHANK3,11,3,0,0,0,,
OMIM:613951,"Fanconi anemia, complementation group P",snv_fora_do_painel,True,SLX4,47,23,0,0,0,,
OMIM:613953,Immunodeficiency 51,snv_fora_do_painel,True,IL17RA,27,11,0,0,0,,
OMIM:613954,Frontotemporal dementia and/or amyotrophic lateral sclerosis 6,snv_fora_do_painel,True,VCP,28,28,0,0,0,,
OMIM:613955,"Amyloidosis, primary localized cutaneous, 2",snv_fora_do_painel,True,IL31RA,1,1,0,0,0,,
OMIM:613956,"Candidiasis, familial, 6, autosomal dominant",sem_variante_patogenica,True,IL17F,0,0,0,0,0,,
OMIM:613957,Spermatogenic failure 8,snv_fora_do_painel,True,NR5A1,4,3,0,0,0,,
OMIM:613958,Spermatogenic failure 9,snv_fora_do_painel,True,DPY19L2,6,5,0,0,0,,
OMIM:613960,"Chronic granulomatous disease 3, autosomal recessive",snv_fora_do_painel,True,NCF4,24,13,0,0,0,,
OMIM:613970,"Intellectual developmental disorder, autosomal dominant 6, with or without seizures",posicao_alelo_diferente,True,GRIN2B,164,140,1,0,0,,
OMIM:613977,"Cyanosis, transient neonatal",snv_fora_do_painel,True,HBG2,5,5,0,0,0,,
OMIM:613978,Hemoglobin H disease,snv_fora_do_painel,True,HBA1;HBA2,45,30,0,0,0,,
OMIM:613980,"Atrial fibrillation, familial, 9",snv_fora_do_painel,True,KCNJ2,5,5,0,0,0,,
OMIM:613981,Hypotrichosis 3,snv_fora_do_painel,True,KRT74,1,1,0,0,0,,
OMIM:613982,"Osteogenesis imperfecta, type VI",snv_fora_do_painel,True,SERPINF1,35,18,0,0,0,,
OMIM:613983,Retinitis pigmentosa 60,sem_variante_patogenica,True,PRPF6,0,0,0,0,0,,
OMIM:613985,BETA-THALASSEMIA,alelo_patogenico_ensaiado,True,-;HBB,79,55,4,2,0,2,15161;15333
OMIM:613986,"Pituitary hormone deficiency, combined, 6",sem_snv,True,OTX2,1,0,0,0,0,,
OMIM:613987,"Dyskeratosis congenita, autosomal recessive, 2",snv_fora_do_painel,True,NHP2,2,2,0,0,0,,
OMIM:613988,"Dyskeratosis congenita, autosomal recessive, 3",snv_fora_do_painel,True,WRAP53,2,2,0,0,0,,
OMIM:613989,"Dyskeratosis congenita, autosomal dominant 2",snv_fora_do_painel,True,TERT,121,71,0,0,0,,
OMIM:613990,"Dyskeratosis congenita, autosomal dominant 3",snv_fora_do_painel,True,TINF2,10,8,0,0,0,,
OMIM:614008,Nestor-Guillermo progeria syndrome,sem_variante_patogenica,True,BANF1,0,0,0,0,0,,
OMIM:614009,"Bleeding disorder, platelet-type, 13, susceptibility to",snv_fora_do_painel,False,TBXA2R,1,1,0,0,0,,
OMIM:614017,"Ciliary dyskinesia, primary, 16",snv_fora_do_painel,True,DNAL1,9,6,0,0,0,,
OMIM:614018,"Epilepsy, progressive myoclonic, 6",snv_fora_do_painel,True,GOSR2,4,3,0,0,0,,
OMIM:614019,Lissencephaly 4,snv_fora_do_painel,True,NDE1,6,4,0,0,0,,
OMIM:614020,"Intellectual developmental disorder, autosomal recessive 14",sem_variante_patogenica,True,TECR,0,0,0,0,0,,
OMIM:614021,"Ventricular tachycardia, catecholaminergic polymorphic, 3",snv_fora_do_painel,True,TECRL,7,5,0,0,0,,
OMIM:614022,"Atrial fibrillation, familial, 10",snv_fora_do_painel,True,SCN5A,4,4,0,0,0,,
OMIM:614023,Phosphoserine phosphatase deficiency,snv_fora_do_painel,True,PSPH,4,3,0,0,0,,
OMIM:614025,Hepatic lipase deficiency,snv_fora_do_painel,True,LIPC,2,1,0,0,0,,
OMIM:614028,Hyperalphalipoproteinemia 2,snv_fora_do_painel,True,APOC3,1,1,0,0,0,,
OMIM:614033,Glyoxalase II deficiency,sem_variante_patogenica,True,HAGH,0,0,0,0,0,,
OMIM:614034,Heme oxygenase-1 deficiency,snv_fora_do_painel,True,HMOX1,7,5,0,0,0,,
OMIM:614035,"Deafness, autosomal recessive 29",snv_fora_do_painel,True,CLDN14,13,9,0,0,0,,
OMIM:614037,Leukotriene C4 synthase deficiency,sem_variante_patogenica,True,LTC4S,0,0,0,0,0,,
OMIM:614038,"Lymphedema, primary, with myelodysplasia",snv_fora_do_painel,True,GATA2,128,58,0,0,0,,
OMIM:614039,"Cortical dysplasia, complex, with other brain malformations 1",snv_fora_do_painel,True,TUBB3,24,24,0,0,0,,
OMIM:614042,Moyamoya disease 5,snv_fora_do_painel,True,ACTA2,7,7,0,0,0,,
OMIM:614049,"Atrial fibrillation, familial, 11",snv_fora_do_painel,True,GJA5,6,5,0,0,0,,
OMIM:614050,"Atrial fibrillation, familial, 12",sem_variante_patogenica,True,ABCC9,0,0,0,0,0,,
OMIM:614052,"Mitochondrial complex V (ATP synthase) deficiency, nuclear type 2",snv_fora_do_painel,True,TMEM70,35,12,0,0,0,,
OMIM:614053,"Mitochondrial complex V (atp synthase) deficiency, nuclear type 3",snv_fora_do_painel,True,ATP5F1E,1,1,0,0,0,,
OMIM:614055,Acetyl-Coa acetyltransferase-2 deficiency,sem_variante_patogenica,True,ACAT2,0,0,0,0,0,,
OMIM:614063,N-acetylaspartate deficiency,sem_variante_patogenica,True,ASPNAT,0,0,0,0,0,,
OMIM:614065,"Myopathy, distal, 4",snv_fora_do_painel,True,FLNC,453,193,0,0,0,,
OMIM:614066,"Spastic paraplegia 47, autosomal recessive",snv_fora_do_painel,True,AP4B1,47,21,0,0,0,,
OMIM:614067,"Spastic paraplegia 52, autosomal recessive",snv_fora_do_painel,True,AP4S1,11,9,0,0,0,,
OMIM:614069,Immunodeficiency-Centromeric instability-facial anomalies syndrome2,snv_fora_do_painel,True,ZBTB24,52,20,0,0,0,,
OMIM:614072,Hermansky-Pudlak syndrome 3,snv_fora_do_painel,True,HPS3,96,50,0,0,0,,
OMIM:614073,Hermansky-Pudlak syndrome 4,snv_fora_do_painel,True,HPS4,34,19,0,0,0,,
OMIM:614074,Hermansky-Pudlak syndrome 5,snv_fora_do_painel,True,HPS5,36,19,0,0,0,,
OMIM:614075,Hermansky-Pudlak syndrome 6,snv_fora_do_painel,True,HPS6,48,21,0,0,0,,
OMIM:614076,Hermansky-Pudlak syndrome 7,snv_fora_do_painel,True,DTNBP1,5,3,0,0,0,,
OMIM:614077,Hermansky-Pudlak syndrome 8,snv_fora_do_painel,True,BLOC1S3,5,1,0,0,0,,
OMIM:614078,"Chondrodysplasia with joint dislocations, Gpapp type",snv_fora_do_painel,True,BPNT2,7,4,0,0,0,,
OMIM:614080,Multiple congenital anomalies-hypotonia-seizures syndrome 1,snv_fora_do_painel,True,PIGN,172,110,0,0,0,,
OMIM:614082,"Fanconi anemia, complementation group G",snv_fora_do_painel,True,FANCG,123,60,0,0,0,,
OMIM:614083,"Fanconi anemia, complementation group L",snv_fora_do_painel,True,FANCL,45,20,0,0,0,,
OMIM:614089,Atrial septal defect 3,snv_fora_do_painel,True,MYH6,2,2,0,0,0,,
OMIM:614090,Sick sinus syndrome 3,sem_variante_patogenica,False,MYH6,0,0,0,0,0,,
OMIM:614091,Short-Rib thoracic dysplasia 7 with or without polydactyly,snv_fora_do_painel,True,WDR35,56,29,0,0,0,,
OMIM:614096,Combined oxidative phosphorylation deficiency 8,snv_fora_do_painel,True,AARS2,20,17,0,0,0,,
OMIM:614097,Acatalasemia,snv_fora_do_painel,True,CAT,2,1,0,0,0,,
OMIM:614098,Keppen-Lubinsky syndrome,snv_fora_do_painel,True,KCNJ6,4,3,0,0,0,,
OMIM:614099,Cranioectodermal dysplasia 3,snv_fora_do_painel,True,IFT43,14,10,0,0,0,,
OMIM:614102,Immunoglobulin kappa light chain deficiency,snv_fora_do_painel,True,IGKC,2,2,0,0,0,,
OMIM:614104,"Intellectual developmental disorder, autosomal dominant 7",snv_fora_do_painel,True,DYRK1A,160,78,0,0,0,,
OMIM:614105,Methylmalonate semialdehyde dehydrogenase deficiency,snv_fora_do_painel,True,ALDH6A1,7,7,0,0,0,,
OMIM:614111,Pyruvate dehydrogenase E1-beta deficiency,snv_fora_do_painel,True,PDHB,32,18,0,0,0,,
OMIM:614114,Mosaic variegated aneuploidy syndrome 2,snv_fora_do_painel,True,CEP57,17,11,0,0,0,,
OMIM:614115,"Cortical malformations, occipital",snv_fora_do_painel,True,LAMC3,20,8,0,0,0,,
OMIM:614116,"Neuropathy, hereditary sensory, type IE",snv_fora_do_painel,True,DNMT1,8,7,0,0,0,,
OMIM:614120,Hydrolethalus syndrome 2,snv_fora_do_painel,True,KIF7,26,14,0,0,0,,
OMIM:614128,Lactate dehydrogenase B deficiency,sem_variante_patogenica,True,LDHB,0,0,0,0,0,,
OMIM:614129,Perrault syndrome 3,snv_fora_do_painel,True,CLPP,15,12,0,0,0,,
OMIM:614131,Focal segmental glomerulosclerosis 6,snv_fora_do_painel,True,MYO1E,15,11,0,0,0,,
OMIM:614134,"Stickler syndrome, type IV",snv_fora_do_painel,True,COL9A1,6,6,0,0,0,,
OMIM:614135,"Epiphyseal dysplasia, multiple, 6",snv_fora_do_painel,True,COL9A1,2,1,0,0,0,,
OMIM:614152,"Deafness, autosomal dominant 64",snv_fora_do_painel,True,DIABLO,5,2,0,0,0,,
OMIM:614153,Spinocerebellar ataxia 36,sem_variante_patogenica,True,NOP56,0,0,0,0,0,,
OMIM:614156,Hyperbiliverdinemia,snv_fora_do_painel,True,BLVRA,3,3,0,0,0,,
OMIM:614160,Muscle hypertrophy,snv_fora_do_painel,True,MSTN,1,1,0,0,0,,
OMIM:614162,Immunodeficiency 31C,snv_fora_do_painel,True,STAT1,69,57,0,0,0,,
OMIM:614163,"Delayed sleep phase disorder, susceptibility to",sem_variante_patogenica,False,CRY1,0,0,0,0,0,,
OMIM:614164,Glutathione peroxidase deficiency,sem_variante_patogenica,True,GPX1,0,0,0,0,0,,
OMIM:614165,Paragangliomas 5,snv_fora_do_painel,True,SDHA,232,119,0,0,0,,
OMIM:614167,"Myopia 21, autosomal dominant",snv_fora_do_painel,True,ZNF644,3,3,0,0,0,,
OMIM:614170,Brittle cornea syndrome 2,snv_fora_do_painel,True,PRDM5,26,18,0,0,0,,
OMIM:614171,Hermansky-Pudlak syndrome 9,snv_fora_do_painel,True,BLOC1S6,27,12,0,0,0,,
OMIM:614172,Immunodeficiency 21,snv_fora_do_painel,True,GATA2,76,34,0,0,0,,
OMIM:614173,Joubert syndrome 13,snv_fora_do_painel,True,TCTN1,24,15,0,0,0,,
OMIM:614175,"Meckel syndrome, type 10",snv_fora_do_painel,True,B9D2,3,3,0,0,0,,
OMIM:614180,Retinitis pigmentosa 61,snv_fora_do_painel,True,CLRN1,37,24,0,0,0,,
OMIM:614181,Retinitis pigmentosa 62,snv_fora_do_painel,True,MAK,27,12,0,0,0,,
OMIM:614185,Geleophysic dysplasia 2,snv_fora_do_painel,True,FBN1,9,9,0,0,0,,
OMIM:614186,Leber congenital amaurosis 16,snv_fora_do_painel,True,KCNJ13,9,8,0,0,0,,
OMIM:614188,Craniosynostosis and dental anomalies,snv_fora_do_painel,True,IL11RA,12,7,0,0,0,,
OMIM:614190,"Pigmented nodular adrenocortical disease, primary, 3",snv_fora_do_painel,True,PDE8B,1,1,0,0,0,,
OMIM:614195,Craniofacial anomalies and anterior segment dysgenesis syndrome,sem_variante_patogenica,True,VSX1,0,0,0,0,0,,
OMIM:614196,"Nephrotic syndrome, type 6",snv_fora_do_painel,True,PTPRO,5,3,0,0,0,,
OMIM:614198,"Myasthenic syndrome, congenital, 16",snv_fora_do_painel,True,SCN4A,9,8,0,0,0,,
OMIM:614199,"Nephrotic syndrome, type 5, with or without ocular abnormalities",snv_fora_do_painel,True,LAMB2,78,44,0,0,0,,
OMIM:614201,"Bleeding disorder, platelet-type, 11",sem_snv,True,GP6,5,0,0,0,0,,
OMIM:614202,Rafiq syndrome,snv_fora_do_painel,True,MAN1B1,39,15,0,0,0,,
OMIM:614203,Parkinson disease 17,snv_fora_do_painel,False,VPS35,2,2,0,0,0,,
OMIM:614204,"Psoriasis 14, pustular",snv_fora_do_painel,True,IL36RN,5,4,0,0,0,,
OMIM:614205,3-M syndrome 3,sem_snv,True,CCDC8,10,0,0,0,0,,
OMIM:614207,Hyperphosphatasia with impaired intellectual development syndrome 3,snv_fora_do_painel,True,PGAP2,13,11,0,0,0,,
OMIM:614209,"Meckel syndrome, type 9",snv_fora_do_painel,True,B9D1,2,2,0,0,0,,
OMIM:614212,"Encephalopathy, acute, infection-induced, susceptibility to, 4",snv_fora_do_painel,False,CPT2,67,28,0,0,0,,
OMIM:614213,"Neuropathy, hereditary sensory, type IIC",snv_fora_do_painel,True,KIF1A,102,84,0,0,0,,
OMIM:614219,Adams-Oliver syndrome 2,snv_fora_do_painel,True,DOCK6,42,23,0,0,0,,
OMIM:614222,Warburg micro syndrome 3,snv_fora_do_painel,True,RAB18,7,5,0,0,0,,
OMIM:614224,Retinal arterial macroaneurysm with supravalvular pulmonic stenosis,snv_fora_do_painel,True,IGFBP7,2,2,0,0,0,,
OMIM:614225,Warburg micro syndrome 2,snv_fora_do_painel,True,RAB3GAP2,20,13,0,0,0,,
OMIM:614226,Holoprosencephaly 11,snv_fora_do_painel,True,CDON,3,3,0,0,0,,
OMIM:614228,"Charcot-marie-tooth disease, axonal, type 2O",snv_fora_do_painel,True,DYNC1H1,57,52,0,0,0,,
OMIM:614229,"Spinocerebellar ataxia, autosomal recessive 11",snv_fora_do_painel,True,SYT14,1,1,0,0,0,,
OMIM:614231,"Microcephaly, epilepsy, and diabetes syndrome",snv_fora_do_painel,True,IER3IP1,1,1,0,0,0,,
OMIM:614249,"Intellectual developmental disorder, autosomal recessive 18, with or without epilepsy",snv_fora_do_painel,True,MED23,12,11,0,0,0,,
OMIM:614250,Narcolepsy 7,snv_fora_do_painel,True,MOG,1,1,0,0,0,,
OMIM:614251,Parkinson disease 18,sem_variante_patogenica,False,EIF4G1,0,0,0,0,0,,
OMIM:614254,"Neurodevelopmental disorder with or without hyperkinetic movements and seizures, autosomal dominant",snv_fora_do_painel,True,GRIN1,102,85,0,0,0,,
OMIM:614255,NESCAV syndrome,snv_fora_do_painel,True,KIF1A,131,109,0,0,0,,
OMIM:614256,"Intellectual developmental disorder, autosomal dominant 10",sem_variante_patogenica,True,CACNG2,0,0,0,0,0,,
OMIM:614257,Chromosome 20q11-q12 deletion syndrome,sem_variante_patogenica,True,EPB41L1,0,0,0,0,0,,
OMIM:614261,Microcephaly-Capillary malformation syndrome,snv_fora_do_painel,True,STAMBP,16,13,0,0,0,,
OMIM:614262,"Arthrogryposis, perthes disease, and upward gaze palsy",snv_fora_do_painel,True,NEK9,2,2,0,0,0,,
OMIM:614265,Combined malonic and methylmalonic aciduria,snv_fora_do_painel,True,ACSF3,158,88,0,0,0,,
OMIM:614266,Barrett esophagus,snv_fora_do_painel,True,ASCC1;CTHRC1;MSR1,1,1,0,0,0,,
OMIM:614278,Platelet-Activating factor acetylhydrolase deficiency,snv_fora_do_painel,True,PLA2G7,2,2,0,0,0,,
OMIM:614279,"46,xy sex reversal 8",snv_fora_do_painel,True,AKR1C2;AKR1C4,5,5,0,0,0,,
OMIM:614284,"Stickler syndrome, type V",snv_fora_do_painel,True,COL9A2,4,1,0,0,0,,
OMIM:614286,Myelodysplastic syndrome,snv_fora_do_painel,True,ASXL1;GATA2;GNB1;SF3B1;TET2,24,13,0,0,0,,
OMIM:614292,"Myopia, high, with cataract and vitreoretinal degeneration",snv_fora_do_painel,True,P3H2,12,7,0,0,0,,
OMIM:614293,"Hydatidiform mole, recurrent, 2",snv_fora_do_painel,True,KHDC3L,6,2,0,0,0,,
OMIM:614296,"Wolfram-like syndrome, autosomal dominant",snv_fora_do_painel,True,WFS1,59,31,0,0,0,,
OMIM:614298,Neurodegeneration with brain iron accumulation 4,snv_fora_do_painel,True,C19orf12,23,13,0,0,0,,
OMIM:614299,Multiple mitochondrial dysfunctions syndrome 2 with hyperglycinemia,snv_fora_do_painel,True,BOLA3,8,5,0,0,0,,
OMIM:614300,Hypermethioninemia due to adenosine kinase deficiency,snv_fora_do_painel,True,ADK,11,6,0,0,0,,
OMIM:614302,"Emery-Dreifuss muscular dystrophy 7, autosomal dominant",sem_snv,True,TMEM43,1,0,0,0,0,,
OMIM:614303,Edict syndrome,snv_fora_do_painel,True,MIR184,1,1,0,0,0,,
OMIM:614305,Sclerosteosis 2,snv_fora_do_painel,True,LRP4,28,21,0,0,0,,
OMIM:614306,Cognitive impairment with or without cerebellar ataxia,snv_fora_do_painel,True,SCN8A,36,28,0,0,0,,
OMIM:614307,Alpha-methylacyl-CoA racemase deficiency,snv_fora_do_painel,True,AMACR,1,1,0,0,0,,
OMIM:614321,"Myopathy, distal, Tateyama type",posicao_alelo_diferente,True,CAV3,4,4,1,0,0,,
OMIM:614322,"Spinocerebellar ataxia, autosomal recessive 12",snv_fora_do_painel,True,WWOX,54,37,0,0,0,,
OMIM:614324,Ovarian dysgenesis 3,snv_fora_do_painel,True,PSMC3IP,4,1,0,0,0,,
OMIM:614325,Pitt-Hopkins-Like syndrome 2,snv_fora_do_painel,True,NRXN1,54,32,0,0,0,,
OMIM:614327,Tumor predisposition syndrome,snv_fora_do_painel,True,BAP1,275,114,0,0,0,,
OMIM:614328,"Inflammatory skin and bowel disease, neonatal, 1",snv_fora_do_painel,True,ADAM17,24,10,0,0,0,,
OMIM:614331,"Colorectal cancer, hereditary nonpolyposis, type 6",snv_fora_do_painel,True,TGFBR2,3,3,0,0,0,,
OMIM:614335,"Arthrogryposis, distal, type 1B",snv_fora_do_painel,True,MYBPC1,4,4,0,0,0,,
OMIM:614337,"Colorectal cancer, hereditary nonpolyposis, type 4",snv_fora_do_painel,True,PMS2,407,206,0,0,0,,
OMIM:614338,Pancreatic lipase deficiency,snv_fora_do_painel,True,PNLIP,2,2,0,0,0,,
OMIM:614340,"Intellectual developmental disorder, autosomal recessive 27",snv_fora_do_painel,True,LINS1,22,10,0,0,0,,
OMIM:614350,"Colorectal cancer, hereditary nonpolyposis, type 5",snv_fora_do_painel,True,MSH6,905,284,0,0,0,,
OMIM:614369,"Peripheral neuropathy, myopathy, hoarseness, and hearing loss",snv_fora_do_painel,True,MYH14,1,1,0,0,0,,
OMIM:614370,"Surfactant metabolism dysfunction, pulmonary, 5",sem_snv,True,CSF2RB,1,0,0,0,0,,
OMIM:614372,Mannose-Binding lectin deficiency,sem_variante_patogenica,False,MBL2,0,0,0,0,0,,
OMIM:614373,"Amyotrophic lateral sclerosis 16, juvenile",snv_fora_do_painel,True,SIGMAR1,24,13,0,0,0,,
OMIM:614376,Short-Rib thoracic dysplasia 5 with or without polydactyly,snv_fora_do_painel,True,WDR19,114,74,0,0,0,,
OMIM:614377,Nephronophthisis 13,snv_fora_do_painel,True,WDR19,58,42,0,0,0,,
OMIM:614378,Cranioectodermal dysplasia 4,snv_fora_do_painel,True,WDR19,49,33,0,0,0,,
OMIM:614380,Complement component 4A deficiency,sem_variante_patogenica,True,C4A,0,0,0,0,0,,
OMIM:614381,"Leukodystrophy, hypomyelinating, 8, with or without oligodontia and/or hypogonadotropic hypogonadism",snv_fora_do_painel,True,POLR3B,36,29,0,0,0,,
OMIM:614385,"Colorectal cancer, hereditary nonpolyposis, type 7",snv_fora_do_painel,True,MLH3,22,4,0,0,0,,
OMIM:614388,Encephalopathy due to defective mitochondrial and peroxisomal fission 1,snv_fora_do_painel,True,DNM1L,27,22,0,0,0,,
OMIM:614399,"Myopathy, areflexia, respiratory distress, and dysphagia, early-onset",snv_fora_do_painel,True,MEGF10,44,32,0,0,0,,
OMIM:614402,"Microphthalmia, syndromic 11",snv_fora_do_painel,True,VAX1,1,1,0,0,0,,
OMIM:614409,"Spastic paraplegia 46, autosomal recessive",snv_fora_do_painel,True,GBA2,24,15,0,0,0,,
OMIM:614415,Chilblain lupus 2,snv_fora_do_painel,True,SAMHD1,19,14,0,0,0,,
OMIM:614416,Craniosynostosis with radiohumeral fusions and other skeletal and craniofacial anomalies,snv_fora_do_painel,True,CYP26B1,6,6,0,0,0,,
OMIM:614417,"Epilepsy, familial temporal lobe, 5",sem_variante_patogenica,True,CPA6,0,0,0,0,0,,
OMIM:614418,"Febrile seizures, familial, 11",snv_fora_do_painel,True,CPA6,1,1,0,0,0,,
OMIM:614420,Systemic lupus erythematosus 16,snv_fora_do_painel,True,DNASE1L3,7,1,0,0,0,,
OMIM:614424,Joubert syndrome 14,snv_fora_do_painel,True,TMEM237,36,23,0,0,0,,
OMIM:614429,Ventricular septal defect 1,snv_fora_do_painel,True,GATA4,9,9,0,0,0,,
OMIM:614430,Atrioventricular septal defect 4,snv_fora_do_painel,True,GATA4,17,15,0,0,0,,
OMIM:614431,Ventricular septal defect 2,sem_variante_patogenica,True,CITED2,0,0,0,0,0,,
OMIM:614432,Ventricular septal defect 3,snv_fora_do_painel,True,NKX2-5,2,2,0,0,0,,
OMIM:614433,Atrial septal defect 8,snv_fora_do_painel,True,CITED2,1,1,0,0,0,,
OMIM:614434,"Cutis laxa, autosomal dominant 2",sem_snv,True,FBLN5,1,0,0,0,0,,
OMIM:614435,Hypoplastic left heart syndrome 2,sem_snv,True,NKX2-5,1,0,0,0,0,,
OMIM:614436,"Charcot-Marie-Tooth disease, axonal, type 2P",snv_fora_do_painel,True,LRSAM1,78,40,0,0,0,,
OMIM:614437,"Cutis laxa, autosomal recessive, type IB",snv_fora_do_painel,True,EFEMP2,39,21,0,0,0,,
OMIM:614438,"Cutis laxa, autosomal recessive, type IIIB",snv_fora_do_painel,True,PYCR1,14,9,0,0,0,,
OMIM:614441,"Hypertrophic osteoarthropathy, primary, autosomal recessive 2",snv_fora_do_painel,True,SLCO2A1,52,38,0,0,0,,
OMIM:614450,"Hypothyroidism, congenital, nongoitrous, 6",snv_fora_do_painel,True,THRA,10,10,0,0,0,,
OMIM:614455,"Charcot-Marie-Tooth disease, dominant intermediate E",snv_fora_do_painel,True,INF2,28,27,0,0,0,,
OMIM:614456,"Melanoma, cutaneous malignant, susceptibility to, 8",snv_fora_do_painel,False,MITF,49,26,0,0,0,,
OMIM:614457,"Ichthyosis, spastic quadriplegia, and impaired intellectual development",snv_fora_do_painel,True,ELOVL4,6,4,0,0,0,,
OMIM:614458,Thiamine metabolism dysfunction syndrome 5 (episodic encephalopathy type),snv_fora_do_painel,True,TPK1,25,20,0,0,0,,
OMIM:614462,"Hyperglycinemia, lactic acidosis, and seizures",snv_fora_do_painel,True,LIAS,27,12,0,0,0,,
OMIM:614464,Joubert syndrome 15,snv_fora_do_painel,True,CEP41,20,12,0,0,0,,
OMIM:614465,Joubert syndrome 16,snv_fora_do_painel,True,TMEM138,17,10,0,0,0,,
OMIM:614468,Familial cold autoinflammatory syndrome 3,snv_fora_do_painel,True,PLCG2,6,3,0,0,0,,
OMIM:614470,"RAS-associated autoimmune lymphoproliferative syndrome type IV, somatic",snv_fora_do_painel,True,NRAS,8,8,0,0,0,,
OMIM:614473,"Arterial calcification, generalized, of infancy, 2",snv_fora_do_painel,True,ABCC6,73,52,0,0,0,,
OMIM:614474,Atrioventricular septal defect 5,snv_fora_do_painel,True,GATA6,14,10,0,0,0,,
OMIM:614475,Atrial septal defect 9,snv_fora_do_painel,True,GATA6,2,2,0,0,0,,
OMIM:614480,"Hypertriglyceridemia, transient infantile",snv_fora_do_painel,True,GPD1,13,10,0,0,0,,
OMIM:614482,"Congenital cataracts, hearing loss, and neurodegeneration",snv_fora_do_painel,True,SLC33A1,8,5,0,0,0,,
OMIM:614483,Brain small vessel disease 2,snv_fora_do_painel,True,COL4A2,29,21,0,0,0,,
OMIM:614485,Trigonocephaly 2,snv_fora_do_painel,True,FREM1,29,17,0,0,0,,
OMIM:614486,Thrombophilia due to thrombomodulin defect,snv_fora_do_painel,True,THBD,6,3,0,0,0,,
OMIM:614487,"Spastic ataxia 5, autosomal recessive",snv_fora_do_painel,True,AFG3L2,13,9,0,0,0,,
OMIM:614491,"Pseudohypoaldosteronism, type IIB",snv_fora_do_painel,True,WNK4,6,5,0,0,0,,
OMIM:614492,"Pseudohypoaldosteronism, type IIC",snv_fora_do_painel,True,WNK1,49,25,0,0,0,,
OMIM:614493,Wiskott-Aldrich syndrome 2,snv_fora_do_painel,True,WIPF1,6,4,0,0,0,,
OMIM:614495,"Pseudohypoaldosteronism, type IID",snv_fora_do_painel,True,KLHL3,17,16,0,0,0,,
OMIM:614496,"Pseudohypoaldosteronism, type IIE",snv_fora_do_painel,True,CUL3,18,14,0,0,0,,
OMIM:614497,"Microphthalmia, isolated, with coloboma 7",snv_fora_do_painel,True,ABCB6,3,3,0,0,0,,
OMIM:614498,"Rigidity and multifocal seizure syndrome, lethal neonatal",snv_fora_do_painel,True,BRAT1,87,41,0,0,0,,
OMIM:614499,"Intellectual developmental disorder, autosomal recessive 34, with variant lissencephaly",snv_fora_do_painel,True,CRADD,4,3,0,0,0,,
OMIM:614500,Cone-Rod dystrophy 16,snv_fora_do_painel,True,CFAP418,7,5,0,0,0,,
OMIM:614501,"Psychomotor retardation, epilepsy, and craniofacial dysmorphism",sem_variante_patogenica,True,SNIP1,0,0,0,0,0,,
OMIM:614504,"Usher syndrome, type IIIB",sem_variante_patogenica,True,HARS1,0,0,0,0,0,,
OMIM:614507,"Congenital disorder of glycosylation, type IR",snv_fora_do_painel,True,DDOST,3,2,0,0,0,,
OMIM:614508,Mirror movements 2,snv_fora_do_painel,True,RAD51,3,2,0,0,0,,
OMIM:614514,"Thrombophilia due to protein S deficiency, autosomal recessive",snv_fora_do_painel,True,PROS1,75,55,0,0,0,,
OMIM:614521,Thrombocythemia 3,snv_fora_do_painel,True,JAK2,3,3,0,0,0,,
OMIM:614524,Fibrochondrogenesis 2,snv_fora_do_painel,True,COL11A2,17,9,0,0,0,,
OMIM:614557,"Ehlers-Danlos syndrome, kyphoscoliotic type, 2",snv_fora_do_painel,True,FKBP14,19,7,0,0,0,,
OMIM:614558,"Epileptic encephalopathy, early infantile, 13",snv_fora_do_painel,True,SCN8A,97,89,0,0,0,,
OMIM:614559,Infantile cerebellar-retinal degeneration,snv_fora_do_painel,True,ACO2,18,14,0,0,0,,
OMIM:614561,"Leukoencephalopathy, brain calcifications, and cysts",snv_fora_do_painel,True,SNORD118,28,20,0,0,0,,
OMIM:614563,"Cortical dysplasia, complex, with other brain malformations 13",snv_fora_do_painel,True,DYNC1H1,51,47,0,0,0,,
OMIM:614564,"Cutaneous telangiectasia and cancer syndrome, familial",snv_fora_do_painel,True,ATR,9,3,0,0,0,,
OMIM:614565,"Night blindness, congenital stationary, type 1E",snv_fora_do_painel,True,GPR179,15,9,0,0,0,,
OMIM:614575,"Cerebellar ataxia, neuropathy, and vestibular areflexia syndrome",snv_fora_do_painel,True,RFC1,7,5,0,0,0,,
OMIM:614576,"Congenital disorder of glycosylation, type IIl",snv_fora_do_painel,True,COG6,22,16,0,0,0,,
OMIM:614582,Combined oxidative phosphorylation deficiency 9,snv_fora_do_painel,True,MRPL3,3,2,0,0,0,,
OMIM:614583,Baraitser-Winter syndrome 2,snv_fora_do_painel,True,ACTG1,29,28,0,0,0,,
OMIM:614592,Bent bone dysplasia syndrome,snv_fora_do_painel,True,FGFR2,3,3,0,0,0,,
OMIM:614594,Olmsted syndrome 1,snv_fora_do_painel,True,TRPV3,6,6,0,0,0,,
OMIM:614602,Trichohepatoenteric syndrome 2,snv_fora_do_painel,True,SKIC2,25,18,0,0,0,,
OMIM:614607,Coffin-Siris syndrome 2,snv_fora_do_painel,True,ARID1A,67,44,0,0,0,,
OMIM:614608,Coffin-Siris syndrome 3,snv_fora_do_painel,True,SMARCB1,14,11,0,0,0,,
OMIM:614609,Coffin-Siris syndrome 4,snv_fora_do_painel,True,SMARCA4,35,31,0,0,0,,
OMIM:614613,Acrodysostosis 2 with or without hormone resistance,snv_fora_do_painel,True,PDE4D,13,13,0,0,0,,
OMIM:614614,"Deafness, autosomal dominant 4B",snv_fora_do_painel,True,CEACAM16,4,4,0,0,0,,
OMIM:614615,Joubert syndrome 17,snv_fora_do_painel,True,CPLANE1,150,80,0,0,0,,
OMIM:614616,Diarrhea 6,snv_fora_do_painel,True,GUCY2C,4,3,0,0,0,,
OMIM:614617,"Deafness, autosomal recessive 86",snv_fora_do_painel,True,TBC1D24,13,11,0,0,0,,
OMIM:614618,Hyperekplexia 3,snv_fora_do_painel,True,SLC6A5,57,40,0,0,0,,
OMIM:614619,Hyperekplexia 2,snv_fora_do_painel,True,GLRB,20,11,0,0,0,,
OMIM:614621,UV-sensitive syndrome 2,snv_fora_do_painel,True,ERCC8,30,21,0,0,0,,
OMIM:614640,UV-sensitive syndrome 3,snv_fora_do_painel,True,UVSSA,10,6,0,0,0,,
OMIM:614643,"Muscular dystrophy-dystroglycanopathy (congenital with brain and eye anomalies), type A, 7",snv_fora_do_painel,True,CRPPA,45,26,0,0,0,,
OMIM:614650,"Coenzyme Q10 deficiency, primary, 6",snv_fora_do_painel,True,COQ6,22,13,0,0,0,,
OMIM:614651,"Coenzyme Q10 deficiency, primary, 2",snv_fora_do_painel,True,PDSS1,11,8,0,0,0,,
OMIM:614652,"Coenzyme Q10 deficiency, primary, 3",snv_fora_do_painel,True,PDSS2,4,1,0,0,0,,
OMIM:614653,"Neuropathy, hereditary sensory and autonomic, type VI",snv_fora_do_painel,True,DST,165,95,0,0,0,,
OMIM:614654,"Coenzyme Q10 deficiency, primary, 5",snv_fora_do_painel,True,COQ9,14,9,0,0,0,,
OMIM:614662,Cortisone reductase deficiency 2,snv_fora_do_painel,True,HSD11B1,2,2,0,0,0,,
OMIM:614665,Meconium ileus,sem_snv,True,GUCY2C,2,0,0,0,0,,
OMIM:614669,Auriculocondylar syndrome 2,snv_fora_do_painel,True,PLCB4,14,13,0,0,0,,
OMIM:614672,"Cardiomyopathy, dilated, 2B",snv_fora_do_painel,True,GATAD1,1,1,0,0,0,,
OMIM:614673,"Microcephaly 8, primary, autosomal recessive",snv_fora_do_painel,True,CEP135,22,13,0,0,0,,
OMIM:614674,"Periodic fever, menstrual cycle-dependent",sem_variante_patogenica,True,HTR1A,0,0,0,0,0,,
OMIM:614675,Bone marrow failure syndrome 1,sem_variante_patogenica,True,SRP72,0,0,0,0,0,,
OMIM:614678,"Pontocerebellar hypoplasia, type 1B",snv_fora_do_painel,True,EXOSC3,47,22,0,0,0,,
OMIM:614679,"Ciliary dyskinesia, primary, 17",snv_fora_do_painel,True,DNAAF19,13,5,0,0,0,,
OMIM:614691,"Cataract, autosomal recessive congenital 5",snv_fora_do_painel,True,AGK,27,19,0,0,0,,
OMIM:614699,"Immunodeficiency, common variable, 7",snv_fora_do_painel,True,CR2,57,34,0,0,0,,
OMIM:614700,"Immunodeficiency, common variable, 8, with autoimmunity",snv_fora_do_painel,True,LRBA,159,88,0,0,0,,
OMIM:614701,Cornelia de Lange syndrome 4,snv_fora_do_painel,True,RAD21,40,24,0,0,0,,
OMIM:614702,Combined oxidative phosphorylation deficiency 10,snv_fora_do_painel,True,MTO1,62,27,0,0,0,,
OMIM:614706,"Ceroid lipofuscinosis, neuronal, 11",snv_fora_do_painel,True,GRN,74,35,0,0,0,,
OMIM:614707,Brown-Vialetto-Van laere syndrome 2,snv_fora_do_painel,True,SLC52A2,37,21,0,0,0,,
OMIM:614714,"Porokeratosis 7, multiple types",snv_fora_do_painel,True,MVD,5,4,0,0,0,,
OMIM:614723,Adenine phosphoribosyltransferase deficiency,snv_fora_do_painel,True,APRT,67,48,0,0,0,,
OMIM:614727,"Congenital disorder of glycosylation, type IIK",snv_fora_do_painel,True,TMEM165,4,3,0,0,0,,
OMIM:614728,Seckel syndrome 6,snv_fora_do_painel,True,CEP63,9,6,0,0,0,,
OMIM:614732,"Intrauterine growth retardation, metaphyseal dysplasia, adrenal hypoplasiacongenita, and genital anomalies",snv_fora_do_painel,True,CDKN1C,11,9,0,0,0,,
OMIM:614736,Glucocorticoid deficiency 4 with or without mineralocorticoid deficiency,snv_fora_do_painel,True,NNT,19,11,0,0,0,,
OMIM:614739,"3-Methylglutaconic aciduria with deafness, encephalopathy, and leigh-like syndrome",snv_fora_do_painel,True,SERAC1,46,27,0,0,0,,
OMIM:614740,Basal cell carcinoma 7,sem_variante_patogenica,False,TP53,0,0,0,0,0,,
OMIM:614741,Mitochondrial pyruvate carrier deficiency,snv_fora_do_painel,True,MPC1,6,6,0,0,0,,
OMIM:614742,"Pulmonary fibrosis and/or bone marrow failure, telomere-related, 1",snv_fora_do_painel,True,TERT,27,20,0,0,0,,
OMIM:614743,"Pulmonary fibrosis and/or bone marrow failure, telomere-related, 2",snv_fora_do_painel,True,TERC,12,8,0,0,0,,
OMIM:614744,"Facial paresis, hereditary congenital, 3",snv_fora_do_painel,True,HOXB1,3,3,0,0,0,,
OMIM:614748,"Interstitial lung disease, nephrotic syndrome, and epidermolysis bullosa, congenital",snv_fora_do_painel,True,ITGA3,20,13,0,0,0,,
OMIM:614749,Hyperphosphatasia with impaired intellectual development syndrome 2,snv_fora_do_painel,True,PIGO,73,33,0,0,0,,
OMIM:614750,"Myasthenic syndrome, congenital, 13, with tubular aggregates",snv_fora_do_painel,True,DPAGT1,30,22,0,0,0,,
OMIM:614751,"Neuronopathy, distal hereditary motor, type VB",snv_fora_do_painel,True,REEP1,3,2,0,0,0,,
OMIM:614753,Malan syndrome,snv_fora_do_painel,True,NFIX,85,43,0,0,0,,
OMIM:614756,Cerebellar dysfunction with variable cognitive and behavioral abnormalities,snv_fora_do_painel,True,CAMTA1,43,25,0,0,0,,
OMIM:614779,"Heterotaxy, visceral, 6, autosomal",snv_fora_do_painel,True,CFAP53,8,6,0,0,0,,
OMIM:614782,"Tremor, hereditary essential, 4",snv_fora_do_painel,True,FUS,27,17,0,0,0,,
OMIM:614800,"Short stature, optic nerve atrophy, and pelger-huet anomaly",snv_fora_do_painel,True,NBAS,49,33,0,0,0,,
OMIM:614807,"Myopathy, centronuclear, 4",sem_variante_patogenica,True,CCDC78,0,0,0,0,0,,
OMIM:614808,Amyotrophic lateral sclerosis 18,snv_fora_do_painel,True,PFN1,4,3,0,0,0,,
OMIM:614809,Nephropathy due to CFHR5 deficiency,snv_fora_do_painel,True,CFHR5,8,5,0,0,0,,
OMIM:614813,"Short stature, onychodysplasia, facial dysmorphism, and hypotrichosis",snv_fora_do_painel,True,POC1A,19,11,0,0,0,,
OMIM:614814,Adams-Oliver syndrome 3,snv_fora_do_painel,True,RBPJ,6,6,0,0,0,,
OMIM:614815,Joubert syndrome 18,snv_fora_do_painel,True,TCTN3,58,25,0,0,0,,
OMIM:614816,Loeys-Dietz syndrome 4,snv_fora_do_painel,True,TGFB2,72,35,0,0,0,,
OMIM:614817,"Interstitial nephritis, karyomegalic",snv_fora_do_painel,True,FAN1,48,25,0,0,0,,
OMIM:614819,Weill-Marchesani syndrome 3,snv_fora_do_painel,True,LTBP2,4,2,0,0,0,,
OMIM:614820,Alternating hemiplegia of childhood 2,snv_fora_do_painel,True,ATP1A3,41,41,0,0,0,,
OMIM:614822,Spermatogenic failure 10,sem_variante_patogenica,True,SEPTIN12,0,0,0,0,0,,
OMIM:614823,Aortic valve disease 2,snv_fora_do_painel,True,SMAD6,98,47,0,0,0,,
OMIM:614830,"Muscular dystrophy-dystroglycanopathy (congenital with brain and eye anomalies), type A, 8",snv_fora_do_painel,True,POMGNT2,26,12,0,0,0,,
OMIM:614831,"Spinocerebellar ataxia, autosomal recessive 13",snv_fora_do_painel,True,GRM1,5,3,0,0,0,,
OMIM:614832,"Amelogenesis imperfecta, hypomaturation type, iia4",snv_fora_do_painel,True,ODAPH,6,4,0,0,0,,
OMIM:614833,"Microcephaly, short stature, and polymicrogyria with or without seizures",snv_fora_do_painel,True,RTTN,27,23,0,0,0,,
OMIM:614837,Hypogonadotropic hypogonadism 8 with or without anosmia,snv_fora_do_painel,True,KISS1R,2,2,0,0,0,,
OMIM:614838,Hypogonadotropic hypogonadism 9 with or without anosmia,sem_variante_patogenica,True,NSMF,0,0,0,0,0,,
OMIM:614839,Hypogonadotropic hypogonadism 10 with or without anosmia,sem_snv,True,TAC3,1,0,0,0,0,,
OMIM:614840,Hypogonadotropic hypogonadism 11 with or without anosmia,snv_fora_do_painel,True,TACR3,9,7,0,0,0,,
OMIM:614841,Hypogonadotropic hypogonadism 12 with or without anosmia,sem_snv,True,GNRH1,3,0,0,0,0,,
OMIM:614842,Hypogonadotropic hypogonadism 13 with or without anosmia,snv_fora_do_painel,True,KISS1,2,2,0,0,0,,
OMIM:614844,Nephronophthisis 14,snv_fora_do_painel,True,ZNF423,1,1,0,0,0,,
OMIM:614845,Nephronophthisis 15,snv_fora_do_painel,True,CEP164,129,73,0,0,0,,
OMIM:614847,"Epilepsy, idiopathic generalized, susceptibility to, 12",snv_fora_do_painel,False,SLC2A1,12,11,0,0,0,,
OMIM:614849,Immunodeficiency 132A,snv_fora_do_painel,True,TRAF3,1,1,0,0,0,,
OMIM:614850,"Encephalopathy, acute, infection-induced (herpes-specific), susceptibility to, 6",sem_variante_patogenica,False,TICAM1,0,0,0,0,0,,
OMIM:614851,Seckel syndrome 7,snv_fora_do_painel,True,NIN,6,3,0,0,0,,
OMIM:614852,"Microcephaly 9, primary, autosomal recessive",snv_fora_do_painel,True,CEP152,34,17,0,0,0,,
OMIM:614856,"Osteogenesis imperfecta, type XIII",snv_fora_do_painel,True,BMP1,16,12,0,0,0,,
OMIM:614857,"Methylmalonic aciduria and homocystinuria, Cblj type",snv_fora_do_painel,True,ABCD4,40,22,0,0,0,,
OMIM:614858,Hypogonadotropic hypogonadism 14 with or without anosmia,snv_fora_do_painel,True,WDR11,5,3,0,0,0,,
OMIM:614859,Peroxisome biogenesis disorder 3A (Zellweger),snv_fora_do_painel,True,PEX12,96,34,0,0,0,,
OMIM:614861,"Deafness, autosomal recessive 98",snv_fora_do_painel,True,TSPEAR,8,5,0,0,0,,
OMIM:614862,Peroxisome biogenesis disorder 4A (Zellweger),snv_fora_do_painel,True,PEX6,81,39,0,0,0,,
OMIM:614863,Peroxisome biogenesis disorder 4B,snv_fora_do_painel,True,PEX6,66,29,0,0,0,,
OMIM:614866,Peroxisome biogenesis disorder 5A (Zellweger),snv_fora_do_painel,True,PEX2,61,22,0,0,0,,
OMIM:614867,Peroxisome biogenesis disorder 5B,snv_fora_do_painel,True,PEX2,19,9,0,0,0,,
OMIM:614868,Immunodeficiency-110 with lymphoproliferation,snv_fora_do_painel,True,STK4,17,14,0,0,0,,
OMIM:614870,Peroxisome biogenesis disorder 6A (Zellweger),snv_fora_do_painel,True,PEX10,49,24,0,0,0,,
OMIM:614871,Peroxisome biogenesis disorder 6B,snv_fora_do_painel,True,PEX10,30,16,0,0,0,,
OMIM:614872,Peroxisome biogenesis disorder 7A (zellweger),snv_fora_do_painel,True,PEX26,51,24,0,0,0,,
OMIM:614873,Peroxisome biogenesis disorder 7B,snv_fora_do_painel,True,PEX26,44,19,0,0,0,,
OMIM:614874,"Ciliary dyskinesia, primary, 18",snv_fora_do_painel,True,DNAAF5,12,6,0,0,0,,
OMIM:614876,Peroxisome biogenesis disorder 8A (Zellweger),snv_fora_do_painel,True,PEX16,4,3,0,0,0,,
OMIM:614877,Peroxisome biogenesis disorder 8B,snv_fora_do_painel,True,PEX16,7,3,0,0,0,,
OMIM:614878,"Autoinflammation, antibody deficiency, and immune dysregulation, plcg2-associated",snv_fora_do_painel,True,PLCG2,3,3,0,0,0,,
OMIM:614879,Peroxisome biogenesis disorder 9B,snv_fora_do_painel,True,PEX7,87,41,0,0,0,,
OMIM:614880,Hypogonadotropic hypogonadism 15 with or without anosmia,sem_variante_patogenica,False,HS6ST1,0,0,0,0,0,,
OMIM:614881,"Spinal muscular atrophy, distal, autosomal recessive, 5",snv_fora_do_painel,True,DNAJB2,22,19,0,0,0,,
OMIM:614882,Peroxisome biogenesis disorder 10A (Zellweger),snv_fora_do_painel,True,PEX3,9,6,0,0,0,,
OMIM:614883,Peroxisome biogenesis disorder 11A (Zellweger),snv_fora_do_painel,True,PEX13,37,20,0,0,0,,
OMIM:614885,Peroxisome biogenesis disorder 11B,snv_fora_do_painel,True,PEX13,5,5,0,0,0,,
OMIM:614886,Peroxisome biogenesis disorder 12A (Zellweger),snv_fora_do_painel,True,PEX19,20,13,0,0,0,,
OMIM:614887,Peroxisome biogenesis disorder 13A (Zellweger),snv_fora_do_painel,True,PEX14,1,1,0,0,0,,
OMIM:614889,Immunodeficiency 28,snv_fora_do_painel,True,IFNGR2,10,3,0,0,0,,
OMIM:614890,Immunodeficiency 29,snv_fora_do_painel,True,IL12B,17,10,0,0,0,,
OMIM:614891,Immunodeficiency 30,snv_fora_do_painel,True,IL12RB1,72,49,0,0,0,,
OMIM:614892,Immunodeficiency 31A,snv_fora_do_painel,True,STAT1,52,42,0,0,0,,
OMIM:614893,Immunodeficiency 32A,snv_fora_do_painel,True,IRF8,1,1,0,0,0,,
OMIM:614895,"Charcot-Marie-Tooth disease, demyelinating, type 4F",snv_fora_do_painel,True,PRX,24,14,0,0,0,,
OMIM:614896,Sinoatrial node dysfunction and deafness,snv_fora_do_painel,True,CACNA1D,4,2,0,0,0,,
OMIM:614897,Hypogonadotropic hypogonadism 16 with or without anosmia,snv_fora_do_painel,False,SEMA3A,1,1,0,0,0,,
OMIM:614898,"Spastic paraplegia 53, autosomal recessive",snv_fora_do_painel,True,VPS37A,1,1,0,0,0,,
OMIM:614899,"Deafness, autosomal recessive 93",snv_fora_do_painel,True,CABP2,4,3,0,0,0,,
OMIM:614900,Diamond-Blackfan anemia 11,snv_fora_do_painel,True,RPL26,6,1,0,0,0,,
OMIM:614915,Lethal congenital contracture syndrome 4,sem_snv,True,MYBPC1,1,0,0,0,0,,
OMIM:614916,"Ventricular tachycardia, catecholaminergic polymorphic, 4",snv_fora_do_painel,True,CALM1,11,11,0,0,0,,
OMIM:614920,Peroxisome biogenesis disorder 14B,snv_fora_do_painel,True,PEX11B,9,6,0,0,0,,
OMIM:614921,"Congenital disorder of glycosylation, type It",snv_fora_do_painel,True,PGM1,41,23,0,0,0,,
OMIM:614922,Combined oxidative phosphorylation deficiency 11,snv_fora_do_painel,True,RMND1,29,16,0,0,0,,
OMIM:614923,Branched-chain keto acid dehydrogenase kinase deficiency,snv_fora_do_painel,True,BCKDK,12,8,0,0,0,,
OMIM:614924,Combined oxidative phosphorylation deficiency 12,snv_fora_do_painel,True,EARS2,20,16,0,0,0,,
OMIM:614926,Perrault syndrome 2,snv_fora_do_painel,True,HARS2,13,11,0,0,0,,
OMIM:614929,"Ectodermal dysplasia 7, Hair/nail type",sem_variante_patogenica,True,KRT74,0,0,0,0,0,,
OMIM:614931,"Ectodermal dysplasia 9, Hair/nail type",snv_fora_do_painel,True,HOXC13,2,1,0,0,0,,
OMIM:614932,Combined oxidative phosphorylation deficiency 13,snv_fora_do_painel,True,PNPT1,18,16,0,0,0,,
OMIM:614934,"Deafness, autosomal recessive 70",snv_fora_do_painel,True,PNPT1,8,5,0,0,0,,
OMIM:614935,"Ciliary dyskinesia, primary, 19",snv_fora_do_painel,True,DNAAF11,41,24,0,0,0,,
OMIM:614937,"Myoclonus, familial cortical",sem_variante_patogenica,True,NOL3,0,0,0,0,0,,
OMIM:614940,"Ectodermal dysplasia 11A, hypohidrotic/hair/tooth type, autosomal dominant",alelo_patogenico_ensaiado,True,EDARADD,7,6,2,2,0,1,4188;4189
OMIM:614941,"Ectodermal dysplasia 11B, hypohidrotic/hair/tooth type, autosomal recessive",alelo_patogenico_ensaiado,True,EDARADD,12,11,2,2,0,2,4188;5853
OMIM:614944,"Deafness, autosomal recessive 84B",snv_fora_do_painel,True,OTOGL,45,27,0,0,0,,
OMIM:614945,"Deafness, autosomal recessive 18B",snv_fora_do_painel,True,OTOG,56,28,0,0,0,,
OMIM:614946,Combined oxidative phosphorylation deficiency 14,snv_fora_do_painel,True,FARS2,56,42,0,0,0,,
OMIM:614947,Combined oxidative phosphorylation deficiency 15,snv_fora_do_painel,True,MTFMT,16,12,0,0,0,,
OMIM:614959,Developmental and epileptic encephalopathy 14,snv_fora_do_painel,True,KCNT1,57,55,0,0,0,,
OMIM:614961,"Pontocerebellar hypoplasia, type 8",snv_fora_do_painel,True,CHMP1A,2,1,0,0,0,,
OMIM:614962,Leptin deficiency or dysfunction,snv_fora_do_painel,True,LEP,6,5,0,0,0,,
OMIM:614963,Leptin receptor deficiency,snv_fora_do_painel,True,LEPR,6,3,0,0,0,,
OMIM:614969,"Pontocerebellar hypoplasia, type 7",snv_fora_do_painel,True,TOE1,14,9,0,0,0,,
OMIM:614970,Joubert syndrome 20,snv_fora_do_painel,True,TMEM231,42,24,0,0,0,,
OMIM:614972,"Cholestasis, intrahepatic, of pregnancy 3",snv_fora_do_painel,True,ABCB4,51,38,0,0,0,,
OMIM:614974,Focal facial dermal dysplasia 4,snv_fora_do_painel,True,CYP26C1,4,3,0,0,0,,
OMIM:614976,Carpenter syndrome 2,snv_fora_do_painel,True,MEGF8,37,23,0,0,0,,
OMIM:614979,"Splenomegaly, cytopenia, and vision loss",snv_fora_do_painel,True,ALPK1,3,3,0,0,0,,
OMIM:614980,"Congenital heart defects, multiple types, 2",snv_fora_do_painel,True,TAB2,41,17,0,0,0,,
OMIM:615005,"Epilepsy, nocturnal frontal lobe, 5",snv_fora_do_painel,True,KCNT1,44,43,0,0,0,,
OMIM:615006,Developmental and epileptic encephalopathy 15,snv_fora_do_painel,True,ST3GAL3,8,7,0,0,0,,
OMIM:615007,"Basal ganglia calcification, idiopathic, 4",snv_fora_do_painel,True,PDGFRB,7,7,0,0,0,,
OMIM:615008,"Nephrotic syndrome, type 7",snv_fora_do_painel,True,DGKE,19,12,0,0,0,,
OMIM:615009,Schuurs-Hoeijmakers syndrome,snv_fora_do_painel,True,PACS1,3,3,0,0,0,,
OMIM:615010,Aicardi-Goutieres syndrome 6,snv_fora_do_painel,True,ADAR,72,41,0,0,0,,
OMIM:615011,Phosphohydroxylysinuria,sem_variante_patogenica,True,PHYKPL,0,0,0,0,0,,
OMIM:615023,"Ichthyosis, congenital, autosomal recessive 9",snv_fora_do_painel,True,CERS3,10,6,0,0,0,,
OMIM:615024,"Ichthyosis, congenital, autosomal recessive 10",snv_fora_do_painel,True,PNPLA1,35,29,0,0,0,,
OMIM:615025,"Charcot-Marie-Tooth disease, axonal, type 2Q",snv_fora_do_painel,True,DHTKD1,8,6,0,0,0,,
OMIM:615026,Riboflavin deficiency,sem_variante_patogenica,True,SLC52A1,0,0,0,0,0,,
OMIM:615028,"Epidermolysis bullosa simplex 4, localized or generalized intermediate, autosomal recessive",snv_fora_do_painel,True,EXPH5,13,4,0,0,0,,
OMIM:615030,"Spastic paraplegia 56, autosomal recessive",snv_fora_do_painel,True,CYP2U1,28,15,0,0,0,,
OMIM:615031,"Neuropathy, hereditary sensory and autonomic, type IX, with developmental delay",snv_fora_do_painel,True,TECPR2,119,49,0,0,0,,
OMIM:615032,Intellectual developmental disorder with autism and macrocephaly,snv_fora_do_painel,True,CHD8,105,64,0,0,0,,
OMIM:615033,"Spastic paraplegia 54, autosomal recessive",snv_fora_do_painel,True,DDHD2,28,15,0,0,0,,
OMIM:615034,Dystonia 24,snv_fora_do_painel,True,ANO3,8,8,0,0,0,,
OMIM:615035,"Spastic paraplegia 55, autosomal recessive",snv_fora_do_painel,True,MTRFR,9,3,0,0,0,,
OMIM:615040,"Episodic pain syndrome, familial, 1",snv_fora_do_painel,True,TRPA1,1,1,0,0,0,,
OMIM:615041,"Muscular dystrophy-dystroglycanopathy (congenital with brain and eye anomalies), type A, 10",snv_fora_do_painel,True,RXYLT1,13,7,0,0,0,,
OMIM:615042,"Congenital disorder of glycosylation, type Iu",snv_fora_do_painel,True,DPM2,9,7,0,0,0,,
OMIM:615043,"Spastic paraplegia 43, autosomal recessive",snv_fora_do_painel,True,C19orf12,11,6,0,0,0,,
OMIM:615048,"Spinal muscular atrophy, Jokela type",snv_fora_do_painel,True,CHCHD10,3,2,0,0,0,,
OMIM:615058,"Night blindness, congenital stationary, type 1F",snv_fora_do_painel,True,LRIT3,3,2,0,0,0,,
OMIM:615059,Hypotrichosis 11,snv_fora_do_painel,True,SNRPE,3,3,0,0,0,,
OMIM:615065,"Arthrogryposis, distal, type 5D",snv_fora_do_painel,True,ECEL1,49,37,0,0,0,,
OMIM:615066,"Osteogenesis imperfecta, type XIV",snv_fora_do_painel,True,TMEM38B,6,2,0,0,0,,
OMIM:615067,"Ciliary dyskinesia, primary, 20",snv_fora_do_painel,True,ODAD1,15,12,0,0,0,,
OMIM:615071,Alazami syndrome,snv_fora_do_painel,True,LARP7,39,5,0,0,0,,
OMIM:615072,"Brachydactyly, type A1, C",snv_fora_do_painel,True,GDF5,3,2,0,0,0,,
OMIM:615073,Dystonia 25,snv_fora_do_painel,True,GNAL,10,8,0,0,0,,
OMIM:615074,GAND syndrome,snv_fora_do_painel,True,GATAD2B,64,32,0,0,0,,
OMIM:615075,Neurodevelopmental disorder with spastic diplegia and visual defects,snv_fora_do_painel,True,CTNNB1,91,43,0,0,0,,
OMIM:615080,"Alzheimer disease 17, susceptibility to",sem_variante_patogenica,False,TREM2,0,0,0,0,0,,
OMIM:615081,Spermatogenic failure 11,sem_variante_patogenica,True,KLHL10,0,0,0,0,0,,
OMIM:615083,"Colorectal cancer, susceptibility to, 12",snv_fora_do_painel,False,POLE,17,12,0,0,0,,
OMIM:615084,Mitochondrial DNA depletion syndrome 11,snv_fora_do_painel,True,MGME1,4,1,0,0,0,,
OMIM:615085,"Osteopetrosis, autosomal recessive 8",snv_fora_do_painel,True,SNX10,9,6,0,0,0,,
OMIM:615092,Left ventricular noncompaction 7,snv_fora_do_painel,True,MIB1,15,5,0,0,0,,
OMIM:615095,"Microcephaly 10, primary, autosomal recessive",snv_fora_do_painel,True,ZNF335,12,7,0,0,0,,
OMIM:615107,Cowden syndrome 4,snv_fora_do_painel,True,KLLN,1,1,0,0,0,,
OMIM:615108,Cowden syndrome 5,snv_fora_do_painel,True,PIK3CA,9,9,0,0,0,,
OMIM:615109,Cowden syndrome 6,snv_fora_do_painel,True,AKT1,3,3,0,0,0,,
OMIM:615112,Urofacial syndrome 2,snv_fora_do_painel,True,LRIG2,7,2,0,0,0,,
OMIM:615113,"Microphthalmia, isolated 8",snv_fora_do_painel,True,ALDH1A3,15,12,0,0,0,,
OMIM:615119,"Mitochondrial complex IV deficiency, nuclear type 6",snv_fora_do_painel,True,COX15,22,16,0,0,0,,
OMIM:615120,"Myasthenic syndrome, congenital, 8",snv_fora_do_painel,True,AGRN,59,28,0,0,0,,
OMIM:615122,Lymphoproliferative syndrome 2,snv_fora_do_painel,True,CD27,16,8,0,0,0,,
OMIM:615127,"Epilepsy, familial adult myoclonic, 4",sem_variante_patogenica,True,YEATS2,0,0,0,0,0,,
OMIM:615134,"Melanoma, cutaneous malignant, susceptibility to, 9",sem_variante_patogenica,False,TERT,0,0,0,0,0,,
OMIM:615135,"Maple syrup urine disease, mild variant",snv_fora_do_painel,True,PPM1K,2,2,0,0,0,,
OMIM:615139,"Facial dysmorphism, immunodeficiency, livedo, and short stature",snv_fora_do_painel,True,POLE,7,5,0,0,0,,
OMIM:615145,"Microphthalmia, isolated, with coloboma 9",snv_fora_do_painel,True,TENM3,8,5,0,0,0,,
OMIM:615147,"Retinal dystrophy, iris coloboma, and comedogenic acne syndrome",snv_fora_do_painel,True,RBP4,3,3,0,0,0,,
OMIM:615155,Steel syndrome,snv_fora_do_painel,True,COL27A1,39,22,0,0,0,,
OMIM:615156,"Progressive external ophthalmoplegia with mitochondrial DNA deletions,autosomal dominant, 6",snv_fora_do_painel,True,DNA2,4,3,0,0,0,,
OMIM:615157,"Mitochondrial complex III deficiency, nuclear type 2",snv_fora_do_painel,True,TTC19,17,13,0,0,0,,
OMIM:615158,"Mitochondrial complex III deficiency, nuclear type 3",snv_fora_do_painel,True,UQCRB,1,1,0,0,0,,
OMIM:615159,"Mitochondrial complex III deficiency, nuclear type 4",sem_variante_patogenica,True,UQCRQ,0,0,0,0,0,,
OMIM:615160,"Mitochondrial complex III deficiency, nuclear type 5",snv_fora_do_painel,True,UQCRC2,4,3,0,0,0,,
OMIM:615179,"Albinism, oculocutaneous, type VII",snv_fora_do_painel,True,LRMDA,4,3,0,0,0,,
OMIM:615181,"Muscular dystrophy-dystroglycanopathy (congenital with brain and eye anomalies, type A, 11)",snv_fora_do_painel,True,B3GALNT2,56,32,0,0,0,,
OMIM:615182,Combined D-2- and L-2-hydroxyglutaric aciduria,snv_fora_do_painel,True,SLC25A1,5,4,0,0,0,,
OMIM:615184,"Cardiomyopathy, dilated, 1II",snv_fora_do_painel,True,CRYAB,7,4,0,0,0,,
OMIM:615185,"Charcot-Marie-Tooth disease, dominant intermediate F",snv_fora_do_painel,True,GNB4,6,6,0,0,0,,
OMIM:615188,"Cataract, multiple types",sem_snv,True,CRYGB,1,0,0,0,0,,
OMIM:615190,"Dyskeratosis congenita, autosomal recessive 5",snv_fora_do_painel,True,RTEL1,197,116,0,0,0,,
OMIM:615191,Lissencephaly 5,snv_fora_do_painel,True,LAMB1,16,9,0,0,0,,
OMIM:615193,"Bleeding disorder, platelet-type, 15",snv_fora_do_painel,True,ACTN1,17,17,0,0,0,,
OMIM:615198,Osteosclerotic metaphyseal dysplasia,snv_fora_do_painel,True,LRRK1,8,4,0,0,0,,
OMIM:615206,Card11 immunodeficiency,snv_fora_do_painel,True,CARD11,33,26,0,0,0,,
OMIM:615207,Immunodeficiency 56,snv_fora_do_painel,True,IL21R,11,5,0,0,0,,
OMIM:615214,"Agammaglobulinemia 7, autosomal recessive",snv_fora_do_painel,True,PIK3R1,32,21,0,0,0,,
OMIM:615217,Ataxia-Oculomotor apraxia 3,sem_variante_patogenica,True,PIK3R5,0,0,0,0,0,,
OMIM:615219,"Hydrocephalus, congenital, 2, with or without brain or eye anomalies",snv_fora_do_painel,True,MPDZ,43,26,0,0,0,,
OMIM:615220,"Osteogenesis imperfecta, type XV",snv_fora_do_painel,True,WNT1,21,11,0,0,0,,
OMIM:615222,Smith-Mccort dysplasia 2,snv_fora_do_painel,True,RAB33B,9,7,0,0,0,,
OMIM:615224,"Advanced sleep phase syndrome, familial, 2",snv_fora_do_painel,True,CSNK1D,2,2,0,0,0,,
OMIM:615225,"Palmoplantar carcinoma, multiple self-healing",snv_fora_do_painel,True,NLRP1,3,3,0,0,0,,
OMIM:615226,"Polydactyly, postaxial, type A6",snv_fora_do_painel,True,ZNF141,1,1,0,0,0,,
OMIM:615228,"Mitochondrial complex V (atp synthase) deficiency, nuclear type 4",sem_variante_patogenica,True,ATP5F1A,0,0,0,0,0,,
OMIM:615233,Retinitis pigmentosa 66,snv_fora_do_painel,True,RBP3,7,3,0,0,0,,
OMIM:615234,"Anemia, hypochromic microcytic, with iron overload 2",sem_variante_patogenica,True,STEAP3,0,0,0,0,0,,
OMIM:615235,"Cardiomyopathy, dilated, 1JJ",snv_fora_do_painel,True,LAMA4,2,2,0,0,0,,
OMIM:615237,Congenital short bowel syndrome,snv_fora_do_painel,True,CLMP,9,8,0,0,0,,
OMIM:615238,"Lipodystrophy, familial partial, type 5",snv_fora_do_painel,True,CIDEC,3,1,0,0,0,,
OMIM:615244,"Nephrotic syndrome, type 8",snv_fora_do_painel,True,ARHGDIA,4,2,0,0,0,,
OMIM:615248,"Cardiomyopathy, dilated, 1KK",snv_fora_do_painel,True,MYPN,49,23,0,0,0,,
OMIM:615249,"Muscular dystrophy-dystroglycanopathy (congenital with brain and eye anomalies), type A, 12",snv_fora_do_painel,True,POMK,25,9,0,0,0,,
OMIM:615266,Hypogonadotropic hypogonadism 17 with or without anosmia,snv_fora_do_painel,True,SPRY4,1,1,0,0,0,,
OMIM:615267,Hypogonadotropic hypogonadism 18 with or without anosmia,snv_fora_do_painel,True,IL17RD,1,1,0,0,0,,
OMIM:615268,"Cerebellar ataxia, impaired intellectual development, and dysequilibrium syndrome 4",snv_fora_do_painel,True,ATP8A2,30,22,0,0,0,,
OMIM:615269,Hypogonadotropic hypogonadism 19 with or without anosmia,sem_variante_patogenica,True,DUSP6,0,0,0,0,0,,
OMIM:615270,Hypogonadotropic hypogonadism 20 with or without anosmia,sem_variante_patogenica,True,FGF17,0,0,0,0,0,,
OMIM:615271,Hypogonadotropic hypogonadism 21 with or without anosmia,snv_fora_do_painel,True,FLRT3,1,1,0,0,0,,
OMIM:615272,"Fanconi anemia, complementation group Q",snv_fora_do_painel,True,ERCC4,47,25,0,0,0,,
OMIM:615273,Congenital disorder of deglycosylation 1,snv_fora_do_painel,True,NGLY1,40,22,0,0,0,,
OMIM:615274,"Cataract 15, multiple types",snv_fora_do_painel,True,MIP,15,7,0,0,0,,
OMIM:615277,"Cataract 19, multiple types",snv_fora_do_painel,True,LIM2,3,3,0,0,0,,
OMIM:615278,Cardiofaciocutaneous syndrome 2,snv_fora_do_painel,True,KRAS,14,13,0,0,0,,
OMIM:615279,Cardiofaciocutaneous syndrome 3,snv_fora_do_painel,True,MAP2K1,22,20,0,0,0,,
OMIM:615280,Cardiofaciocutaneous syndrome 4,snv_fora_do_painel,True,MAP2K2,13,13,0,0,0,,
OMIM:615281,Hypomyelination with brainstem and spinal cord involvement and legspasticity,snv_fora_do_painel,True,DARS1,7,7,0,0,0,,
OMIM:615282,"Cortical dysplasia, complex, with other brain malformations 2",snv_fora_do_painel,True,KIF5C,8,7,0,0,0,,
OMIM:615284,"Charcot-Marie-Tooth disease, type 4B3",snv_fora_do_painel,True,SBF1,8,8,0,0,0,,
OMIM:615285,"Neutropenia, severe congenital, 5, autosomal recessive",snv_fora_do_painel,True,VPS45,15,9,0,0,0,,
OMIM:615286,"Neurodevelopmental disorder with brain abnormalities, poor growth, and dysmorphic facies",snv_fora_do_painel,True,ADAT3,5,2,0,0,0,,
OMIM:615287,"Muscular dystrophy-dystroglycanopathy (congenital with brain and eye anomalies), type A, 13",snv_fora_do_painel,True,B4GAT1,4,2,0,0,0,,
OMIM:615290,"Spinal muscular atrophy, lower extremity-predominant, 2, autosomaldominant",snv_fora_do_painel,True,BICD2,17,17,0,0,0,,
OMIM:615293,"Myofibromatosis, infantile 2",snv_fora_do_painel,True,NOTCH3,18,17,0,0,0,,
OMIM:615294,"Ciliary dyskinesia, primary, 21",snv_fora_do_painel,True,DRC1,10,6,0,0,0,,
OMIM:615297,Adams-Oliver syndrome 4,snv_fora_do_painel,True,EOGT,13,9,0,0,0,,
OMIM:615298,"Symphalangism, proximal, 1B",snv_fora_do_painel,True,GDF5,4,4,0,0,0,,
OMIM:615300,Perrault syndrome 4,snv_fora_do_painel,True,LARS2,29,22,0,0,0,,
OMIM:615314,Craniosynostosis 3,snv_fora_do_painel,True,TCF12,53,28,0,0,0,,
OMIM:615327,Dowling-Degos disease 2,snv_fora_do_painel,True,POFUT1,5,2,0,0,0,,
OMIM:615328,Shaheen syndrome,snv_fora_do_painel,True,COG6,9,7,0,0,0,,
OMIM:615330,Multiple mitochondrial dysfunctions syndrome 3,snv_fora_do_painel,True,IBA57,36,23,0,0,0,,
OMIM:615338,Developmental and epileptic encephalopathy 16,snv_fora_do_painel,True,TBC1D24,15,10,0,0,0,,
OMIM:615342,"Pulmonary hypertension, primary, 2",snv_fora_do_painel,True,SMAD9,26,11,0,0,0,,
OMIM:615343,"Pulmonary hypertension, primary, 3",sem_snv,True,CAV1,5,0,0,0,0,,
OMIM:615344,"Pulmonary hypertension, primary, 4",snv_fora_do_painel,True,KCNK3,7,7,0,0,0,,
OMIM:615346,"Precocious puberty, central, 2",snv_fora_do_painel,True,MKRN3,6,3,0,0,0,,
OMIM:615348,Nemaline myopathy 8,snv_fora_do_painel,True,KLHL40,45,33,0,0,0,,
OMIM:615349,"Ehlers-Danlos syndrome, spondylodysplastic type, 2",snv_fora_do_painel,True,B3GALT6,22,14,0,0,0,,
OMIM:615350,"Muscular dystrophy-dystroglycanopathy (congenital with brain and eye anomalies), type A, 14",snv_fora_do_painel,True,GMPPB,41,27,0,0,0,,
OMIM:615351,"Muscular dystrophy-dystroglycanopathy (congenital with impaired intellectual development), type B, 14",snv_fora_do_painel,True,GMPPB,40,25,0,0,0,,
OMIM:615352,"Muscular dystrophy-dystroglycanopathy (limb-girdle), type C, 14",snv_fora_do_painel,True,GMPPB,44,29,0,0,0,,
OMIM:615355,Noonan syndrome 8,snv_fora_do_painel,True,RIT1,34,34,0,0,0,,
OMIM:615356,"Muscular dystrophy, limb-girdle, autosomal recessive 18",snv_fora_do_painel,True,TRAPPC11,60,37,0,0,0,,
OMIM:615360,Leber congenital amaurosis 17,snv_fora_do_painel,True,GDF6,1,1,0,0,0,,
OMIM:615361,"Hypocalcemia, autosomal dominant 2",snv_fora_do_painel,True,GNA11,6,6,0,0,0,,
OMIM:615362,"Ceroid lipofuscinosis, neuronal, 13",snv_fora_do_painel,True,CTSF,21,12,0,0,0,,
OMIM:615363,Estrogen resistance,snv_fora_do_painel,True,ESR1,3,3,0,0,0,,
OMIM:615368,Lethal congenital contracture syndrome 5,snv_fora_do_painel,True,DNM2,2,2,0,0,0,,
OMIM:615369,Develomental and epileptic encephalopathy 94,snv_fora_do_painel,True,CHD2,273,149,0,0,0,,
OMIM:615373,Left ventricular noncompaction 8,snv_fora_do_painel,True,PRDM16,6,2,0,0,0,,
OMIM:615374,Cone-Rod dystrophy 18,snv_fora_do_painel,True,RAB28,7,4,0,0,0,,
OMIM:615376,"Charcot-Marie-Tooth disease, recessive intermediate C",snv_fora_do_painel,True,PLEKHG5,77,35,0,0,0,,
OMIM:615377,"Atrial fibrillation, familial, 13",snv_fora_do_painel,True,SCN1B,2,2,0,0,0,,
OMIM:615378,"Atrial fibrillation, familial, 14",sem_variante_patogenica,True,SCN2B,0,0,0,0,0,,
OMIM:615381,"Mandibular hypoplasia, deafness, progeroid features, and lipodystrophy syndrome",sem_snv,True,POLD1,1,0,0,0,0,,
OMIM:615382,Nephronophthisis 16,snv_fora_do_painel,True,ANKS6,33,15,0,0,0,,
OMIM:615386,"Spinocerebellar ataxia, autosomal recessive 14",snv_fora_do_painel,True,SPTBN2,10,7,0,0,0,,
OMIM:615387,"Immunodeficiency 7, TCR-alpha/beta deficient",snv_fora_do_painel,True,TRAC,1,1,0,0,0,,
OMIM:615395,Combined oxidative phosphorylation deficiency 16,snv_fora_do_painel,True,MRPL44,4,2,0,0,0,,
OMIM:615396,Left ventricular noncompaction 10,snv_fora_do_painel,True,MYBPC3,67,50,0,0,0,,
OMIM:615397,Meckel syndrome 11,snv_fora_do_painel,True,TMEM231,44,26,0,0,0,,
OMIM:615398,Multiple congenital anomalies-hypotonia-seizures syndrome 3,snv_fora_do_painel,True,PIGT,23,14,0,0,0,,
OMIM:615399,Paroxysmal nocturnal hemoglobinuria 2,sem_variante_patogenica,True,PIGT,0,0,0,0,0,,
OMIM:615400,"Epilepsy, familial adult myoclonic, 5",snv_fora_do_painel,True,CNTN2,39,25,0,0,0,,
OMIM:615401,Immunodeficiency 8,snv_fora_do_painel,True,CORO1A,16,9,0,0,0,,
OMIM:615402,Dyschromatosis universalis hereditaria 3,snv_fora_do_painel,True,ABCB6,6,6,0,0,0,,
OMIM:615411,"Cortical dysplasia, complex, with other brain malformations 3",snv_fora_do_painel,True,KIF2A,6,6,0,0,0,,
OMIM:615412,"Cortical dysplasia, complex, with other brain malformations 4",snv_fora_do_painel,True,TUBG1,9,9,0,0,0,,
OMIM:615413,Spermatogenic failure 12,sem_snv,True,NANOS1,1,0,0,0,0,,
OMIM:615414,"Microcephaly 11, primary, autosomal recessive",snv_fora_do_painel,True,PHC1,2,2,0,0,0,,
OMIM:615415,Renal-Hepatic-Pancreatic dysplasia 2,snv_fora_do_painel,True,NEK8,23,15,0,0,0,,
OMIM:615418,Mitochondrial DNA depletion syndrome 12 (cardiomyopathic type),snv_fora_do_painel,True,SLC25A4,9,4,0,0,0,,
OMIM:615419,"Hypotonia, infantile, with psychomotor retardation and characteristic facies 1",snv_fora_do_painel,True,NALCN,45,25,0,0,0,,
OMIM:615420,"Myopia 22, autosomal dominant",sem_variante_patogenica,True,PRIMPOL,0,0,0,0,0,,
OMIM:615422,Inclusion body myopathy with early-onset Paget disease with or without frontotemporal dementia 2,snv_fora_do_painel,True,HNRNPA2B1,2,2,0,0,0,,
OMIM:615424,Inclusion body myopathy with early-onset Paget disease without frontotemporal dementia 3,snv_fora_do_painel,True,HNRNPA1,2,2,0,0,0,,
OMIM:615425,"Epidermolysis bullosa simplex, autosomal recessive 2",snv_fora_do_painel,True,DST,155,87,0,0,0,,
OMIM:615426,Amyotrophic lateral sclerosis 20,snv_fora_do_painel,True,HNRNPA1,1,1,0,0,0,,
OMIM:615429,"Deafness, autosomal recessive 88",snv_fora_do_painel,True,ELMOD3,1,1,0,0,0,,
OMIM:615431,"Myopia 23, autosomal recessive",snv_fora_do_painel,True,LRPAP1,6,2,0,0,0,,
OMIM:615432,Specific language impairment 5,sem_snv,False,TM4SF20,1,0,0,0,0,,
OMIM:615434,Retinitis pigmentosa with or without situs inversus,snv_fora_do_painel,True,ARL2BP,7,5,0,0,0,,
OMIM:615436,"Aortic aneurysm, familial thoracic 8",snv_fora_do_painel,True,PRKG1,1,1,0,0,0,,
OMIM:615438,Infantile liver failure syndrome 1,snv_fora_do_painel,True,LARS1,5,3,0,0,0,,
OMIM:615439,"Macular degeneration, age-related, 13",snv_fora_do_painel,False,CFI,17,11,0,0,0,,
OMIM:615440,Combined oxidative phosphorylation deficiency 17,snv_fora_do_painel,True,ELAC2,74,47,0,0,0,,
OMIM:615441,"Ventricular tachycardia, catecholaminergic polymorphic, 5, with or without muscle weakness",snv_fora_do_painel,True,TRDN,21,12,0,0,0,,
OMIM:615444,"Ciliary dyskinesia, primary, 22",snv_fora_do_painel,True,ZMYND10,19,9,0,0,0,,
OMIM:615451,"Ciliary dyskinesia, primary, 23",snv_fora_do_painel,True,ODAD2,59,35,0,0,0,,
OMIM:615453,"Mitochondrial complex III deficiency, nuclear type 6",snv_fora_do_painel,True,CYC1,2,2,0,0,0,,
OMIM:615457,"Obesity, susceptibility to, BMIQ18",sem_variante_patogenica,False,MRAP2,0,0,0,0,0,,
OMIM:615458,"Microcornea, myopic chorioretinal atrophy, and telecanthus",snv_fora_do_painel,True,ADAMTS18,10,9,0,0,0,,
OMIM:615465,Hartsfield syndrome,snv_fora_do_painel,True,FGFR1,11,10,0,0,0,,
OMIM:615468,Immunodeficiency 12,snv_fora_do_painel,True,MALT1,24,11,0,0,0,,
OMIM:615471,Mitochondrial DNA depletion syndrome 13 (encephalomyopathic type),snv_fora_do_painel,True,FBXL4,64,43,0,0,0,,
OMIM:615473,Developmental and epileptic encephalopathy 17,snv_fora_do_painel,True,GNAO1,41,36,0,0,0,,
OMIM:615474,"Primary aldosteronism, seizures, and neurologic abnormalities",snv_fora_do_painel,True,CACNA1D,5,5,0,0,0,,
OMIM:615476,Developmental and epileptic encephalopathy 18,snv_fora_do_painel,True,SZT2,48,35,0,0,0,,
OMIM:615481,"Ciliary dyskinesia, primary, 24",snv_fora_do_painel,True,RSPH1,9,8,0,0,0,,
OMIM:615482,"Ciliary dyskinesia, primary, 25",snv_fora_do_painel,True,DNAAF4,14,5,0,0,0,,
OMIM:615483,"Basal ganglia calcification, idiopathic, 5",snv_fora_do_painel,True,PDGFB,8,7,0,0,0,,
OMIM:615485,Bainbridge-Ropers syndrome,snv_fora_do_painel,True,ASXL3,154,55,0,0,0,,
OMIM:615486,Interstitial lung and liver disease,snv_fora_do_painel,True,MARS1,6,4,0,0,0,,
OMIM:615490,"Charcot-Marie-Tooth disease, axonal, type 2R",snv_fora_do_painel,True,TRIM2,5,2,0,0,0,,
OMIM:615491,"Spastic paraplegia 79, autosomal recessive",snv_fora_do_painel,True,UCHL1,6,5,0,0,0,,
OMIM:615493,"Intellectual developmental disorder, autosomal recessive 37",snv_fora_do_painel,True,ANK3,8,4,0,0,0,,
OMIM:615500,"Ciliary dyskinesia, primary, 26",snv_fora_do_painel,True,CFAP298,6,4,0,0,0,,
OMIM:615501,"Molybdenum cofactor deficiency, complementation group C",snv_fora_do_painel,True,GPHN,42,26,0,0,0,,
OMIM:615502,"Intellectual developmental disorder, autosomal dominant 21",snv_fora_do_painel,True,CTCF,54,31,0,0,0,,
OMIM:615503,"Short rib-polydactyly syndrome, type VI",snv_fora_do_painel,True,DYNC2I1,27,15,0,0,0,,
OMIM:615504,"Ciliary dyskinesia, primary, 27",snv_fora_do_painel,True,DRC2,20,10,0,0,0,,
OMIM:615505,"Ciliary dyskinesia, primary, 28",snv_fora_do_painel,True,SPAG1,57,21,0,0,0,,
OMIM:615506,"Telangiectasia, hereditary hemorrhagic, type 5",snv_fora_do_painel,True,GDF2,14,9,0,0,0,,
OMIM:615508,"Erythroderma, congenital, with palmoplantar keratoderma, hypotrichosis, and hyper-ige",snv_fora_do_painel,True,DSG1,7,6,0,0,0,,
OMIM:615510,"Alacrima, achalasia, and impaired intellectual development syndrome",snv_fora_do_painel,True,GMPPA,14,10,0,0,0,,
OMIM:615511,Myopathy due to myoadenylate deaminase deficiency,snv_fora_do_painel,True,AMPD1,4,3,0,0,0,,
OMIM:615512,Triosephosphate isomerase deficiency,snv_fora_do_painel,True,TPI1,8,6,0,0,0,,
OMIM:615513,Immunodeficiency 14,snv_fora_do_painel,True,PIK3CD,28,18,0,0,0,,
OMIM:615515,Amyotrophic lateral sclerosis 19,snv_fora_do_painel,True,ERBB4,2,2,0,0,0,,
OMIM:615516,"Intellectual developmental disorder, autosomal recessive 38",snv_fora_do_painel,True,HERC2,11,5,0,0,0,,
OMIM:615517,"Hemochromatosis, type 5",snv_fora_do_painel,True,FTH1,1,1,0,0,0,,
OMIM:615518,Immunodeficiency 13,sem_variante_patogenica,True,UNC119,0,0,0,0,0,,
OMIM:615522,Cole disease,snv_fora_do_painel,True,ENPP1,23,18,0,0,0,,
OMIM:615523,"Corneal dystrophy, fuchs endothelial, 8",sem_variante_patogenica,True,AGBL1,0,0,0,0,0,,
OMIM:615524,"Microphthalmia, syndromic 12",snv_fora_do_painel,True,RARB,20,17,0,0,0,,
OMIM:615527,"Candidiasis, familial, 8",snv_fora_do_painel,True,TRAF3IP2,19,11,0,0,0,,
OMIM:615528,"Parkinson disease 19a, juvenile-onset",snv_fora_do_painel,True,DNAJC6,11,9,0,0,0,,
OMIM:615529,"Craniosynostosis 5, susceptibility to",snv_fora_do_painel,False,ALX4,1,1,0,0,0,,
OMIM:615530,"Parkinson disease 20, early-onset",snv_fora_do_painel,True,SYNJ1,46,26,0,0,0,,
OMIM:615537,Reticulate acropigmentation of Kitamura,snv_fora_do_painel,True,ADAM10,4,3,0,0,0,,
OMIM:615539,"Ehlers-Danlos syndrome, musculocontractural type, 2",snv_fora_do_painel,True,DSE,8,6,0,0,0,,
OMIM:615540,"Deafness, autosomal recessive 76",snv_fora_do_painel,True,SYNE4,18,11,0,0,0,,
OMIM:615541,"Intellectual developmental disorder, autosomal recessive 39",snv_fora_do_painel,True,TTI2,7,7,0,0,0,,
OMIM:615542,Testicular anomalies with or without congenital heart disease,snv_fora_do_painel,True,GATA4,4,4,0,0,0,,
OMIM:615544,Periventricular nodular heterotopia 6,snv_fora_do_painel,True,ERMARD,2,2,0,0,0,,
OMIM:615546,Van maldergem syndrome 2,snv_fora_do_painel,True,FAT4,15,9,0,0,0,,
OMIM:615547,Schaaf-Yang syndrome,snv_fora_do_painel,True,MAGEL2,42,18,0,0,0,,
OMIM:615548,"Neuropathy, hereditary sensory and autonomic, type VII",snv_fora_do_painel,True,SCN11A,4,4,0,0,0,,
OMIM:615550,Diamond-Blackfan anemia 12,snv_fora_do_painel,True,RPL15,7,4,0,0,0,,
OMIM:615551,"Episodic pain syndrome, familial, 2",snv_fora_do_painel,True,SCN10A,1,1,0,0,0,,
OMIM:615552,"Episodic pain syndrome, familial, 3",snv_fora_do_painel,True,SCN11A,5,5,0,0,0,,
OMIM:615553,"Arthrogryposis, impaired intellectual development, and seizures",snv_fora_do_painel,True,SLC35A3,49,23,0,0,0,,
OMIM:615554,Multiple fibroadenomas of the breast,sem_variante_patogenica,True,PRLR,0,0,0,0,0,,
OMIM:615555,Hyperprolactinemia,snv_fora_do_painel,True,PRLR,3,3,0,0,0,,
OMIM:615558,"Hypobetalipoproteinemia, familial, 1",snv_fora_do_painel,True,APOB,167,88,0,0,0,,
OMIM:615559,"Autoimmune lymphoproliferative syndrome, type III",snv_fora_do_painel,True,PRKCD,19,14,0,0,0,,
OMIM:615560,Otofaciocervical syndrome 2,snv_fora_do_painel,True,PAX1,8,5,0,0,0,,
OMIM:615561,Complement factor B deficiency,snv_fora_do_painel,True,CFB,1,1,0,0,0,,
OMIM:615565,Retinitis pigmentosa 67,sem_snv,True,NEK2,1,0,0,0,0,,
OMIM:615573,"Nephrotic syndrome, type 9",snv_fora_do_painel,True,COQ8B,23,17,0,0,0,,
OMIM:615574,Asparagine synthetase deficiency,snv_fora_do_painel,True,ASNS,85,53,0,0,0,,
OMIM:615575,"Neuronopathy, distal hereditary motor, type IID",snv_fora_do_painel,True,FBXO38,2,2,0,0,0,,
OMIM:615577,"Immunodeficiency, common variable, 10",snv_fora_do_painel,True,NFKB2,12,3,0,0,0,,
OMIM:615578,Combined oxidative phosphorylation deficiency 18,snv_fora_do_painel,True,SFXN4,11,7,0,0,0,,
OMIM:615582,Loeys-Dietz syndrome 5,snv_fora_do_painel,True,TGFB3,58,32,0,0,0,,
OMIM:615583,Verheij syndrome,snv_fora_do_painel,True,PUF60,68,34,0,0,0,,
OMIM:615591,"Macular degeneration, age-related, 15, susceptibility to",snv_fora_do_painel,False,C9,6,2,0,0,0,,
OMIM:615592,Immunodeficiency 15,snv_fora_do_painel,True,IKBKB,27,19,0,0,0,,
OMIM:615593,Immunodeficiency 16,sem_variante_patogenica,True,TNFRSF4,0,0,0,0,0,,
OMIM:615595,Combined oxidative phosphorylation deficiency 19,snv_fora_do_painel,True,LYRM4,1,1,0,0,0,,
OMIM:615596,"Congenital disorder of glycosylation, type Iw",snv_fora_do_painel,True,STT3A,2,2,0,0,0,,
OMIM:615597,"Congenital disorder of glycosylation, type Ix",snv_fora_do_painel,True,STT3B,2,2,0,0,0,,
OMIM:615598,"Palmoplantar keratoderma, Nagashima type",snv_fora_do_painel,True,SERPINB7,7,3,0,0,0,,
OMIM:615599,"Neurodevelopmental disorder with feeding difficulties, thin corpus callosum, and foot deformity",snv_fora_do_painel,True,TAF2,4,4,0,0,0,,
OMIM:615604,"L-ferritin deficiency, dominant and recessive",snv_fora_do_painel,True,FTL,4,3,0,0,0,,
OMIM:615605,Fanconi renotubular syndrome 3,sem_variante_patogenica,True,EHHADH,0,0,0,0,0,,
OMIM:615607,Immunodeficiency 17,snv_fora_do_painel,True,CD3G,20,14,0,0,0,,
OMIM:615615,Immunodeficiency 18,snv_fora_do_painel,True,CD3E,19,15,0,0,0,,
OMIM:615616,"Arrhythmogenic right ventricular dysplasia, familial, 13",snv_fora_do_painel,True,CTNNA3,2,1,0,0,0,,
OMIM:615617,Immunodeficiency 19,snv_fora_do_painel,True,CD3D,16,11,0,0,0,,
OMIM:615625,"Spastic paraplegia 72, autosomal recessive",snv_fora_do_painel,True,REEP2,3,3,0,0,0,,
OMIM:615629,"Deafness, autosomal dominant 56",snv_fora_do_painel,True,TNC,4,4,0,0,0,,
OMIM:615630,Short-Rib thoracic dysplasia 10 with or without polydactyly,snv_fora_do_painel,True,IFT172,130,79,0,0,0,,
OMIM:615631,"Anemia, congenital dyserythropoietic, type Ib",snv_fora_do_painel,True,CDIN1,2,2,0,0,0,,
OMIM:615632,"Neuropathy, hereditary sensory, type IF",snv_fora_do_painel,True,ATL3,3,2,0,0,0,,
OMIM:615633,Short-Rib thoracic dysplasia 11 with or without polydactyly,snv_fora_do_painel,True,DYNC2I2,49,17,0,0,0,,
OMIM:615636,Joubert syndrome 21,snv_fora_do_painel,True,CSPP1,111,55,0,0,0,,
OMIM:615637,"Intellectual developmental disorder, autosomal recessive 41",snv_fora_do_painel,True,KPTN,21,10,0,0,0,,
OMIM:615643,Neurodegeneration with brain iron accumulation 6,snv_fora_do_painel,True,COASY,20,11,0,0,0,,
OMIM:615651,Leukoencephalopathy with ataxia,snv_fora_do_painel,True,CLCN2,22,12,0,0,0,,
OMIM:615658,"Spastic paraplegia 57, autosomal recessive",snv_fora_do_painel,True,TFG,4,4,0,0,0,,
OMIM:615663,Warburg micro syndrome 4,snv_fora_do_painel,True,TBC1D20,6,4,0,0,0,,
OMIM:615665,Joubert syndrome 22,snv_fora_do_painel,True,PDE6D,8,3,0,0,0,,
OMIM:615670,Schwannomatosis 2,snv_fora_do_painel,False,LZTR1,131,79,0,0,0,,
OMIM:615673,Myopathy with extrapyramidal signs,snv_fora_do_painel,True,MICU1,16,11,0,0,0,,
OMIM:615681,"Spastic paraplegia 62, autosomal recessive",snv_fora_do_painel,True,ERLIN1,2,1,0,0,0,,
OMIM:615683,"Spastic paraplegia 64, autosomal recessive",snv_fora_do_painel,True,ENTPD1,14,11,0,0,0,,
OMIM:615685,"Spastic paraplegia 61, autosomal recessive",snv_fora_do_painel,True,ARL6IP1,7,4,0,0,0,,
OMIM:615686,"Spastic paraplegia 63, autosomal recessive",snv_fora_do_painel,True,AMPD2,25,12,0,0,0,,
OMIM:615688,"Vasculitis, autoinflammation, immunodeficiency, and hematologic defects syndrome",snv_fora_do_painel,True,ADA2,80,58,0,0,0,,
OMIM:615696,Dowling-Degos disease 4,snv_fora_do_painel,True,POGLUT1,4,3,0,0,0,,
OMIM:615703,Morbid obesity and spermatogenic failure,sem_variante_patogenica,True,CEP19,0,0,0,0,0,,
OMIM:615704,"Poikiloderma, hereditary fibrosing, with tendon contractures, myopathy, and pulmonary fibrosis",snv_fora_do_painel,True,FAM111B,4,4,0,0,0,,
OMIM:615705,"Spinocerebellar ataxia, autosomal recessive 15",snv_fora_do_painel,True,RUBCN,3,2,0,0,0,,
OMIM:615706,Auriculocondylar syndrome 3,snv_fora_do_painel,True,EDN1,2,2,0,0,0,,
OMIM:615707,Immunodeficiency 20,sem_variante_patogenica,True,FCGR3A,0,0,0,0,0,,
OMIM:615709,Sacral agenesis with vertebral anomalies,snv_fora_do_painel,True,TBXT,1,1,0,0,0,,
OMIM:615710,Mitchell-Riley syndrome,snv_fora_do_painel,True,RFX6,15,12,0,0,0,,
OMIM:615715,Bone marrow failure syndrome 2,snv_fora_do_painel,True,ERCC6L2,15,7,0,0,0,,
OMIM:615716,Hyperphosphatasia with impaired intellectual development syndrome 4,snv_fora_do_painel,True,PGAP3,32,22,0,0,0,,
OMIM:615721,Renal hypodysplasia/aplasia 2,sem_snv,True,FGF20,1,0,0,0,0,,
OMIM:615722,Bosch-Boonstra-Schaaf optic atrophy syndrome,snv_fora_do_painel,True,NR2F1,62,49,0,0,0,,
OMIM:615723,Premature ovarian failure 8,snv_fora_do_painel,True,STAG3,13,7,0,0,0,,
OMIM:615724,Premature ovarian failure 9,snv_fora_do_painel,True,HFM1,14,9,0,0,0,,
OMIM:615725,Retinitis pigmentosa 68,snv_fora_do_painel,True,SLC7A14,2,2,0,0,0,,
OMIM:615726,Pachyonychia congenita 3,snv_fora_do_painel,True,KRT6A,21,20,0,0,0,,
OMIM:615728,Pachyonychia congenita 4,snv_fora_do_painel,True,KRT6B,4,3,0,0,0,,
OMIM:615731,Nemaline myopathy 9,snv_fora_do_painel,True,KLHL41,31,9,0,0,0,,
OMIM:615735,"Palmoplantar keratoderma, nonepidermolytic, focal or diffuse",snv_fora_do_painel,True,KRT6C,1,1,0,0,0,,
OMIM:615744,Developmental and epileptic encephalopathy 19,snv_fora_do_painel,True,GABRA1,25,23,0,0,0,,
OMIM:615745,Atrial standstill 2,sem_variante_patogenica,True,NPPA,0,0,0,0,0,,
OMIM:615750,Moyamoya disease 6 with achalasia,snv_fora_do_painel,True,GUCY1A1,9,7,0,0,0,,
OMIM:615751,Hyperammonemia due to carbonic anhydrase VA deficiency,snv_fora_do_painel,True,CA5A,9,7,0,0,0,,
OMIM:615752,"Cortical dysplasia, complex, with other brain malformations 14B, (bilateral perisylvian)",snv_fora_do_painel,True,ADGRG1,17,11,0,0,0,,
OMIM:615758,Immunodeficiency 22,snv_fora_do_painel,True,LCK,17,12,0,0,0,,
OMIM:615760,"Microcephaly, progressive, with seizures and cerebral and cerebellar atrophy",snv_fora_do_painel,True,QARS1,67,36,0,0,0,,
OMIM:615761,"Intellectual developmental disorder, autosomal dominant 23",snv_fora_do_painel,True,SETD5,145,71,0,0,0,,
OMIM:615763,"Cortical dysplasia, complex, with other brain malformations 5",snv_fora_do_painel,True,TUBB2A,15,15,0,0,0,,
OMIM:615767,"Immunodeficiency, common variable, 11",snv_fora_do_painel,True,IL21,1,1,0,0,0,,
OMIM:615768,"Spinocerebellar ataxia, autosomal recessive 16",snv_fora_do_painel,True,STUB1,23,18,0,0,0,,
OMIM:615770,"Atrial fibrillation, familial, 15",snv_fora_do_painel,True,NUP155,1,1,0,0,0,,
OMIM:615771,"Cortical dysplasia, complex, with other brain malformations 6",snv_fora_do_painel,True,TUBB,18,18,0,0,0,,
OMIM:615774,Oocyte maturation defect,snv_fora_do_painel,True,ZP1,14,10,0,0,0,,
OMIM:615777,Desbuquois dysplasia 2,snv_fora_do_painel,True,XYLT1,11,7,0,0,0,,
OMIM:615779,"Congenital heart defects, multiple types, 4",snv_fora_do_painel,True,NR2F2,21,12,0,0,0,,
OMIM:615780,Retinitis pigmentosa 69,snv_fora_do_painel,True,KIZ,10,4,0,0,0,,
OMIM:615785,White sponge nevus 2,snv_fora_do_painel,True,KRT13,2,2,0,0,0,,
OMIM:615789,Short stature with microcephaly and distinctive facies,snv_fora_do_painel,True,CRIPT,8,3,0,0,0,,
OMIM:615802,"Neurodevelopmental disorder with dysmorphic features, spasticity, and brain abnormalities",snv_fora_do_painel,True,PGAP1,31,20,0,0,0,,
OMIM:615803,"Pontocerebellar hypoplasia, type 10",snv_fora_do_painel,True,CLP1,4,3,0,0,0,,
OMIM:615807,Seckel syndrome 8,snv_fora_do_painel,True,DNA2,3,2,0,0,0,,
OMIM:615809,"Pontocerebellar hypoplasia, type 9",snv_fora_do_painel,True,AMPD2,37,23,0,0,0,,
OMIM:615812,Abdominal obesity-metabolic syndrome 3,snv_fora_do_painel,True,DYRK1B,3,3,0,0,0,,
OMIM:615816,Immunodeficiency 23,snv_fora_do_painel,True,PGM3,64,28,0,0,0,,
OMIM:615817,"Intellectual developmental disorder, autosomal recessive 43",snv_fora_do_painel,True,WASHC4,12,9,0,0,0,,
OMIM:615821,"Cardiomyopathy, dilated, with woolly hair, keratoderma, and tooth agenesis",snv_fora_do_painel,True,DSP,30,13,0,0,0,,
OMIM:615824,"Mitochondrial complex III deficiency, nuclear type 7",snv_fora_do_painel,True,UQCC2,2,2,0,0,0,,
OMIM:615828,Vulto-van Silfout-de Vries syndrome,snv_fora_do_painel,True,DEAF1,27,24,0,0,0,,
OMIM:615829,Xia-Gibbs syndrome,snv_fora_do_painel,True,AHDC1,97,33,0,0,0,,
OMIM:615830,"Pigmented nodular adrenocortical disease, primary, 4",sem_variante_patogenica,True,PRKACA,0,0,0,0,0,,
OMIM:615833,"Epileptic encephalopathy, early infantile, 21",snv_fora_do_painel,True,NECAP1,4,2,0,0,0,,
OMIM:615834,"Intellectual developmental disorder, autosomal dominant 26",snv_fora_do_painel,True,AUTS2,54,30,0,0,0,,
OMIM:615837,"Deafness, autosomal recessive 101",snv_fora_do_painel,True,GRXCR2,4,3,0,0,0,,
OMIM:615838,"Mitochondrial complex III deficiency, nuclear type 8",snv_fora_do_painel,True,LYRM7,11,6,0,0,0,,
OMIM:615841,Spermatogenic failure 13,snv_fora_do_painel,True,TAF4B,1,1,0,0,0,,
OMIM:615842,Spermatogenic failure 14,snv_fora_do_painel,True,ZMYND15,9,3,0,0,0,,
OMIM:615846,Aicardi-Goutieres syndrome 7,snv_fora_do_painel,True,IFIH1,33,33,0,0,0,,
OMIM:615848,"Melanoma, cutaneous malignant, susceptibility to, 10",snv_fora_do_painel,True,POT1,154,81,0,0,0,,
OMIM:615849,Culler-Jones syndrome,snv_fora_do_painel,True,GLI2,37,15,0,0,0,,
OMIM:615851,"Pontocerebellar hypoplasia, type 2E",snv_fora_do_painel,True,VPS53,14,10,0,0,0,,
OMIM:615859,Developmental and epileptic encephalopathy 23,snv_fora_do_painel,True,DOCK7,87,40,0,0,0,,
OMIM:615860,Cone-Rod dystrophy 19,snv_fora_do_painel,True,TTLL5,13,7,0,0,0,,
OMIM:615861,Familial idiopathic steroid-resistant nephrotic syndrome,snv_fora_do_painel,True,EMP2,3,2,0,0,0,,
OMIM:615862,Nephronophthisis 18,snv_fora_do_painel,True,CEP83,42,26,0,0,0,,
OMIM:615863,"Diarrhea 7, protein-losing Enteropathy type",snv_fora_do_painel,True,DGAT1,26,15,0,0,0,,
OMIM:615866,Intellectual developmental disorder with microcephaly and with or without ocular malformations or hypogonadotropic hypogonadism,snv_fora_do_painel,True,SOX11,43,38,0,0,0,,
OMIM:615871,"Epileptic encephalopathy, early infantile, 24",snv_fora_do_painel,True,HCN1,14,13,0,0,0,,
OMIM:615872,"Ciliary dyskinesia, primary, 29",snv_fora_do_painel,True,CCNO,20,5,0,0,0,,
OMIM:615873,Helsmoortel-van der Aa syndrome,snv_fora_do_painel,True,ADNP,84,29,0,0,0,,
OMIM:615877,Microphthalmia/coloboma and skeletal dysplasia syndrome,snv_fora_do_painel,True,MAB21L2,6,6,0,0,0,,
OMIM:615878,"Cholestasis, progressive familial intrahepatic 4",snv_fora_do_painel,True,TJP2,40,23,0,0,0,,
OMIM:615879,Tatton-Brown-Rahman syndrome,snv_fora_do_painel,True,DNMT3A,121,74,0,0,0,,
OMIM:615883,"Myopathy, tubular aggregate, 2",snv_fora_do_painel,True,ORAI1,14,9,0,0,0,,
OMIM:615885,Hypotrichosis 12,snv_fora_do_painel,True,RPL21,1,1,0,0,0,,
OMIM:615887,"Amelogenesis imperfecta, type IIA5",snv_fora_do_painel,True,SLC24A4,4,4,0,0,0,,
OMIM:615888,"Bleeding disorder, platelet-type, 18",snv_fora_do_painel,True,RASGRP2,10,7,0,0,0,,
OMIM:615889,"Leukoencephalopathy, progressive, with ovarian failure",snv_fora_do_painel,True,AARS2,20,13,0,0,0,,
OMIM:615895,Polyglucosan body myopathy 1 with or without immunodeficiency,snv_fora_do_painel,True,RBCK1,42,21,0,0,0,,
OMIM:615896,Hypotrichosis 13,snv_fora_do_painel,True,KRT71,1,1,0,0,0,,
OMIM:615897,Immunodeficiency 24,snv_fora_do_painel,True,CTPS1,1,1,0,0,0,,
OMIM:615905,"Epileptic encephalopathy, early infantile, 25, with amelogenesis imperfecta",snv_fora_do_painel,True,SLC13A5,51,31,0,0,0,,
OMIM:615907,Lymphatic malformation 4,snv_fora_do_painel,True,VEGFC,2,1,0,0,0,,
OMIM:615909,Diamond-Blackfan anemia 13,snv_fora_do_painel,True,RPS29,2,2,0,0,0,,
OMIM:615911,Frontotemporal dementia and/or amyotrophic lateral sclerosis 2,snv_fora_do_painel,True,CHCHD10,4,3,0,0,0,,
OMIM:615916,"Cardiomyopathy, dilated, 1nn",snv_fora_do_painel,True,RAF1,7,7,0,0,0,,
OMIM:615917,Combined oxidative phosphorylation deficiency 20,snv_fora_do_painel,True,VARS2,26,17,0,0,0,,
OMIM:615918,Combined oxidative phosphorylation deficiency 21,snv_fora_do_painel,True,TARS2,16,16,0,0,0,,
OMIM:615919,Ataxia-telangiectasia-like disorder 2,snv_fora_do_painel,True,PCNA,1,1,0,0,0,,
OMIM:615922,Retinitis pigmentosa 70,snv_fora_do_painel,True,PRPF4,1,1,0,0,0,,
OMIM:615923,"Epiphyseal chondrodysplasia, Miura type",snv_fora_do_painel,True,NPR2,50,36,0,0,0,,
OMIM:615924,"Encephalopathy, progressive, with or without lipodystrophy",snv_fora_do_painel,True,BSCL2,17,9,0,0,0,,
OMIM:615925,"Growth hormone deficiency, isolated partial",snv_fora_do_painel,True,GHSR,1,1,0,0,0,,
OMIM:615926,Webb-Dattani syndrome,snv_fora_do_painel,True,ARNT2,3,2,0,0,0,,
OMIM:615934,"STING-associated vasculopathy, infantile-onset",snv_fora_do_painel,True,STING1,11,11,0,0,0,,
OMIM:615935,Pancreatic agenesis 2,snv_fora_do_painel,True,PTF1A,3,2,0,0,0,,
OMIM:615937,Megalencephaly-Polymicrogyria-Polydactyly-Hydrocephalus syndrome 2,snv_fora_do_painel,True,AKT3,10,10,0,0,0,,
OMIM:615938,Megalencephaly-Polymicrogyria-Polydactyly-Hydrocephalus syndrome 3,snv_fora_do_painel,True,CCND2,10,10,0,0,0,,
OMIM:615942,"Intellectual developmental disorder, autosomal recessive 44",snv_fora_do_painel,True,METTL23,12,1,0,0,0,,
OMIM:615945,Spinocerebellar ataxia 37,sem_variante_patogenica,True,DAB1,0,0,0,0,0,,
OMIM:615946,"Myopia 24, autosomal dominant",snv_fora_do_painel,True,SLC39A5,2,2,0,0,0,,
OMIM:615947,"Hyperlipoproteinemia, type ID",snv_fora_do_painel,True,GPIHBP1,16,13,0,0,0,,
OMIM:615948,Orofaciodigital syndrome XIV,snv_fora_do_painel,True,C2CD3,19,12,0,0,0,,
OMIM:615952,"Autoimmune disease, multisystem, infantile-onset, 1",snv_fora_do_painel,True,STAT3,16,16,0,0,0,,
OMIM:615954,ACTH-independent macronodular adrenal hyperplasia 2,snv_fora_do_painel,False,ARMC5,17,11,0,0,0,,
OMIM:615957,Spinocerebellar ataxia 38,snv_fora_do_painel,True,ELOVL5,2,2,0,0,0,,
OMIM:615959,Centronuclear myopathy 5,snv_fora_do_painel,True,SPEG,14,6,0,0,0,,
OMIM:615960,Poretti-Boltshauser syndrome,snv_fora_do_painel,True,LAMA1,63,28,0,0,0,,
OMIM:615961,"Acid-labile subunit, deficiency of",snv_fora_do_painel,True,IGFALS,6,3,0,0,0,,
OMIM:615962,Glucocorticoid resistance,snv_fora_do_painel,True,NR3C1,12,9,0,0,0,,
OMIM:615963,Vesicoureteral reflux 8,snv_fora_do_painel,True,TNXB,59,26,0,0,0,,
OMIM:615966,Immunodeficiency 26 with or without neurologic abnormalities,snv_fora_do_painel,True,PRKDC,3,2,0,0,0,,
OMIM:615969,Alpha-Fetoprotein deficiency,snv_fora_do_painel,True,AFP,2,1,0,0,0,,
OMIM:615970,"Alpha-Fetoprotein, hereditary persistence of",sem_variante_patogenica,True,AFP,0,0,0,0,0,,
OMIM:615972,Nanophthalmos 4,snv_fora_do_painel,True,TMEM98,4,2,0,0,0,,
OMIM:615973,Cone-Rod dystrophy 20,snv_fora_do_painel,True,POC1B,14,7,0,0,0,,
OMIM:615974,"Deafness, autosomal recessive 102",snv_fora_do_painel,True,EPS8,9,9,0,0,0,,
OMIM:615978,Immunodeficiency 27B,sem_snv,True,IFNGR1,4,0,0,0,0,,
OMIM:615979,"Intellectual developmental disorder, autosomal recessive 45",snv_fora_do_painel,True,FBXO31,3,2,0,0,0,,
OMIM:615980,"Lipodystrophy, familial partial, type 6",snv_fora_do_painel,True,LIPE,4,3,0,0,0,,
OMIM:615981,Bardet-Biedl syndrome 2,snv_fora_do_painel,True,BBS2,137,76,0,0,0,,
OMIM:615982,Bardet-Biedl syndrome 4,snv_fora_do_painel,True,BBS4,76,48,0,0,0,,
OMIM:615983,Bardet-Biedl syndrome 5,snv_fora_do_painel,True,BBS5,38,24,0,0,0,,
OMIM:615984,Bardet-Biedl syndrome 7,snv_fora_do_painel,True,BBS7,68,36,0,0,0,,
OMIM:615985,Bardet-Biedl syndrome 8,snv_fora_do_painel,True,TTC8,23,12,0,0,0,,
OMIM:615986,Bardet-Biedl syndrome 9,snv_fora_do_painel,True,BBS9,72,49,0,0,0,,
OMIM:615987,Bardet-Biedl syndrome 10,snv_fora_do_painel,True,BBS10,143,51,0,0,0,,
OMIM:615988,Bardet-Biedl syndrome 11,snv_fora_do_painel,True,TRIM32,22,5,0,0,0,,
OMIM:615989,Bardet-Biedl syndrome 12,snv_fora_do_painel,True,BBS12,96,31,0,0,0,,
OMIM:615990,Bardet-Biedl syndrome 13,snv_fora_do_painel,True,MKS1,49,33,0,0,0,,
OMIM:615991,Bardet-Biedl syndrome 14,snv_fora_do_painel,True,CEP290;TMEM67,361,186,0,0,0,,
OMIM:615993,Bardet-Biedl syndrome 16,snv_fora_do_painel,True,SDCCAG8,76,49,0,0,0,,
OMIM:615994,Bardet-Biedl syndrome 17,snv_fora_do_painel,True,LZTFL1,10,8,0,0,0,,
OMIM:615995,Bardet-Biedl syndrome 18,snv_fora_do_painel,True,BBIP1,1,1,0,0,0,,
OMIM:615996,Bardet-Biedl syndrome 19,snv_fora_do_painel,True,IFT27,5,5,0,0,0,,
OMIM:615999,Familial dysalbuminemic hyperthyroxinemia,snv_fora_do_painel,True,ALB,2,2,0,0,0,,
OMIM:616000,Analbuminemia,snv_fora_do_painel,True,ALB,10,5,0,0,0,,
OMIM:616001,"Breasts and/or nipples, aplasia or hypoplasia of, 2",sem_snv,True,PTPRF,2,0,0,0,0,,
OMIM:616002,Focal segmental glomerulosclerosis 7,snv_fora_do_painel,True,PAX2,79,47,0,0,0,,
OMIM:616004,Congenital dysfibrinogenemia,snv_fora_do_painel,True,FGA;FGB;FGG,41,27,0,0,0,,
OMIM:616005,Immunodeficiency 36,snv_fora_do_painel,True,PIK3R1,34,23,0,0,0,,
OMIM:616006,Hennekam lymphangiectasia-lymphedema syndrome 2,snv_fora_do_painel,True,FAT4,13,6,0,0,0,,
OMIM:616007,"Cataracts, growth hormone deficiency, sensory neuropathy, sensorineural hearing loss, and skeletal dysplasia",snv_fora_do_painel,True,IARS2,9,6,0,0,0,,
OMIM:616022,"Neutropenia, severe congenital, 6, autosomal recessive",snv_fora_do_painel,True,JAGN1,2,2,0,0,0,,
OMIM:616025,Glycosylphosphatidylinositol biosynthesis defect 11,snv_fora_do_painel,True,PIGW,6,5,0,0,0,,
OMIM:616026,Fanconi renotubular syndrome 4 with maturity-onset diabetes of the young,snv_fora_do_painel,True,HNF4A,14,13,0,0,0,,
OMIM:616028,Adams-Oliver syndrome 5,snv_fora_do_painel,True,NOTCH1,93,54,0,0,0,,
OMIM:616029,Ectodermal dysplasia/short stature syndrome,snv_fora_do_painel,True,GRHL2,2,2,0,0,0,,
OMIM:616030,Hypogonadotropic hypogonadism 22 with or without anosmia,sem_variante_patogenica,True,FEZF1,0,0,0,0,0,,
OMIM:616032,Focal segmental glomerulosclerosis 8,snv_fora_do_painel,True,ANLN,2,2,0,0,0,,
OMIM:616033,"Microcephaly, short stature, and impaired glucose metabolism 1",snv_fora_do_painel,True,TRMT10A,14,8,0,0,0,,
OMIM:616034,"2,4-dienoyl-CoA reductase deficiency",snv_fora_do_painel,True,NADK2,2,2,0,0,0,,
OMIM:616037,"Ciliary dyskinesia, primary, 30",snv_fora_do_painel,True,ODAD3,34,22,0,0,0,,
OMIM:616038,Neu-Laxova syndrome 2,snv_fora_do_painel,True,PSAT1,30,18,0,0,0,,
OMIM:616039,"Charcot-Marie-Tooth disease, recessive intermediate D",sem_snv,True,COX6A1,1,0,0,0,0,,
OMIM:616040,"Myasthenic syndrome, congenital, 7, presynaptic",snv_fora_do_painel,True,SYT2,6,4,0,0,0,,
OMIM:616042,"Deafness, autosomal recessive 103",snv_fora_do_painel,True,CLIC5,2,1,0,0,0,,
OMIM:616044,"Deafness, autosomal dominant 65",snv_fora_do_painel,True,TBC1D24,70,47,0,0,0,,
OMIM:616045,Combined oxidative phosphorylation deficiency 22,snv_fora_do_painel,True,ATP5F1A,2,2,0,0,0,,
OMIM:616050,Autoinflammation with infantile enterocolitis,snv_fora_do_painel,True,NLRC4,7,6,0,0,0,,
OMIM:616051,"Microcephaly 13, primary, autosomal recessive",snv_fora_do_painel,True,CENPE,3,1,0,0,0,,
OMIM:616052,"Muscular dystrophy-dystroglycanopathy (limb-girdle), type C, 7",snv_fora_do_painel,True,CRPPA,36,17,0,0,0,,
OMIM:616053,Spinocerebellar ataxia 40,snv_fora_do_painel,True,CCDC88C,28,14,0,0,0,,
OMIM:616056,Developmental and epileptic encephalopathy 26,snv_fora_do_painel,True,KCNB1,71,66,0,0,0,,
OMIM:616059,Mirror movements 3,snv_fora_do_painel,True,DNAL4,1,1,0,0,0,,
OMIM:616063,"Porokeratosis 8, disseminated superficial Actinic type",snv_fora_do_painel,True,SLC17A9,1,1,0,0,0,,
OMIM:616067,"46,xy sex reversal 9",snv_fora_do_painel,True,ZFPM2,2,2,0,0,0,,
OMIM:616069,"Inflammatory skin and bowel disease, neonatal, 2",snv_fora_do_painel,True,EGFR,2,2,0,0,0,,
OMIM:616078,"Intellectual developmental disorder, autosomal dominant 29",snv_fora_do_painel,True,SETBP1,52,28,0,0,0,,
OMIM:616079,Retinal dystrophy with inner retinal dysfunction and ganglion cell abnormalities,snv_fora_do_painel,True,ITM2B,1,1,0,0,0,,
OMIM:616080,"Microcephaly 12, primary, autosomal recessive",snv_fora_do_painel,True,CDK6,1,1,0,0,0,,
OMIM:616081,"Pontocerebellar hypoplasia, type 1C",snv_fora_do_painel,True,EXOSC8,2,1,0,0,0,,
OMIM:616083,"Intellectual developmental disorder, autosomal dominant 30",snv_fora_do_painel,True,ZMYND11,49,30,0,0,0,,
OMIM:616084,"Sideroblastic anemia with B-cell immunodeficiency, periodic fevers, and developmental delay",snv_fora_do_painel,True,TRNT1,77,24,0,0,0,,
OMIM:616094,"Muscular dystrophy-dystroglycanopathy (limb-girdle), type C, 12",snv_fora_do_painel,True,POMK,23,9,0,0,0,,
OMIM:616095,Monocarboxylate transporter 1 deficiency,snv_fora_do_painel,True,SLC16A1,8,5,0,0,0,,
OMIM:616098,Immunodeficiency 37,snv_fora_do_painel,True,BCL10,6,4,0,0,0,,
OMIM:616099,Palmoplantar keratoderma and woolly hair,snv_fora_do_painel,True,KANK2,1,1,0,0,0,,
OMIM:616100,"Autoimmune lymphoproliferative syndrome, type V",snv_fora_do_painel,True,CTLA4,56,37,0,0,0,,
OMIM:616106,"Psoriasis 15, pustular, susceptibility to",sem_variante_patogenica,False,AP1S3,0,0,0,0,0,,
OMIM:616108,"Retinal dystrophy, juvenile cataracts, and short stature syndrome",snv_fora_do_painel,True,RDH11,3,3,0,0,0,,
OMIM:616111,"Mitochondrial complex III deficiency, nuclear type 9",snv_fora_do_painel,True,UQCC3,1,1,0,0,0,,
OMIM:616113,Polyendocrine-polyneuropathy syndrome,sem_snv,True,DMXL2,1,0,0,0,0,,
OMIM:616115,Familial cold autoinflammatory syndrome 4,snv_fora_do_painel,True,NLRC4,5,5,0,0,0,,
OMIM:616116,"Intellectual developmental disorder, autosomal recessive 46",snv_fora_do_painel,True,NDST1,4,4,0,0,0,,
OMIM:616117,Cardiac conduction disease with or without dilated cardiomyopathy,sem_variante_patogenica,True,TNNI3K,0,0,0,0,0,,
OMIM:616118,"Macular degeneration, early-onset",snv_fora_do_painel,True,FBN2,2,2,0,0,0,,
OMIM:616126,Immunodeficiency 38 with basal ganglia calcification,snv_fora_do_painel,True,ISG15,4,3,0,0,0,,
OMIM:616127,"Spinocerebellar ataxia, autosomal recessive 17",snv_fora_do_painel,True,CWF19L1,21,14,0,0,0,,
OMIM:616138,Perrault syndrome 5,snv_fora_do_painel,True,TWNK,8,5,0,0,0,,
OMIM:616139,Developmental and epileptic encephalopathy 27,posicao_alelo_diferente,True,GRIN2B,94,79,1,0,0,,
OMIM:616140,"Leukodystrophy, hypomyelinating, 9",snv_fora_do_painel,True,RARS1,13,8,0,0,0,,
OMIM:616145,Catel-Manzke syndrome,snv_fora_do_painel,True,TGDS,14,12,0,0,0,,
OMIM:616151,"Macular dystrophy, vitelliform, 4",snv_fora_do_painel,True,IMPG1,10,8,0,0,0,,
OMIM:616152,"Macular dystrophy, vitelliform, 5",snv_fora_do_painel,True,IMPG2,10,8,0,0,0,,
OMIM:616154,Peroxisomal fatty acyl-CoA reductase 1 disorder,snv_fora_do_painel,True,FAR1,6,5,0,0,0,,
OMIM:616155,"Charcot-Marie-Tooth disease, axonal, type 2S",snv_fora_do_painel,True,IGHMBP2,139,81,0,0,0,,
OMIM:616158,"Neurodevelopmental disorder with neonatal respiratory insufficiency, hypotonia, and feeding difficulties",snv_fora_do_painel,True,PURA,130,60,0,0,0,,
OMIM:616165,Nemaline myopathy 10,snv_fora_do_painel,True,LMOD3,45,20,0,0,0,,
OMIM:616166,"Aortic aneurysm, familial thoracic 9",sem_variante_patogenica,True,MFAP5,0,0,0,0,0,,
OMIM:616170,Macular dystrophy with central cone involvement,snv_fora_do_painel,True,MFSD8,25,23,0,0,0,,
OMIM:616171,"Microcephaly and chorioretinopathy, autosomal recessive, 2",snv_fora_do_painel,True,PLK4,4,1,0,0,0,,
OMIM:616172,"Generalized epilepsy with febrile seizures plus, type 9",snv_fora_do_painel,True,STX1B,56,33,0,0,0,,
OMIM:616176,"Bleeding disorder, platelet-type, 19",sem_variante_patogenica,True,PRKACG,0,0,0,0,0,,
OMIM:616185,Ovarian dysgenesis 4,snv_fora_do_painel,True,MCM9,9,7,0,0,0,,
OMIM:616187,"Epilepsy, progressive myoclonic 7",snv_fora_do_painel,True,KCNC1,13,10,0,0,0,,
OMIM:616188,Retinal dystrophy and obesity,snv_fora_do_painel,True,TUB,3,1,0,0,0,,
OMIM:616192,"Ataxia, combined cerebellar and peripheral, with hearing loss and diabetes mellitus",snv_fora_do_painel,True,DNAJC3,9,6,0,0,0,,
OMIM:616193,"Intellectual developmental disorder, autosomal recessive 47",snv_fora_do_painel,True,FMN2,12,7,0,0,0,,
OMIM:616198,Combined oxidative phosphorylation deficiency 23,snv_fora_do_painel,True,GTPBP3,15,10,0,0,0,,
OMIM:616199,Polyglucosan body myopathy 2,snv_fora_do_painel,True,GYG1,36,20,0,0,0,,
OMIM:616200,Ruijs-Aalfs syndrome,snv_fora_do_painel,True,SPRTN,3,1,0,0,0,,
OMIM:616201,Chronic atrial and intestinal dysrhythmia,snv_fora_do_painel,True,SGO1,1,1,0,0,0,,
OMIM:616202,Cerebellofaciodental syndrome,snv_fora_do_painel,True,BRF1,5,3,0,0,0,,
OMIM:616204,"Spinocerebellar ataxia, autosomal recessive 18",snv_fora_do_painel,True,GRID2,4,4,0,0,0,,
OMIM:616208,Amyotrophic lateral sclerosis 22 with or without frontotemporal dementia,snv_fora_do_painel,True,TUBA4A,7,6,0,0,0,,
OMIM:616209,"Myopathy, isolated mitochondrial, autosomal dominant",snv_fora_do_painel,True,CHCHD10,5,4,0,0,0,,
OMIM:616211,Developmental and epileptic encephalopathy 28,snv_fora_do_painel,True,WWOX,45,34,0,0,0,,
OMIM:616212,"Lissencephaly 6, with microcephaly",snv_fora_do_painel,True,KATNB1,10,8,0,0,0,,
OMIM:616214,Hyperproinsulinemia,snv_fora_do_painel,True,INS,9,9,0,0,0,,
OMIM:616216,Thrombocytopenia 5,snv_fora_do_painel,True,ETV6,15,10,0,0,0,,
OMIM:616217,Nephronophthisis 19,snv_fora_do_painel,True,DCDC2,16,8,0,0,0,,
OMIM:616219,"Fibrosis of extraocular muscles, congenital, 5",snv_fora_do_painel,True,COL25A1,8,6,0,0,0,,
OMIM:616220,Focal segmental glomerulosclerosis 9,snv_fora_do_painel,True,CRB2,18,12,0,0,0,,
OMIM:616221,"Amelogenesis imperfecta, type IH",snv_fora_do_painel,True,ITGB6,10,9,0,0,0,,
OMIM:616224,"Myasthenic syndrome, congenital, 22",snv_fora_do_painel,True,PREPL,50,28,0,0,0,,
OMIM:616227,"Myasthenic syndrome, congenital, 15",snv_fora_do_painel,True,ALG14,1,1,0,0,0,,
OMIM:616228,"Myasthenic syndrome, congenital, 14",snv_fora_do_painel,True,ALG2,6,3,0,0,0,,
OMIM:616229,"Osteogenesis imperfecta, type XVI",snv_fora_do_painel,True,CREB3L1,9,6,0,0,0,,
OMIM:616230,"Epilepsy, progressive myoclonic, 8",snv_fora_do_painel,True,CERS1,2,1,0,0,0,,
OMIM:616231,"Myopathy, vacuolar, with CASQ1 aggregates",snv_fora_do_painel,True,CASQ1,2,2,0,0,0,,
OMIM:616239,Combined oxidative phosphorylation deficiency 24,snv_fora_do_painel,True,NARS2,23,17,0,0,0,,
OMIM:616247,Long QT syndrome 14,snv_fora_do_painel,True,CALM1,13,13,0,0,0,,
OMIM:616248,Lethal congenital contracture syndrome 6,sem_variante_patogenica,True,ZBTB42,0,0,0,0,0,,
OMIM:616249,Long QT syndrome 15,snv_fora_do_painel,True,CALM2,12,12,0,0,0,,
OMIM:616255,Short stature with nonspecific skeletal abnormalities,snv_fora_do_painel,True,NPR2,5,3,0,0,0,,
OMIM:616258,Meckel syndrome 12,snv_fora_do_painel,True,KIF14,15,6,0,0,0,,
OMIM:616260,Tenorio syndrome,snv_fora_do_painel,True,RNF125,1,1,0,0,0,,
OMIM:616263,"Neurologic, endocrine, and pancreatic disease, multisystem, infantile-onset",snv_fora_do_painel,True,PTRH2,6,4,0,0,0,,
OMIM:616266,"Congenital contractures of the limbs and face, hypotonia, and developmental delay",snv_fora_do_painel,True,NALCN,68,64,0,0,0,,
OMIM:616267,Ataxia-oculomotor apraxia 4,snv_fora_do_painel,True,PNKP,14,5,0,0,0,,
OMIM:616268,Arboleda-Tham syndrome,snv_fora_do_painel,True,KAT6A,106,50,0,0,0,,
OMIM:616269,"Intellectual developmental disorder, autosomal recessive 48",snv_fora_do_painel,True,SLC6A17,2,2,0,0,0,,
OMIM:616270,"Amelogenesis imperfecta, type IF",snv_fora_do_painel,True,AMBN,2,1,0,0,0,,
OMIM:616271,"3-Methylglutaconic aciduria with cataracts, neurologic involvement, and neutropenia",snv_fora_do_painel,True,CLPB,40,25,0,0,0,,
OMIM:616276,"Coenzyme Q10 deficiency, primary, 7",snv_fora_do_painel,True,COQ4,34,26,0,0,0,,
OMIM:616277,Mitochondrial short-chain enoyl-coa hydratase 1 deficiency,snv_fora_do_painel,True,ECHS1,41,36,0,0,0,,
OMIM:616278,"Bile acid synthesis defect, congenital, 5",sem_snv,True,ABCD3,1,0,0,0,0,,
OMIM:616279,Cataract 43,snv_fora_do_painel,True,UNC45B,1,1,0,0,0,,
OMIM:616280,"Charcot-Marie-Tooth disease, axonal, type 2U",sem_variante_patogenica,True,MARS1,0,0,0,0,0,,
OMIM:616281,Neurodevelopmental disorder with microcephaly and spastic paraplegia,snv_fora_do_painel,True,GPT2,14,9,0,0,0,,
OMIM:616282,"Spastic paraplegia 73, autosomal dominant",snv_fora_do_painel,True,CPT1C,13,10,0,0,0,,
OMIM:616286,Lethal congenital contracture syndrome 7,snv_fora_do_painel,True,CNTNAP1,10,5,0,0,0,,
OMIM:616287,Lethal congenital contracture syndrome 8,snv_fora_do_painel,True,ADCY6,3,3,0,0,0,,
OMIM:616289,Optic atrophy 9,snv_fora_do_painel,True,ACO2,7,4,0,0,0,,
OMIM:616291,Lichtenstein-Knorr syndrome,snv_fora_do_painel,True,SLC9A1,3,1,0,0,0,,
OMIM:616294,Cole-Carpenter syndrome 2,snv_fora_do_painel,True,SEC24D,18,13,0,0,0,,
OMIM:616295,"Peeling skin with leukonychia, acral punctate keratoses, cheilitis, and knuckle pads",snv_fora_do_painel,True,CAST,8,5,0,0,0,,
OMIM:616298,Singleton-Merten syndrome 2,snv_fora_do_painel,True,RIGI,2,2,0,0,0,,
OMIM:616299,Lipoyltransferase 1 deficiency,snv_fora_do_painel,True,LIPT1,6,6,0,0,0,,
OMIM:616300,Short-Rib thoracic dysplasia 13 with or without polydactyly,snv_fora_do_painel,True,CEP120,29,20,0,0,0,,
OMIM:616304,"Myasthenic syndrome, congenital, 17",snv_fora_do_painel,True,LRP4,29,21,0,0,0,,
OMIM:616307,Senior-Loken syndrome 8,snv_fora_do_painel,True,WDR19,117,76,0,0,0,,
OMIM:616311,"Intellectual developmental disorder, autosomal dominant 33",snv_fora_do_painel,True,DPP6,3,3,0,0,0,,
OMIM:616313,"Myasthenic syndrome, congenital, 2A, slow-channel",snv_fora_do_painel,True,CHRNB1,22,12,0,0,0,,
OMIM:616314,"Myasthenic syndrome, congenital, 2C, associated with acetylcholine receptor deficiency",snv_fora_do_painel,True,CHRNB1,6,3,0,0,0,,
OMIM:616321,"Myasthenic syndrome, congenital, 3A, slow-channel",snv_fora_do_painel,True,CHRND,4,3,0,0,0,,
OMIM:616322,"Myasthenic syndrome, congenital, 3B, fast-channel",snv_fora_do_painel,True,CHRND,10,6,0,0,0,,
OMIM:616323,"Myasthenic syndrome, congenital, 3C, associated with acetylcholine receptor deficiency",snv_fora_do_painel,True,CHRND,6,3,0,0,0,,
OMIM:616324,"Myasthenic syndrome, congenital, 4B, fast-channel",snv_fora_do_painel,True,CHRNE,60,30,0,0,0,,
OMIM:616325,"Myasthenic syndrome, congenital, 9, associated with acetylcholine receptor deficiency",snv_fora_do_painel,True,MUSK,66,41,0,0,0,,
OMIM:616326,"Myasthenic syndrome, congenital, 11, associated with acetylcholine receptor deficiency",snv_fora_do_painel,True,RAPSN,86,56,0,0,0,,
OMIM:616329,"Maturity-onset diabetes of the young, type 13",snv_fora_do_painel,True,KCNJ11,9,8,0,0,0,,
OMIM:616330,"Myasthenic syndrome, congenital, 18",snv_fora_do_painel,True,SNAP25,15,13,0,0,0,,
OMIM:616331,"Robinow syndrome, autosomal dominant 2",snv_fora_do_painel,True,DVL1,26,8,0,0,0,,
OMIM:616335,"Microcephaly and chorioretinopathy, autosomal recessive, 3",snv_fora_do_painel,True,TUBGCP4,7,4,0,0,0,,
OMIM:616339,"Epileptic encephalopathy, early infantile, 29",snv_fora_do_painel,True,AARS1,13,9,0,0,0,,
OMIM:616340,"Deafness, autosomal dominant 67",sem_snv,True,OSBPL2,5,0,0,0,0,,
OMIM:616341,"Epileptic encephalopathy, early infantile, 30",snv_fora_do_painel,True,SIK1,7,6,0,0,0,,
OMIM:616342,Lissencephaly 7 with cerebellar hypoplasia,snv_fora_do_painel,True,CDK5,2,2,0,0,0,,
OMIM:616345,Immunodeficiency 39,sem_snv,True,IRF7,1,0,0,0,0,,
OMIM:616346,"Epileptic encephalopathy, early infantile, 31",snv_fora_do_painel,True,DNM1,45,36,0,0,0,,
OMIM:616351,"Neurodevelopmental disorder with hypotonia, speech delay, and dysmorphic facies",snv_fora_do_painel,True,CERT1,7,7,0,0,0,,
OMIM:616353,"Dyskeratosis congenita, autosomal recessive 6",snv_fora_do_painel,True,PARN,64,39,0,0,0,,
OMIM:616354,"Spinocerebellar ataxia, autosomal recessive 20",snv_fora_do_painel,True,SNX14,26,20,0,0,0,,
OMIM:616355,Houge-Janssens syndrome 1,snv_fora_do_painel,True,PPP2R5D,21,20,0,0,0,,
OMIM:616357,"Deafness, autosomal dominant 40",sem_variante_patogenica,True,CRYM,0,0,0,0,0,,
OMIM:616362,Houge-Janssens syndrome 2,snv_fora_do_painel,True,PPP2R1A,20,19,0,0,0,,
OMIM:616364,White-Sutton syndrome,snv_fora_do_painel,True,POGZ,109,48,0,0,0,,
OMIM:616366,"Epileptic encephalopathy, early infantile, 32",snv_fora_do_painel,True,KCNA2,46,41,0,0,0,,
OMIM:616367,Mandibulofacial dysostosis with alopecia,sem_variante_patogenica,True,EDNRA,0,0,0,0,0,,
OMIM:616368,CHOPS syndrome,snv_fora_do_painel,True,AFF4,6,6,0,0,0,,
OMIM:616370,Multiple mitochondrial dysfunctions syndrome 4,snv_fora_do_painel,True,ISCA2,3,2,0,0,0,,
OMIM:616371,"Pulmonary fibrosis and/or bone marrow failure, telomere-related, 4",snv_fora_do_painel,True,PARN,64,40,0,0,0,,
OMIM:616373,"Pulmonary fibrosis and/or bone marrow failure, telomere-related, 3",snv_fora_do_painel,True,RTEL1,192,111,0,0,0,,
OMIM:616389,"Night blindness, congenital stationary, type 1G",snv_fora_do_painel,True,GNAT1,4,3,0,0,0,,
OMIM:616390,"Trichothiodystrophy 2, photosensitive",snv_fora_do_painel,True,ERCC3,18,12,0,0,0,,
OMIM:616393,"Intellectual developmental disorder, autosomal dominant 38",snv_fora_do_painel,True,EEF1A2,12,12,0,0,0,,
OMIM:616394,Retinitis pigmentosa 71,snv_fora_do_painel,True,IFT172,132,82,0,0,0,,
OMIM:616395,"Trichothiodystrophy 3, photosensitive",snv_fora_do_painel,True,GTF2H5,6,6,0,0,0,,
OMIM:616398,"Dystonia 26, myoclonic",snv_fora_do_painel,True,KCTD17,4,3,0,0,0,,
OMIM:616399,Brugada syndrome 9,snv_fora_do_painel,True,KCND3,1,1,0,0,0,,
OMIM:616400,"Palmoplantar keratoderma, nonepidermolytic, focal 2",snv_fora_do_painel,True,TRPV3,3,3,0,0,0,,
OMIM:616402,"Microcephaly 14, primary, autosomal recessive",snv_fora_do_painel,True,SASS6,6,4,0,0,0,,
OMIM:616409,Developmental and epileptic encephalopathy 33,snv_fora_do_painel,True,EEF1A2,20,19,0,0,0,,
OMIM:616410,Spinocerebellar ataxia 41,sem_variante_patogenica,True,TRPC3,0,0,0,0,0,,
OMIM:616411,Dystonia 27,snv_fora_do_painel,True,COL6A3,7,6,0,0,0,,
OMIM:616413,"Basal ganglia calcification, idiopathic, 6",snv_fora_do_painel,True,XPR1,5,5,0,0,0,,
OMIM:616414,"Autoimmune interstitial lung, joint, and kidney disease",snv_fora_do_painel,False,COPA,1,1,0,0,0,,
OMIM:616415,Familial adenomatous polyposis 3,snv_fora_do_painel,True,NTHL1,65,30,0,0,0,,
OMIM:616418,"Hypomagnesemia, seizures, and impaired intellectual development 1",snv_fora_do_painel,True,CNNM2,23,17,0,0,0,,
OMIM:616420,"Leukodystrophy, hypomyelinating, 10",snv_fora_do_painel,True,PYCR2,25,17,0,0,0,,
OMIM:616421,Myoclonic-atonic epilepsy,snv_fora_do_painel,True,SLC6A1,134,100,0,0,0,,
OMIM:616425,"46,XY sex reversal 10",sem_variante_patogenica,True,SOX9,0,0,0,0,0,,
OMIM:616428,"Microphthalmia, isolated, with coloboma 10",snv_fora_do_painel,True,RBP4,3,3,0,0,0,,
OMIM:616430,Combined oxidative phosphorylation deficiency 25,snv_fora_do_painel,True,MARS2,3,2,0,0,0,,
OMIM:616433,Immunodeficiency 40,snv_fora_do_painel,True,DOCK2,29,19,0,0,0,,
OMIM:616435,"Fanconi anemia, complementation group T",snv_fora_do_painel,True,UBE2T,5,2,0,0,0,,
OMIM:616436,"Epilepsy, familial temporal lobe, 7",snv_fora_do_painel,False,RELN,73,46,0,0,0,,
OMIM:616437,Frontotemporal dementia and/or amyotrophic lateral sclerosis 3,snv_fora_do_painel,True,SQSTM1,2,1,0,0,0,,
OMIM:616439,Frontotemporal dementia and/or amyotrophic lateral sclerosis 4,snv_fora_do_painel,True,TBK1,73,40,0,0,0,,
OMIM:616445,"Candidiasis, familial, 9",snv_fora_do_painel,True,IL17RC,6,4,0,0,0,,
OMIM:616449,Basel-Vanagaite-Smirin-Yosef syndrome,snv_fora_do_painel,True,MED25,4,3,0,0,0,,
OMIM:616451,"Spastic paraplegia 74, autosomal recessive",snv_fora_do_painel,True,IBA57,20,12,0,0,0,,
OMIM:616452,B-cell expansion with NFKB and T-cell anergy,snv_fora_do_painel,True,CARD11,33,26,0,0,0,,
OMIM:616455,Zimmermann-Laband syndrome 2,snv_fora_do_painel,True,ATP6V1B2,11,11,0,0,0,,
OMIM:616457,Developmental and epileptic encephalopathy 50,snv_fora_do_painel,True,CAD,19,12,0,0,0,,
OMIM:616459,Al-Raqad syndrome,snv_fora_do_painel,True,DCPS,5,5,0,0,0,,
OMIM:616460,"Intellectual developmental disorder, autosomal recessive 50",snv_fora_do_painel,True,EDC3,2,1,0,0,0,,
OMIM:616461,"Epilepsy, familial temporal lobe, 8",snv_fora_do_painel,True,GAL,1,1,0,0,0,,
OMIM:616462,"Acrofacial dysostosis, Cincinnati type",snv_fora_do_painel,True,POLR1A,6,4,0,0,0,,
OMIM:616468,Exudative vitreoretinopathy 6,snv_fora_do_painel,True,ZNF408,2,2,0,0,0,,
OMIM:616469,Retinitis pigmentosa 72,snv_fora_do_painel,True,ZNF408,3,2,0,0,0,,
OMIM:616470,Ullrich congenital muscular dystrophy 2,snv_fora_do_painel,True,COL12A1,97,56,0,0,0,,
OMIM:616471,Bethlem myopathy 2,snv_fora_do_painel,True,COL12A1,102,59,0,0,0,,
OMIM:616479,"Progressive external ophthalmoplegia with mitochondrial DNA deletions, autosomal recessive 2",snv_fora_do_painel,True,RNASEH1,3,3,0,0,0,,
OMIM:616481,"Ciliary dyskinesia, primary, 32",snv_fora_do_painel,True,RSPH3,27,13,0,0,0,,
OMIM:616482,"Achondroplasia, severe, with developmental delay and acanthosis nigricans",snv_fora_do_painel,True,FGFR3,2,2,0,0,0,,
OMIM:616483,Infantile liver failure syndrome 2,snv_fora_do_painel,True,NBAS,64,43,0,0,0,,
OMIM:616486,"Neurodevelopmental disorder with progressive microcephaly, spasticity, and brain abnormalities",snv_fora_do_painel,True,MFSD2A,6,4,0,0,0,,
OMIM:616487,Epidermolysis bullosa simplex with nail dystrophy,snv_fora_do_painel,True,PLEC,94,66,0,0,0,,
OMIM:616488,"Neuropathy, hereditary sensory and autonomic, type VIII",snv_fora_do_painel,True,PRDM12,15,9,0,0,0,,
OMIM:616489,Silver-Russell syndrome 3,snv_fora_do_painel,True,IGF2,12,8,0,0,0,,
OMIM:616490,Joubert syndrome 23,snv_fora_do_painel,True,KIAA0586,139,78,0,0,0,,
OMIM:616491,"Charcot-Marie-Tooth disease, axonal, type 2V",snv_fora_do_painel,True,NAGLU,227,148,0,0,0,,
OMIM:616494,"Leukodystrophy, hypomyelinating, 11",snv_fora_do_painel,True,POLR1C,40,26,0,0,0,,
OMIM:616500,"Cardioencephalomyopathy, fatal infantile, due to cytochrome c oxidase deficiency 3",snv_fora_do_painel,True,COA5,1,1,0,0,0,,
OMIM:616501,"Mitochondrial complex IV deficiency, nuclear type 13",snv_fora_do_painel,True,COA6,3,2,0,0,0,,
OMIM:616502,Cone-rod dystrophy 21,snv_fora_do_painel,True,DRAM2,7,5,0,0,0,,
OMIM:616503,Lethal congenital contracture syndrome 9,snv_fora_do_painel,True,ADGRG6,8,5,0,0,0,,
OMIM:616505,"Neuropathy, hereditary motor and sensory, type VIB",snv_fora_do_painel,True,SLC25A46,25,16,0,0,0,,
OMIM:616507,"Osteogenesis imperfecta, type XVII",snv_fora_do_painel,True,SPARC,3,3,0,0,0,,
OMIM:616509,Cataract 44,snv_fora_do_painel,True,LSS,5,5,0,0,0,,
OMIM:616511,"Maturity-onset diabetes of the young, type 14",snv_fora_do_painel,False,APPL1,2,2,0,0,0,,
OMIM:616515,"Deafness, autosomal recessive 104",snv_fora_do_painel,True,RIPOR2,4,3,0,0,0,,
OMIM:616516,"Emery-Dreifuss muscular dystrophy 3, autosomal recessive",snv_fora_do_painel,True,LMNA,1,1,0,0,0,,
OMIM:616517,Achromatopsia 7,snv_fora_do_painel,True,ATF6,19,12,0,0,0,,
OMIM:616521,"Intellectual developmental disorder, autosomal dominant 39",snv_fora_do_painel,True,MYT1L,63,47,0,0,0,,
OMIM:616531,"Polymicrogyria, perisylvian, with cerebellar hypoplasia and arthrogryposis",alelo_patogenico_ensaiado,True,PI4KA,28,20,1,1,0,2,580
OMIM:616532,"Encephalopathy, acute, infection-induced (herpes-specific), susceptibility to, 7",sem_variante_patogenica,False,IRF3,0,0,0,0,0,,
OMIM:616534,"Thyroid cancer, nonmedullary, 4",snv_fora_do_painel,False,FOXE1,1,1,0,0,0,,
OMIM:616535,"Thyroid cancer, nonmedullary, 5",sem_variante_patogenica,False,HABP2,0,0,0,0,0,,
OMIM:616538,"Muscular dystrophy-dystroglycanopathy (congenital with brain and eye anomalies), type A, 9",snv_fora_do_painel,True,DAG1,9,4,0,0,0,,
OMIM:616539,"Peripheral neuropathy with variable spasticity, exercise intolerance, and developmental delay",snv_fora_do_painel,True,TRMT5,3,2,0,0,0,,
OMIM:616540,"Epilepsy, progressive myoclonic, 9",snv_fora_do_painel,True,LMNB2,1,1,0,0,0,,
OMIM:616541,"Short stature, microcephaly, and endocrine dysfunction",snv_fora_do_painel,True,XRCC4,15,12,0,0,0,,
OMIM:616544,Retinitis pigmentosa 73,snv_fora_do_painel,True,HGSNAT,126,76,0,0,0,,
OMIM:616546,Short-Rib thoracic dysplasia 14 with polydactyly,snv_fora_do_painel,True,KIAA0586,126,69,0,0,0,,
OMIM:616549,"Klippel-Feil syndrome 4, autosomal recessive, with myopathy and facial dysmorphism",snv_fora_do_painel,True,MYO18B,33,19,0,0,0,,
OMIM:616553,"Dyskeratosis congenita, autosomal dominant 6",sem_snv,True,ACD,5,0,0,0,0,,
OMIM:616559,Noonan syndrome 9,snv_fora_do_painel,True,SOS2,10,10,0,0,0,,
OMIM:616562,Retinitis pigmentosa 74,snv_fora_do_painel,True,BBS2,58,34,0,0,0,,
OMIM:616564,Noonan syndrome 10,snv_fora_do_painel,True,LZTR1,50,37,0,0,0,,
OMIM:616566,"Spondylocostal dysostosis 6, autosomal recessive",sem_variante_patogenica,True,RIPPLY2,0,0,0,0,0,,
OMIM:616570,Cerebrooculofacioskeletal syndrome 3,snv_fora_do_painel,True,ERCC5,26,8,0,0,0,,
OMIM:616576,"Immunodeficiency, common variable, 12",snv_fora_do_painel,True,NFKB1,32,18,0,0,0,,
OMIM:616577,"Neurodevelopmental disorder with hearing loss, seizures, and brain abnormalities",snv_fora_do_painel,True,AFG2A,89,55,0,0,0,,
OMIM:616579,"Intellectual developmental disorder, autosomal dominant 40",snv_fora_do_painel,True,CHAMP1,28,9,0,0,0,,
OMIM:616580,Au-Kline syndrome,snv_fora_do_painel,True,HNRNPK,51,28,0,0,0,,
OMIM:616583,"Spondyloepiphyseal dysplasia, Stanescu type",snv_fora_do_painel,True,COL2A1,8,8,0,0,0,,
OMIM:616586,"Spastic paraplegia 9B, autosomal recessive",snv_fora_do_painel,True,ALDH18A1,10,9,0,0,0,,
OMIM:616589,Adams-Oliver syndrome 6,snv_fora_do_painel,True,DLL4,17,17,0,0,0,,
OMIM:616592,Kosaki overgrowth syndrome,snv_fora_do_painel,True,PDGFRB,8,8,0,0,0,,
OMIM:616602,Craniosynostosis 6,snv_fora_do_painel,True,ZIC1,2,2,0,0,0,,
OMIM:616603,"Cutis laxa, autosomal dominant 3",snv_fora_do_painel,True,ALDH18A1,35,24,0,0,0,,
OMIM:616617,Heimler syndrome 2,snv_fora_do_painel,True,PEX6,92,41,0,0,0,,
OMIM:616622,Immunodeficiency 42,snv_fora_do_painel,True,RORC,12,10,0,0,0,,
OMIM:616625,"Charcot-Marie-Tooth disease, axonal, type 2W",snv_fora_do_painel,True,HARS1,5,4,0,0,0,,
OMIM:616629,Senior-Loken syndrome 9,snv_fora_do_painel,True,IFT54,9,5,0,0,0,,
OMIM:616631,"Porokeratosis 9, multiple types",snv_fora_do_painel,True,FDPS,3,2,0,0,0,,
OMIM:616632,"Seizures, cortical blindness, and microcephaly syndrome",snv_fora_do_painel,True,DIAPH1,45,26,0,0,0,,
OMIM:616636,Immunodeficiency 44,snv_fora_do_painel,True,STAT2,34,19,0,0,0,,
OMIM:616638,Smith-Kingsmore syndrome,snv_fora_do_painel,True,MTOR,24,23,0,0,0,,
OMIM:616640,"Epilepsy, progressive myoclonic, 10",snv_fora_do_painel,True,PRDM8,1,1,0,0,0,,
OMIM:616645,"Epileptic encephalopathy, early infantile, 34",snv_fora_do_painel,True,SLC12A5,45,27,0,0,0,,
OMIM:616647,"Epileptic encephalopathy, early infantile, 35",snv_fora_do_painel,True,ITPA,22,13,0,0,0,,
OMIM:616649,"Spherocytosis, type 2",snv_fora_do_painel,True,SPTB,100,68,0,0,0,,
OMIM:616651,Roifman syndrome,snv_fora_do_painel,True,RNU4ATAC,13,13,0,0,0,,
OMIM:616654,Joubert syndrome 24,snv_fora_do_painel,True,TCTN2,34,18,0,0,0,,
OMIM:616657,"Spastic tetraplegia, thin corpus callosum, and progressive microcephaly",snv_fora_do_painel,True,SLC1A4,18,12,0,0,0,,
OMIM:616668,"Charcot-Marie-Tooth disease, axonal, type 2X",snv_fora_do_painel,True,SPG11,110,49,0,0,0,,
OMIM:616669,Immunodeficiency 45,sem_snv,True,IFNAR2,4,0,0,0,0,,
OMIM:616672,Combined oxidative phosphorylation deficiency 27,snv_fora_do_painel,True,CARS2,6,3,0,0,0,,
OMIM:616680,"Spastic paraplegia 75, autosomal recessive",posicao_alelo_diferente,True,MAG,14,9,1,0,0,,
OMIM:616681,"Microcephaly 16, primary, autosomal recessive",snv_fora_do_painel,True,ANKLE2,7,5,0,0,0,,
OMIM:616682,"Seizures, scoliosis, and macrocephaly/microcephaly syndrome",snv_fora_do_painel,True,EXT2,12,10,0,0,0,,
OMIM:616683,"Leukodystrophy, hypomyelinating, 12",snv_fora_do_painel,True,VPS11,2,1,0,0,0,,
OMIM:616684,"Charcot-Marie-Tooth disease, type 4K",snv_fora_do_painel,True,SURF1,44,17,0,0,0,,
OMIM:616685,"Epilepsy, idiopathic generalized, susceptibility to, 14",snv_fora_do_painel,False,SLC12A5,1,1,0,0,0,,
OMIM:616687,"Charcot-Marie-Tooth disease, axonal, type 2Y",snv_fora_do_painel,True,VCP,5,5,0,0,0,,
OMIM:616688,"Charcot-Marie-Tooth disease, axonal, type 2Z",snv_fora_do_painel,True,MORC2,21,21,0,0,0,,
OMIM:616689,Dehydrated hereditary stomatocytosis 2,snv_fora_do_painel,True,KCNN4,3,3,0,0,0,,
OMIM:616697,"Deafness, autosomal dominant 69",snv_fora_do_painel,True,KITLG,1,1,0,0,0,,
OMIM:616705,"Deafness, autosomal recessive 97",snv_fora_do_painel,True,MET,2,2,0,0,0,,
OMIM:616707,"Deafness, autosomal dominant 68",snv_fora_do_painel,True,HOMER2,5,2,0,0,0,,
OMIM:616708,Desanto-Shinawi syndrome,snv_fora_do_painel,True,WAC,63,28,0,0,0,,
OMIM:616710,"Parkinson disease 22, autosomal dominant",snv_fora_do_painel,True,CHCHD2,2,2,0,0,0,,
OMIM:616716,"Rhizomelic chondrodysplasia punctata, type 5",snv_fora_do_painel,True,PEX5,15,8,0,0,0,,
OMIM:616719,"Spinocerebellar ataxia, autosomal recessive 21",snv_fora_do_painel,True,SCYL1,25,16,0,0,0,,
OMIM:616720,"Myasthenic syndrome, congenital, 19",snv_fora_do_painel,True,COL13A1,23,14,0,0,0,,
OMIM:616721,"Congenital disorder of glycosylation, type IIN",snv_fora_do_painel,True,SLC39A8,5,4,0,0,0,,
OMIM:616722,Retinal dystrophy and iris coloboma with or without congenital cataract,snv_fora_do_painel,True,MIR204,1,1,0,0,0,,
OMIM:616723,"Spondyloepimetaphyseal dysplasia, Faden-Alkuraya type",snv_fora_do_painel,True,RSPRY1,5,2,0,0,0,,
OMIM:616724,"Tooth agenesis, selective, 7",snv_fora_do_painel,True,LRP6,21,14,0,0,0,,
OMIM:616726,"Ciliary dyskinesia, primary, 33",snv_fora_do_painel,True,DRC4,21,15,0,0,0,,
OMIM:616728,"Cleft palate, psychomotor retardation, and distinctive facial features",snv_fora_do_painel,True,KDM1A,5,5,0,0,0,,
OMIM:616730,"Nephrotic syndrome, type 11",snv_fora_do_painel,True,NUP107,7,5,0,0,0,,
OMIM:616732,"Optic atrophy 10 with or without ataxia, impaired intellectual development and seizures",snv_fora_do_painel,True,RTN4IP1,10,9,0,0,0,,
OMIM:616733,"Coenzyme Q10 deficiency, primary, 8",snv_fora_do_painel,True,COQ7,8,4,0,0,0,,
OMIM:616734,"Skin creases, congenital symmetric circumferential, 2",snv_fora_do_painel,True,MAPRE2,7,6,0,0,0,,
OMIM:616736,"Tremor, hereditary essential, 5",snv_fora_do_painel,True,TENM4,2,2,0,0,0,,
OMIM:616737,Takenouchi-Kosaki syndrome,snv_fora_do_painel,True,CDC42,11,11,0,0,0,,
OMIM:616738,Radioulnar synostosis with amegakaryocytic thrombocytopenia 2,snv_fora_do_painel,True,MECOM,13,10,0,0,0,,
OMIM:616739,"Intellectual developmental disorder, autosomal recessive 51",snv_fora_do_painel,True,HNMT,3,3,0,0,0,,
OMIM:616740,Immunodeficiency 46,snv_fora_do_painel,True,TFRC,1,1,0,0,0,,
OMIM:616744,"Autoinflammatory syndrome, familial, Behcet-like",snv_fora_do_painel,True,TNFAIP3,25,13,0,0,0,,
OMIM:616749,"Heterotaxy, visceral, 7, autosomal",snv_fora_do_painel,True,MMP21,18,10,0,0,0,,
OMIM:616756,Spastic paraplegia and psychomotor retardation with or without seizures,snv_fora_do_painel,True,HACE1,25,17,0,0,0,,
OMIM:616760,"Woolly hair, autosomal recessive 3",snv_fora_do_painel,True,KRT25,3,2,0,0,0,,
OMIM:616763,Leukodystrophy and acquired microcephaly with or without dystonia,snv_fora_do_painel,True,PLEKHG2,3,1,0,0,0,,
OMIM:616777,Seckel syndrome 9,snv_fora_do_painel,True,TRAIP,3,3,0,0,0,,
OMIM:616779,"Cerebral arteriopathy, autosomal dominant, with subcortical infarcts and leukoencephalopathy, type 2",snv_fora_do_painel,True,HTRA1,22,17,0,0,0,,
OMIM:616780,Oocyte maturation defect 2,snv_fora_do_painel,True,TUBB8,30,26,0,0,0,,
OMIM:616781,Joubert syndrome 25,snv_fora_do_painel,True,CEP104,31,18,0,0,0,,
OMIM:616784,Joubert syndrome 26,snv_fora_do_painel,True,KATNIP,20,11,0,0,0,,
OMIM:616788,Orofacial cleft 15,sem_variante_patogenica,True,DLX4,0,0,0,0,0,,
OMIM:616789,Impaired intellectual development and distinctive facial features with or without cardiac defects,snv_fora_do_painel,True,MED13L,143,56,0,0,0,,
OMIM:616794,Combined oxidative phosphorylation deficiency 28,snv_fora_do_painel,True,SLC25A26,7,7,0,0,0,,
OMIM:616795,Spinocerebellar ataxia 42,snv_fora_do_painel,True,CACNA1G,8,8,0,0,0,,
OMIM:616801,"Hypotonia, infantile, with psychomotor retardation and characteristic facies 2",snv_fora_do_painel,True,UNC80,47,35,0,0,0,,
OMIM:616803,Lamb-Shaffer syndrome,snv_fora_do_painel,True,SOX5,58,40,0,0,0,,
OMIM:616806,Wilms tumor 6,sem_snv,False,REST,1,0,0,0,0,,
OMIM:616809,Hyperphosphatasia with impaired intellectual development syndrome 6,snv_fora_do_painel,True,PIGY,2,2,0,0,0,,
OMIM:616811,Combined oxidative phosphorylation deficiency 29,snv_fora_do_painel,True,TXN2,1,1,0,0,0,,
OMIM:616812,"Muscular dystrophy, limb-girdle, autosomal recessive 25",snv_fora_do_painel,True,POPDC1,8,6,0,0,0,,
OMIM:616814,Preimplantation embryonic lethality 1,snv_fora_do_painel,True,TLE6,6,3,0,0,0,,
OMIM:616816,"Hypotonia, infantile, with psychomotor retardation",snv_fora_do_painel,True,CCDC174,1,1,0,0,0,,
OMIM:616817,"Microcephaly, short stature, and impaired glucose metabolism 2",sem_variante_patogenica,True,PPP1R15B,0,0,0,0,0,,
OMIM:616818,"Iga nephropathy, susceptibility to, 3",sem_variante_patogenica,False,SPRY2,0,0,0,0,0,,
OMIM:616819,"Corpus callosum, agenesis of, with facial anomalies and cerebellar ataxia",snv_fora_do_painel,True,FRMD4A,3,1,0,0,0,,
OMIM:616827,"Muscular dystrophy, limb-girdle, type 2W",snv_fora_do_painel,True,LIMS2,3,2,0,0,0,,
OMIM:616828,"Congenital disorder of glycosylation, type IIO",snv_fora_do_painel,True,VMA22,4,3,0,0,0,,
OMIM:616829,"Congenital disorder of glycosylation, type IIp",snv_fora_do_painel,True,VMA12,5,4,0,0,0,,
OMIM:616831,Luscan-Lumish syndrome,snv_fora_do_painel,True,SETD2,33,16,0,0,0,,
OMIM:616833,Paget disease of bone 6,snv_fora_do_painel,True,ZNF687,1,1,0,0,0,,
OMIM:616834,"Microcephaly, congenital cataract, and psoriasiform dermatitis",snv_fora_do_painel,True,MSMO1,3,3,0,0,0,,
OMIM:616835,Meier-Gorlin syndrome 6,snv_fora_do_painel,True,GMNN,3,2,0,0,0,,
OMIM:616839,"Exercise intolerance, riboflavin-responsive",sem_variante_patogenica,True,SLC25A32,0,0,0,0,0,,
OMIM:616840,"Parkinson disease 23, autosomal recessive early-onset",snv_fora_do_painel,True,VPS13C,29,21,0,0,0,,
OMIM:616843,"Lymphedema, hereditary, III",snv_fora_do_painel,True,PIEZO1,49,35,0,0,0,,
OMIM:616849,"Brachydactyly, type A1, D",snv_fora_do_painel,True,BMPR1B,3,3,0,0,0,,
OMIM:616851,Cataract 45,snv_fora_do_painel,True,SIPA1L3,2,1,0,0,0,,
OMIM:616852,"Myopathy, scapulohumeroperoneal",snv_fora_do_painel,True,ACTA1,12,12,0,0,0,,
OMIM:616854,Even-Plus syndrome,snv_fora_do_painel,True,HSPA9,2,2,0,0,0,,
OMIM:616858,Cowden syndrome 7,snv_fora_do_painel,True,SEC23B,75,46,0,0,0,,
OMIM:616859,"Spasticity, childhood-onset, with hyperglycinemia",snv_fora_do_painel,True,GLRX5,4,2,0,0,0,,
OMIM:616860,"Anemia, sideroblastic, 3, pyridoxine-refractory",snv_fora_do_painel,True,GLRX5,5,5,0,0,0,,
OMIM:616863,Chromosome 16p13.2 deletion syndrome,snv_fora_do_painel,True,USP7,10,7,0,0,0,,
OMIM:616866,Spinal muscular atrophy with congenital bone fractures 1,snv_fora_do_painel,True,TRIP4,11,9,0,0,0,,
OMIM:616867,Spinal muscular atrophy with congenital bone fractures 2,snv_fora_do_painel,True,ASCC1,15,12,0,0,0,,
OMIM:616868,"Diarrhea 8, secretory sodium, congenital",snv_fora_do_painel,True,SLC9A3,11,6,0,0,0,,
OMIM:616871,"Myeloproliferative/lymphoproliferative neoplasms, familial (multiple types), susceptibility to",snv_fora_do_painel,False,DDX41,56,29,0,0,0,,
OMIM:616873,"Immunodeficiency, common variable, 13",snv_fora_do_painel,True,IKZF1,7,6,0,0,0,,
OMIM:616875,"Cerebellar atrophy, visual impairment, and psychomotor retardation",snv_fora_do_painel,True,EMC1,22,18,0,0,0,,
OMIM:616878,"Metabolic encephalomyopathic crises, recurrent, with rhabdomyolysis, cardiac arrhythmias, and neurodegeneration",snv_fora_do_painel,True,TANGO2,18,14,0,0,0,,
OMIM:616881,"Leukodystrophy, hypomyelinating, 13",snv_fora_do_painel,True,HIKESHI,3,2,0,0,0,,
OMIM:616882,"Advanced sleep phase syndrome, familial, 3",sem_variante_patogenica,True,PER3,0,0,0,0,0,,
OMIM:616887,"Intellectual developmental disorder, autosomal recessive 52",snv_fora_do_painel,True,LMAN2L,2,2,0,0,0,,
OMIM:616890,Split-Foot malformation with mesoaxial polydactyly,posicao_alelo_diferente,True,MAP3K20,3,2,1,0,0,,
OMIM:616892,"Nephrotic syndrome, type 12",snv_fora_do_painel,True,NUP93,11,8,0,0,0,,
OMIM:616893,"Nephrotic syndrome, type 13",snv_fora_do_painel,True,NUP205,2,2,0,0,0,,
OMIM:616894,"Robinow syndrome, autosomal dominant 3",snv_fora_do_painel,True,DVL3,13,5,0,0,0,,
OMIM:616896,Mitochondrial DNA depletion syndrome 14 (encephalocardiomyopathic type),snv_fora_do_painel,True,OPA1,5,3,0,0,0,,
OMIM:616897,"Osteochondrodysplasia, complex lethal, Symoens-Barnes-Gistelinck type",snv_fora_do_painel,True,TAPT1,4,4,0,0,0,,
OMIM:616900,"Hypotonia, infantile, with psychomotor retardation and characteristic facies 3",snv_fora_do_painel,True,TBCK,68,36,0,0,0,,
OMIM:616901,"Developmental delay with short stature, dysmorphic features, and sparse hair",snv_fora_do_painel,True,DPH1,10,8,0,0,0,,
OMIM:616907,"Spastic paraplegia 76, autosomal recessive",snv_fora_do_painel,True,CAPN1,23,19,0,0,0,,
OMIM:616910,Immunodeficiency-Centromeric instability-facial anomalies syndrome 3,snv_fora_do_painel,True,CDCA7,2,2,0,0,0,,
OMIM:616911,Immunodeficiency-centromeric instability-facial anomalies syndrome 4,snv_fora_do_painel,True,HELLS,7,4,0,0,0,,
OMIM:616913,"Bleeding disorder, platelet-type, 20",snv_fora_do_painel,True,SLFN14,3,3,0,0,0,,
OMIM:616914,Marfan lipodystrophy syndrome,snv_fora_do_painel,True,FBN1,18,10,0,0,0,,
OMIM:616917,"Neurodevelopmental disorder with or without hypotonia, seizures, and cerebellar atrophy",snv_fora_do_painel,True,PIGG,78,37,0,0,0,,
OMIM:616920,Heart and brain malformation syndrome,snv_fora_do_painel,True,SMG9,4,2,0,0,0,,
OMIM:616921,"Dyskinesia, limb and orofacial, infantile-onset",snv_fora_do_painel,True,PDE10A,10,6,0,0,0,,
OMIM:616922,"Striatal degeneration, autosomal dominant 2",snv_fora_do_painel,True,PDE10A,3,3,0,0,0,,
OMIM:616924,"Charcot-Marie-Tooth disease, axonal, type 2CC",snv_fora_do_painel,True,NEFH,6,1,0,0,0,,
OMIM:616937,Thrombocytopenia 6,snv_fora_do_painel,True,SRC,1,1,0,0,0,,
OMIM:616938,Coffin-Siris syndrome 5,snv_fora_do_painel,True,SMARCE1,7,6,0,0,0,,
OMIM:616939,"Chorea, childhood-onset, with psychomotor retardation",snv_fora_do_painel,True,GPR88,1,1,0,0,0,,
OMIM:616941,"Agammaglobulinemia 8, autosomal dominant",snv_fora_do_painel,True,TCF3,3,2,0,0,0,,
OMIM:616943,"Trichothiodystrophy 6, nonphotosensitive",snv_fora_do_painel,True,GTF2E2,2,2,0,0,0,,
OMIM:616944,"Intellectual developmental disorder, autosomal dominant 41",snv_fora_do_painel,True,TBL1XR1,39,29,0,0,0,,
OMIM:616946,Premature ovarian failure 11,snv_fora_do_painel,True,ERCC6,2,2,0,0,0,,
OMIM:616947,Premature ovarian failure 12,snv_fora_do_painel,True,SYCE1,3,3,0,0,0,,
OMIM:616948,"Spinocerebellar ataxia, autosomal recessive 22",snv_fora_do_painel,True,VWA3B,11,5,0,0,0,,
OMIM:616949,"Spinocerebellar ataxia, autosomal recessive 23",snv_fora_do_painel,True,TDP2,6,3,0,0,0,,
OMIM:616950,Spermatogenic failure 15,snv_fora_do_painel,True,SYCE1,3,3,0,0,0,,
OMIM:616954,You-Hoover-Fong syndrome,snv_fora_do_painel,True,TELO2,14,9,0,0,0,,
OMIM:616959,Retinitis pigmentosa and erythrocytic microcytosis,snv_fora_do_painel,True,TRNT1,8,4,0,0,0,,
OMIM:616963,"Hypercalcemia, infantile 2",snv_fora_do_painel,True,SLC34A1,28,16,0,0,0,,
OMIM:616968,"Deafness, autosomal dominant 70",sem_variante_patogenica,True,MCM2,0,0,0,0,0,,
OMIM:616969,"Deafness, autosomal dominant 66",sem_variante_patogenica,True,CD164,0,0,0,0,0,,
OMIM:616973,"Intellectual developmental disorder, autosomal dominant 42",snv_fora_do_painel,True,GNB1,36,33,0,0,0,,
OMIM:616974,Combined oxidative phosphorylation deficiency 30,snv_fora_do_painel,True,TRMT10C,1,1,0,0,0,,
OMIM:616975,"Neurodevelopmental disorder with or without anomalies of the brain, eye, or heart",snv_fora_do_painel,True,RERE,43,23,0,0,0,,
OMIM:616977,"Intellectual developmental disorder, autosomal dominant 43",snv_fora_do_painel,True,HIVEP2,43,22,0,0,0,,
OMIM:616981,"Epileptic encephalopathy, early infantile, 37",snv_fora_do_painel,True,FRRS1L,37,16,0,0,0,,
OMIM:616994,"Craniofacial dysmorphism, skeletal anomalies, and impaired intellectual development syndrome 2",snv_fora_do_painel,True,RAB5IF,1,1,0,0,0,,
OMIM:617004,Polycystic liver disease 2,snv_fora_do_painel,True,SEC63,33,19,0,0,0,,
OMIM:617006,"Autoimmune disease, multisystem, infantile-onset, 2",snv_fora_do_painel,True,ZAP70,2,1,0,0,0,,
OMIM:617008,"Cerebral palsy, spastic quadriplegic, 3",snv_fora_do_painel,True,ADD3,1,1,0,0,0,,
OMIM:617011,"Macrocephaly, dysmorphic facies, and psychomotor retardation",snv_fora_do_painel,True,HERC1,15,10,0,0,0,,
OMIM:617013,Hypermanganesemia with dystonia 2,snv_fora_do_painel,True,SLC39A14,11,9,0,0,0,,
OMIM:617014,"Neutropenia, severe congenital, 7, autosomal recessive",snv_fora_do_painel,True,CSF3R,42,24,0,0,0,,
OMIM:617017,"Charcot-Marie-Tooth disease, axonal, type 2T",snv_fora_do_painel,True,MME,40,30,0,0,0,,
OMIM:617018,Spinocerebellar ataxia 43,snv_fora_do_painel,True,MME,9,7,0,0,0,,
OMIM:617020,"Epileptic encephalopathy, early infantile, 38",snv_fora_do_painel,True,ARV1,10,3,0,0,0,,
OMIM:617021,"Hydrops, lactic acidosis, and sideroblastic anemia",snv_fora_do_painel,True,LARS2,12,12,0,0,0,,
OMIM:617022,Lethal congenital contracture syndrome 10,snv_fora_do_painel,True,NEK9,5,4,0,0,0,,
OMIM:617023,Retinitis pigmentosa 75,snv_fora_do_painel,True,AGBL5,6,3,0,0,0,,
OMIM:617024,"Night blindness, congenital stationary, type 1H",snv_fora_do_painel,True,GNB3,2,1,0,0,0,,
OMIM:617025,"Nevus comedonicus, somatic",sem_variante_patogenica,True,NEK9,0,0,0,0,0,,
OMIM:617026,"Pontocerebellar hypoplasia, type 2F",snv_fora_do_painel,True,TSEN15,2,2,0,0,0,,
OMIM:617027,"Hyperaldosteronism, familial, type IV",snv_fora_do_painel,True,CACNA1H,2,2,0,0,0,,
OMIM:617028,"Intellectual developmental disorder, autosomal recessive 54",snv_fora_do_painel,True,TNIK,1,1,0,0,0,,
OMIM:617030,"Myopathy, distal, 5",snv_fora_do_painel,True,ADSS1,10,4,0,0,0,,
OMIM:617035,Patent ductus arteriosus 2,snv_fora_do_painel,True,TFAP2B,4,3,0,0,0,,
OMIM:617039,Patent ductus arteriosus 3,snv_fora_do_painel,True,PRDM6,3,3,0,0,0,,
OMIM:617041,Duane retraction syndrome 3 with or without deafness,snv_fora_do_painel,True,MAFB,5,1,0,0,0,,
OMIM:617044,"Short stature, developmental delay, and congenital heart defects",snv_fora_do_painel,True,TKT,4,3,0,0,0,,
OMIM:617046,"Spastic paraplegia 77, autosomal recessive",snv_fora_do_painel,True,FARS2,7,5,0,0,0,,
OMIM:617047,"Cardiomyopathy, familial hypertrophic, 26",snv_fora_do_painel,True,FLNC,491,214,0,0,0,,
OMIM:617049,"Cholestasis, progressive familial intrahepatic, 5",snv_fora_do_painel,True,NR1H4,9,6,0,0,0,,
OMIM:617050,Hermansky-Pudlak syndrome 10,sem_snv,True,AP3D1,1,0,0,0,0,,
OMIM:617051,Neurodevelopmental disorder with microcephaly and gray sclerae,snv_fora_do_painel,True,PUS3,8,2,0,0,0,,
OMIM:617052,Bone marrow failure syndrome 3,snv_fora_do_painel,True,DNAJC21,19,12,0,0,0,,
OMIM:617053,Mirage syndrome,snv_fora_do_painel,True,SAMD9,15,15,0,0,0,,
OMIM:617054,"Striatonigral degeneration, childhood-onset",snv_fora_do_painel,True,VAC14,7,7,0,0,0,,
OMIM:617055,PERCHING syndrome,snv_fora_do_painel,True,KLHL7,14,10,0,0,0,,
OMIM:617056,"Tubulointerstitial kidney disease, autosomal dominant, 5",snv_fora_do_painel,True,SEC61A1,4,4,0,0,0,,
OMIM:617061,"Intellectual developmental disorder, autosomal dominant 44, with microcephaly",snv_fora_do_painel,True,TRIO,67,42,0,0,0,,
OMIM:617062,Okur-Chung neurodevelopmental syndrome,snv_fora_do_painel,True,CSNK2A1,52,45,0,0,0,,
OMIM:617063,Meier-Gorlin syndrome 7,snv_fora_do_painel,True,CDC45,9,6,0,0,0,,
OMIM:617065,"Epileptic encephalopathy, early infantile, 40",snv_fora_do_painel,True,GUF1,1,1,0,0,0,,
OMIM:617066,"Muscular dystrophy, congenital, Davignon-Chauveau type",snv_fora_do_painel,True,TRIP4,2,1,0,0,0,,
OMIM:617068,"Portal hypertension, noncirrhotic",snv_fora_do_painel,True,DGUOK,12,8,0,0,0,,
OMIM:617069,"Progressive external ophthalmoplegia with mitochondrial DNA deletions, autosomal recessive 3",snv_fora_do_painel,True,TK2,17,12,0,0,0,,
OMIM:617070,"Progressive external ophthalmoplegia with mitochondrial DNA deletions, autosomal recessive 4",snv_fora_do_painel,True,DGUOK,16,11,0,0,0,,
OMIM:617072,"Muscular dystrophy, limb-girdle, type 2Y",snv_fora_do_painel,True,TOR1AIP1,24,16,0,0,0,,
OMIM:617073,"Tooth agenesis, selective, 8",snv_fora_do_painel,True,WNT10B,2,2,0,0,0,,
OMIM:617075,"Nasopharyngeal carcinoma, susceptibility to, 3",sem_variante_patogenica,False,MST1R,0,0,0,0,0,,
OMIM:617080,"Seizures, benign familial infantile, 5",snv_fora_do_painel,True,SCN8A,27,25,0,0,0,,
OMIM:617082,"Congenital disorder of glycosylation, type IAA",snv_fora_do_painel,True,NUS1,36,17,0,0,0,,
OMIM:617086,Encephalopathy due to defective mitochondrial and peroxisomal fission 2,snv_fora_do_painel,True,MFF,11,6,0,0,0,,
OMIM:617087,"Charcot-Marie-Tooth disease, axonal, type 2A2B",snv_fora_do_painel,True,MFN2,18,14,0,0,0,,
OMIM:617088,Short-rib thoracic dysplasia 15 with polydactyly,snv_fora_do_painel,True,DYNC2LI1,15,10,0,0,0,,
OMIM:617090,"Microcephaly 17, primary, autosomal recessive",snv_fora_do_painel,True,CIT,13,11,0,0,0,,
OMIM:617091,"Ciliary dyskinesia, primary, 34",snv_fora_do_painel,True,DNAJB13,4,3,0,0,0,,
OMIM:617092,"Ciliary dyskinesia, primary, 35",snv_fora_do_painel,True,ODAD4,9,5,0,0,0,,
OMIM:617093,"Growth retardation, impaired intellectual development, hypotonia, and hepatopathy",snv_fora_do_painel,True,IARS1,15,11,0,0,0,,
OMIM:617099,"Autoinflammation, panniculitis, and dermatosis syndrome",snv_fora_do_painel,True,OTULIN,8,7,0,0,0,,
OMIM:617100,Familial adenomatous polyposis 4,snv_fora_do_painel,True,MSH3,221,93,0,0,0,,
OMIM:617101,Intellectual developmental disorder with persistence of fetal hemoglobin,snv_fora_do_painel,True,BCL11A,46,21,0,0,0,,
OMIM:617102,Short-Rib thoracic dysplasia 16 with or without polydactyly,snv_fora_do_painel,True,IFT52,7,5,0,0,0,,
OMIM:617105,"Epileptic encephalopathy, early infantile, 41",snv_fora_do_painel,True,SLC1A2,8,7,0,0,0,,
OMIM:617106,"Epileptic encephalopathy, early infantile, 42",snv_fora_do_painel,True,CACNA1A,304,195,0,0,0,,
OMIM:617107,Thauvin-Robinet-Faivre syndrome,snv_fora_do_painel,True,FIBP,4,1,0,0,0,,
OMIM:617108,Sessile serrated polyposis cancer syndrome,snv_fora_do_painel,True,RNF43,5,2,0,0,0,,
OMIM:617111,"Macular dystrophy, patterned, 3",snv_fora_do_painel,True,MAPKAPK3,1,1,0,0,0,,
OMIM:617113,"Epileptic encephalopathy, early infantile, 43",snv_fora_do_painel,True,GABRB3,32,32,0,0,0,,
OMIM:617114,"Myopathy, myofibrillar, 7",snv_fora_do_painel,True,KY,9,4,0,0,0,,
OMIM:617115,Peeling skin syndrome 5,snv_fora_do_painel,True,SERPINB8,4,3,0,0,0,,
OMIM:617116,"Epilepsy, familial focal, with variable foci 2",snv_fora_do_painel,True,NPRL2,16,12,0,0,0,,
OMIM:617118,"Epilepsy, familial focal, with variable foci 3",snv_fora_do_painel,True,NPRL3,118,57,0,0,0,,
OMIM:617119,Bardet-Biedl syndrome 22,snv_fora_do_painel,True,IFT74,6,4,0,0,0,,
OMIM:617120,Joubert syndrome 27,snv_fora_do_painel,True,B9D1,5,4,0,0,0,,
OMIM:617121,Joubert syndrome 28,snv_fora_do_painel,True,MKS1,36,25,0,0,0,,
OMIM:617123,Retinitis pigmentosa 76,snv_fora_do_painel,True,POMGNT1,44,33,0,0,0,,
OMIM:617125,"Intellectual developmental disorder, autosomal recessive 56",snv_fora_do_painel,True,ZC3H14,1,1,0,0,0,,
OMIM:617126,Alazami-Yuan syndrome,snv_fora_do_painel,True,TAF6,2,2,0,0,0,,
OMIM:617127,Orofaciodigital syndrome XV,snv_fora_do_painel,True,KIAA0753,6,5,0,0,0,,
OMIM:617132,Developmental and epileptic encephalopathy 44,snv_fora_do_painel,True,UBA5,22,17,0,0,0,,
OMIM:617133,"Spinocerebellar ataxia, autosomal recessive 24",snv_fora_do_painel,True,UBA5,5,5,0,0,0,,
OMIM:617137,Frontometaphyseal dysplasia 2,snv_fora_do_painel,True,MAP3K7,6,6,0,0,0,,
OMIM:617140,Zttk syndrome,snv_fora_do_painel,True,SON,74,16,0,0,0,,
OMIM:617141,Aniridia 2,sem_variante_patogenica,True,ELP4,0,0,0,0,0,,
OMIM:617142,Aniridia 3,sem_variante_patogenica,True,TRIM44,0,0,0,0,0,,
OMIM:617143,"Myasthenic syndrome, congenital, 20, presynaptic",snv_fora_do_painel,True,SLC5A7,13,7,0,0,0,,
OMIM:617145,"Neurodegeneration with ataxia, dystonia, and gaze palsy, childhood-onset",snv_fora_do_painel,True,SQSTM1,13,5,0,0,0,,
OMIM:617146,"Arthrogryposis, distal, with impaired proprioception and touch",snv_fora_do_painel,True,PIEZO2,50,31,0,0,0,,
OMIM:617153,"Epileptic encephalopathy, early infantile, 45",snv_fora_do_painel,True,GABRB1,3,3,0,0,0,,
OMIM:617156,Mitochondrial DNA depletion syndrome 15 (hepatocerebral type),snv_fora_do_painel,True,TFAM,4,3,0,0,0,,
OMIM:617157,"Short stature, brachydactyly, intellectual developmental disability, and seizures",snv_fora_do_painel,True,PRMT7,37,25,0,0,0,,
OMIM:617158,"Myopathy, distal, with rimmed vacuoles",snv_fora_do_painel,True,SQSTM1,2,2,0,0,0,,
OMIM:617159,Sifrim-Hitz-Weiss syndrome,snv_fora_do_painel,True,CHD4,44,41,0,0,0,,
OMIM:617162,"Epileptic encephalopathy, early infantile, 46",snv_fora_do_painel,True,GRIN2D,10,10,0,0,0,,
OMIM:617164,"Short stature, rhizomelic, with microcephaly, micrognathia, and developmental delay",snv_fora_do_painel,True,ARCN1,24,12,0,0,0,,
OMIM:617166,Developmental and epileptic encephalopathy 47,snv_fora_do_painel,True,FGF12,3,3,0,0,0,,
OMIM:617168,"Aortic aneurysm, familial thoracic 10",snv_fora_do_painel,True,LOX,16,10,0,0,0,,
OMIM:617169,"Intellectual developmental disorder, autosomal recessive 74",snv_fora_do_painel,True,APC2,6,1,0,0,0,,
OMIM:617171,"Dyskinesia, seizures, and intellectual developmental disorder",snv_fora_do_painel,True,DEAF1,16,11,0,0,0,,
OMIM:617173,Intellectual developmental disorder with cardiac arrhythmia,snv_fora_do_painel,True,GNB5,22,17,0,0,0,,
OMIM:617174,"Ehlers-Danlos syndrome, periodontal type, 2",snv_fora_do_painel,True,C1S,15,11,0,0,0,,
OMIM:617175,Retinal dystrophy with or without extraocular anomalies,snv_fora_do_painel,True,RCBTB1,8,5,0,0,0,,
OMIM:617180,Chitayat syndrome,snv_fora_do_painel,True,ERF,6,4,0,0,0,,
OMIM:617182,Language delay and attention deficit-hyperactivity disorder/cognitive impairment with or without cardiac arrhythmia,snv_fora_do_painel,True,GNB5,8,5,0,0,0,,
OMIM:617183,Harel-Yoon syndrome,snv_fora_do_painel,True,ATAD3A,10,3,0,0,0,,
OMIM:617184,"Mitochondrial DNA depletion syndrome 12A (cardiomyopathic type), autosomal dominant",snv_fora_do_painel,True,SLC25A4,3,3,0,0,0,,
OMIM:617186,"Encephalopathy, progressive, early-onset, with brain edema and/or leukoencephalopathy, 1",snv_fora_do_painel,True,NAXE,10,6,0,0,0,,
OMIM:617187,Spermatogenic failure 16,snv_fora_do_painel,True,SUN5,8,6,0,0,0,,
OMIM:617188,"Intellectual developmental disorder, autosomal recessive 57",snv_fora_do_painel,True,MBOAT7,18,7,0,0,0,,
OMIM:617190,Shashi-Pena syndrome,snv_fora_do_painel,True,ASXL2,18,8,0,0,0,,
OMIM:617193,"Encephalopathy, progressive, early-onset, with brain atrophy and thin corpus callosum",snv_fora_do_painel,True,TBCD,31,23,0,0,0,,
OMIM:617194,Lethal congenital contracture syndrome 11,snv_fora_do_painel,True,GLDN,21,14,0,0,0,,
OMIM:617201,Periventricular nodular heterotopia 7,snv_fora_do_painel,True,NEDD4L,8,8,0,0,0,,
OMIM:617205,"Heterotaxy, visceral, 8, autosomal",snv_fora_do_painel,True,PKD1L1,25,13,0,0,0,,
OMIM:617207,"Encephalopathy, progressive, with amyotrophy and optic atrophy",snv_fora_do_painel,True,TBCE,15,10,0,0,0,,
OMIM:617213,Sedoheptulokinase deficiency,sem_variante_patogenica,True,SHPK,0,0,0,0,0,,
OMIM:617214,Spermatogenic failure 17,snv_fora_do_painel,True,PLCZ1,11,11,0,0,0,,
OMIM:617217,"Amelogenesis imperfecta, hypomaturation type, IIA6",snv_fora_do_painel,True,GPR68,3,1,0,0,0,,
OMIM:617222,"Sudden cardiac failure, infantile",snv_fora_do_painel,True,PPA2,12,12,0,0,0,,
OMIM:617223,"Sudden cardiac failure, alcohol-induced",snv_fora_do_painel,True,PPA2,5,5,0,0,0,,
OMIM:617225,"Spastic paraplegia 78, autosomal recessive",snv_fora_do_painel,True,ATP13A2,72,37,0,0,0,,
OMIM:617228,Combined oxidative phosphorylation deficiency 31,snv_fora_do_painel,True,MIPEP,13,12,0,0,0,,
OMIM:617232,"Muscular dystrophy, limb-girdle, type 2Z",snv_fora_do_painel,True,POGLUT1,4,4,0,0,0,,
OMIM:617234,Preimplantation embryonic lethality 2,snv_fora_do_painel,True,PADI6,15,10,0,0,0,,
OMIM:617235,"Myoclonus, intractable, neonatal",snv_fora_do_painel,True,KIF5A,12,6,0,0,0,,
OMIM:617236,Cone-rod dystrophy and hearing loss,snv_fora_do_painel,True,CEP78,23,16,0,0,0,,
OMIM:617237,Immunodeficiency 49,snv_fora_do_painel,True,BCL11B,5,2,0,0,0,,
OMIM:617238,"Myopia 25, autosomal dominant",snv_fora_do_painel,True,P4HA2,7,5,0,0,0,,
OMIM:617239,"Myasthenic syndrome, congenital, 21, presynaptic",snv_fora_do_painel,True,SLC18A3,2,1,0,0,0,,
OMIM:617241,"Lung disease, immunodeficiency, and chromosome breakage syndrome",snv_fora_do_painel,True,NSMCE3,2,2,0,0,0,,
OMIM:617243,"Fanconi anemia, complementation group V",snv_fora_do_painel,True,MAD2L2,1,1,0,0,0,,
OMIM:617244,"Fanconi anemia, complementation group R",snv_fora_do_painel,True,RAD51,7,6,0,0,0,,
OMIM:617247,"FANCONI ANEMIA, COMPLEMENTATION GROUP U",snv_fora_do_painel,True,XRCC2,1,1,0,0,0,,
OMIM:617248,"3-methylglutaconic aciduria, type VIII",snv_fora_do_painel,True,HTRA2,8,3,0,0,0,,
OMIM:617251,Uncombable hair syndrome 2,snv_fora_do_painel,True,TGM3,1,1,0,0,0,,
OMIM:617252,Uncombable hair syndrome 3,snv_fora_do_painel,True,TCHH,3,1,0,0,0,,
OMIM:617253,Seckel syndrome 10,snv_fora_do_painel,True,NSMCE2,3,1,0,0,0,,
OMIM:617255,Lissencephaly 8,snv_fora_do_painel,True,TMTC3,14,8,0,0,0,,
OMIM:617258,"Myopathy, myofibrillar, 8",snv_fora_do_painel,True,PYROXD1,9,5,0,0,0,,
OMIM:617260,"Global developmental delay, absent or hypoplastic corpus callosum, and dysmorphic facies",snv_fora_do_painel,True,ZNF148,20,8,0,0,0,,
OMIM:617268,"Neurodevelopmental disorder with hypotonia, seizures, and absent language",snv_fora_do_painel,True,HECW2,31,30,0,0,0,,
OMIM:617270,"Intellectual developmental disorder, autosomal recessive 58",snv_fora_do_painel,True,ELP2,14,11,0,0,0,,
OMIM:617271,Nephronophthisis 20,snv_fora_do_painel,True,MAPKBP1,14,12,0,0,0,,
OMIM:617272,"Glaucoma 3, primary congenital, E",snv_fora_do_painel,True,TEK,14,9,0,0,0,,
OMIM:617275,"Tooth agenesis, selective, 9",snv_fora_do_painel,True,GREM2,1,1,0,0,0,,
OMIM:617276,Developmental and epileptic encephalopathy 48,snv_fora_do_painel,True,AP3B2,22,10,0,0,0,,
OMIM:617280,"Atrial fibrillation, familial, 18",snv_fora_do_painel,True,MYL4,15,13,0,0,0,,
OMIM:617281,"Epileptic encephalopathy, early infantile, 49",snv_fora_do_painel,True,DENND5A,8,5,0,0,0,,
OMIM:617282,"Dystonia, childhood-onset, with optic atrophy and basal ganglia abnormalities",snv_fora_do_painel,True,MECR,11,7,0,0,0,,
OMIM:617284,"Dystonia 28, childhood-onset",snv_fora_do_painel,True,KMT2B,51,27,0,0,0,,
OMIM:617290,"Epilepsy, early-onset, vitamin b6-dependent",snv_fora_do_painel,True,PLPBP,12,9,0,0,0,,
OMIM:617294,"Epidermolysis bullosa simplex, generalized, with scarring and hair loss",snv_fora_do_painel,True,KLHL24,7,6,0,0,0,,
OMIM:617296,"Spastic paraplegia, intellectual disability, nystagmus, and obesity",snv_fora_do_painel,True,KIDINS220,21,12,0,0,0,,
OMIM:617300,Lymphatic malformation 7,snv_fora_do_painel,True,EPHB4,13,9,0,0,0,,
OMIM:617301,Glycine encephalopathy with normal serum glycine,snv_fora_do_painel,True,SLC6A9,13,10,0,0,0,,
OMIM:617302,Optic atrophy 11,snv_fora_do_painel,True,YME1L1,1,1,0,0,0,,
OMIM:617303,Mucopolysaccharidosis-Plus syndrome,snv_fora_do_painel,True,VPS33A,1,1,0,0,0,,
OMIM:617304,Retinitis pigmentosa 77,snv_fora_do_painel,True,REEP6,11,6,0,0,0,,
OMIM:617306,"Coloboma, osteopetrosis, microphthalmia, macrocephaly, albinism, and deafness",snv_fora_do_painel,True,MITF,6,5,0,0,0,,
OMIM:617315,"Anterior segment dysgenesis 6, multiple subtypes",snv_fora_do_painel,True,CYP1B1,60,37,0,0,0,,
OMIM:617319,Anterior segment dysgenesis 8,snv_fora_do_painel,True,CPAMD8,18,12,0,0,0,,
OMIM:617320,"Ichthyosis, congenital, autosomal recessive 12",sem_variante_patogenica,True,CASP14,0,0,0,0,0,,
OMIM:617321,Yao syndrome,sem_variante_patogenica,False,NOD2,0,0,0,0,0,,
OMIM:617323,"Intellectual developmental disorder, autosomal recessive 59",snv_fora_do_painel,True,IMPA1,2,1,0,0,0,,
OMIM:617330,"Hypotonia, ataxia, and delayed development syndrome",snv_fora_do_painel,True,EBF3,62,46,0,0,0,,
OMIM:617336,"Nemaline myopathy 11, autosomal recessive",snv_fora_do_painel,True,MYPN,15,8,0,0,0,,
OMIM:617337,"Ectodermal dysplasia 12, Hypohidrotic/hair/tooth/nail type",snv_fora_do_painel,True,KDF1,2,2,0,0,0,,
OMIM:617339,"Epileptic encephalopathy, early infantile, 51",snv_fora_do_painel,True,MDH2,6,4,0,0,0,,
OMIM:617341,Cerebroretinal microangiopathy with calcifications and cysts 2,snv_fora_do_painel,True,STN1,1,1,0,0,0,,
OMIM:617343,Hyperparathyroidism 4,snv_fora_do_painel,True,GCM2,4,3,0,0,0,,
OMIM:617349,"Aortic aneurysm, familial thoracic 11, susceptibility to",sem_variante_patogenica,False,FOXE3,0,0,0,0,0,,
OMIM:617350,"Epileptic encephalopathy, early infantile, 52",snv_fora_do_painel,True,SCN1B,38,34,0,0,0,,
OMIM:617360,"Congenital heart defects, dysmorphic facial features, and intellectual developmental disorder",snv_fora_do_painel,True,CDK13,45,38,0,0,0,,
OMIM:617364,Congenital heart defects and ectodermal dysplasia,snv_fora_do_painel,True,PRKD1,8,7,0,0,0,,
OMIM:617370,Peroxisome biogenesis disorder 10B,snv_fora_do_painel,True,PEX3,2,1,0,0,0,,
OMIM:617383,"Avascular necrosis of femoral head, primary, 2",sem_variante_patogenica,True,TRPV4,0,0,0,0,0,,
OMIM:617384,"Hyperphenylalaninemia, MILD, non-bh4-deficient",snv_fora_do_painel,True,DNAJC12,16,11,0,0,0,,
OMIM:617388,Autoinflammation with arthritis and dyskeratosis,snv_fora_do_painel,True,NLRP1,1,1,0,0,0,,
OMIM:617389,"Epileptic encephalopathy, early infantile, 53",snv_fora_do_painel,True,SYNJ1,45,24,0,0,0,,
OMIM:617391,"Epileptic encephalopathy, early infantile, 54",snv_fora_do_painel,True,HNRNPU,103,37,0,0,0,,
OMIM:617392,"Ectodermal dysplasia 13, Hair/tooth type",snv_fora_do_painel,True,KREMEN1,1,1,0,0,0,,
OMIM:617393,"Neurodevelopmental disorder with epilepsy, cataracts, feeding difficulties, and delayed brain myelination",snv_fora_do_painel,True,NACC1,2,2,0,0,0,,
OMIM:617394,"Sclerosing cholangitis, neonatal",snv_fora_do_painel,True,DCDC2,25,13,0,0,0,,
OMIM:617395,"Congenital disorder of glycosylation, type IIq",snv_fora_do_painel,True,COG2,5,1,0,0,0,,
OMIM:617396,Anauxetic dysplasia 2,snv_fora_do_painel,True,POP1,8,6,0,0,0,,
OMIM:617397,Pseudo-Torch syndrome 2,snv_fora_do_painel,True,USP18,4,4,0,0,0,,
OMIM:617402,"Cutis laxa, autosomal recessive, type IIC",snv_fora_do_painel,True,ATP6V1E1,1,1,0,0,0,,
OMIM:617403,"Cutis laxa, autosomal recessive, type IID",snv_fora_do_painel,True,ATP6V1A,3,3,0,0,0,,
OMIM:617404,"Muscular dystrophy, congenital, with cataracts and intellectual disability",snv_fora_do_painel,True,INPP5K,11,9,0,0,0,,
OMIM:617405,Short-Rib thoracic dysplasia 17 with or without polydactyly,snv_fora_do_painel,True,DYNLT2B,4,3,0,0,0,,
OMIM:617406,Bardet-Biedl syndrome 21,snv_fora_do_painel,True,CFAP418,3,2,0,0,0,,
OMIM:617408,Diamond-Blackfan anemia 16,snv_fora_do_painel,True,RPL27,1,1,0,0,0,,
OMIM:617409,Diamond-Blackfan anemia 17,sem_snv,True,RPS27,1,0,0,0,0,,
OMIM:617412,"Brachycephaly, trichomegaly, and developmental delay",snv_fora_do_painel,True,RPS23,2,2,0,0,0,,
OMIM:617425,Immunoskeletal dysplasia with neurodevelopmental abnormalitie,snv_fora_do_painel,True,EXTL3,2,2,0,0,0,,
OMIM:617432,"Intellectual developmental disorder, autosomal recessive 60",snv_fora_do_painel,True,TAF13,3,3,0,0,0,,
OMIM:617433,Retinitis pigmentosa 78,snv_fora_do_painel,True,ARHGEF18,10,7,0,0,0,,
OMIM:617435,Lopes-Maciel-Rodan syndrome,snv_fora_do_painel,True,HTT,2,2,0,0,0,,
OMIM:617439,Craniosynostosis 7,snv_fora_do_painel,False,SMAD6,7,2,0,0,0,,
OMIM:617441,"Thrombocytopenia, anemia, and myelofibrosis",snv_fora_do_painel,True,MPIG6B,7,4,0,0,0,,
OMIM:617442,Premature ovarian failure 13,snv_fora_do_painel,True,MSH5,5,3,0,0,0,,
OMIM:617443,"Bleeding disorder, platelet-type, 21",snv_fora_do_painel,True,FLI1,6,5,0,0,0,,
OMIM:617450,Intellectual developmental disorder with gastrointestinal difficulties and high pain threshold,snv_fora_do_painel,True,PPM1D,37,8,0,0,0,,
OMIM:617452,"Intellectual developmental disorder with dysmorphic facies, seizures, and distal limb anomalies",snv_fora_do_painel,True,OTUD6B,14,7,0,0,0,,
OMIM:617460,Retinitis pigmentosa 79,snv_fora_do_painel,True,HK1,5,4,0,0,0,,
OMIM:617466,Townes-Brocks syndrome 2,snv_fora_do_painel,True,DACT1,6,6,0,0,0,,
OMIM:617468,"Arthrogryposis multiplex congenita, neurogenic, with myelin defect",snv_fora_do_painel,True,LGI4,15,12,0,0,0,,
OMIM:617475,Specific granule deficiency 2,snv_fora_do_painel,True,SMARCD2,9,7,0,0,0,,
OMIM:617478,Structural heart defects and renal anomalies syndrome,snv_fora_do_painel,True,TMEM260,26,10,0,0,0,,
OMIM:617480,"46,xx sex reversal 4",snv_fora_do_painel,True,NR5A1,6,4,0,0,0,,
OMIM:617481,"Neurodevelopmental disorder with microcephaly, hypotonia, and variable brain anomalies",snv_fora_do_painel,True,PRUNE1,18,15,0,0,0,,
OMIM:617493,Neurodevelopmental disorder with involuntary movements,snv_fora_do_painel,True,GNAO1,28,27,0,0,0,,
OMIM:617506,Noonan syndrome-like disorder with loose anagen hair 2,snv_fora_do_painel,True,PPP1CB,9,9,0,0,0,,
OMIM:617507,Peho-Like syndrome,snv_fora_do_painel,True,CCDC88A,5,1,0,0,0,,
OMIM:617514,Immunodeficiency 52,sem_snv,True,LAT,3,0,0,0,0,,
OMIM:617516,Stankiewicz-Isidor syndrome,snv_fora_do_painel,True,PSMD12,18,14,0,0,0,,
OMIM:617519,"Neurodevelopmental disorder with hypotonia, neuropathy, and deafness",snv_fora_do_painel,True,SPTBN4,22,13,0,0,0,,
OMIM:617520,"Microcephaly 18, primary, autosomal dominant",snv_fora_do_painel,True,WDFY3,24,13,0,0,0,,
OMIM:617523,Neurodevelopmental disorder with midbrain and hindbrain malformations,snv_fora_do_painel,True,ARHGEF2,2,1,0,0,0,,
OMIM:617524,Erythrokeratodermia variabilis et progressiva 2,snv_fora_do_painel,True,GJB4,5,5,0,0,0,,
OMIM:617525,Erythrokeratodermia variabilis et progressiva 3,snv_fora_do_painel,True,GJA1,1,1,0,0,0,,
OMIM:617526,Erythrokeratodermia variabilis et progressiva 4,snv_fora_do_painel,True,KDSR,5,4,0,0,0,,
OMIM:617527,"Neurodevelopmental disorder with progressive microcephaly, spasticity, and brain anomalies",snv_fora_do_painel,True,PLAA,13,9,0,0,0,,
OMIM:617532,Intellectual developmental disorder with neuropsychiatric features,sem_variante_patogenica,True,SLC45A1,0,0,0,0,0,,
OMIM:617537,Rahman syndrome,snv_fora_do_painel,True,H1-4,23,1,0,0,0,,
OMIM:617540,"Pituitary adenoma 5, multiple types",snv_fora_do_painel,False,CDH23,170,115,0,0,0,,
OMIM:617542,"Gaze palsy, familial horizontal, with progressive scoliosis, 2",sem_snv,True,DCC,3,0,0,0,0,,
OMIM:617547,Retinal dystrophy with or without macular staphyloma,snv_fora_do_painel,True,CFAP410,17,10,0,0,0,,
OMIM:617557,Gabriele-De vries syndrome,snv_fora_do_painel,True,YY1,25,19,0,0,0,,
OMIM:617560,"Spastic ataxia 8, autosomal recessive, with hypomyelinating leukodystrophy",snv_fora_do_painel,True,NKX6-2,19,11,0,0,0,,
OMIM:617561,Cohen-Gibson syndrome,snv_fora_do_painel,True,EED,9,9,0,0,0,,
OMIM:617562,Meckel syndrome 13,snv_fora_do_painel,True,TMEM107,5,4,0,0,0,,
OMIM:617563,Orofaciodigital syndrome XVI,snv_fora_do_painel,True,TMEM107,2,2,0,0,0,,
OMIM:617564,Meier-Gorlin syndrome 8,snv_fora_do_painel,True,MCM5,1,1,0,0,0,,
OMIM:617565,Perrault syndrome 6,snv_fora_do_painel,True,ERAL1,1,1,0,0,0,,
OMIM:617571,"Ichthyosis, congenital, autosomal recessive 14",snv_fora_do_painel,True,SULT2B1,7,6,0,0,0,,
OMIM:617572,Exudative vitreoretinopathy 7,snv_fora_do_painel,True,CTNNB1,4,3,0,0,0,,
OMIM:617574,"Ichthyosis, congenital, autosomal recessive 13",snv_fora_do_painel,True,SDR9C7,2,1,0,0,0,,
OMIM:617575,"Nephrotic syndrome, type 14",snv_fora_do_painel,True,SGPL1,14,7,0,0,0,,
OMIM:617576,Spermatogenic failure 18,snv_fora_do_painel,True,DNAH1,122,70,0,0,0,,
OMIM:617577,"Ciliary dyskinesia, primary, 37",snv_fora_do_painel,True,DNAH1,116,66,0,0,0,,
OMIM:617584,"Spinocerebellar ataxia, autosomal recessive 25",sem_variante_patogenica,True,ATG5,0,0,0,0,0,,
OMIM:617585,Immunodeficiency 53,snv_fora_do_painel,True,RELB,1,1,0,0,0,,
OMIM:617591,Proteasome-Associated autoinflammatory syndrome 3,sem_snv,True,PSMB4,1,0,0,0,0,,
OMIM:617592,Spermatogenic failure 19,snv_fora_do_painel,True,CFAP43,17,10,0,0,0,,
OMIM:617593,Spermatogenic failure 20,snv_fora_do_painel,True,CFAP44,11,7,0,0,0,,
OMIM:617595,Birk-Landau-Perez syndrome,snv_fora_do_painel,True,SLC30A9,7,5,0,0,0,,
OMIM:617596,Maleylacetoacetate isomerase deficiency,snv_fora_do_painel,True,GSTZ1,4,2,0,0,0,,
OMIM:617598,Mosaic variegated aneuploidy syndrome 3,snv_fora_do_painel,True,TRIP13,3,3,0,0,0,,
OMIM:617599,"Epileptic encephalopathy, early infantile, 55",snv_fora_do_painel,True,PIGP,2,1,0,0,0,,
OMIM:617600,"Intellectual developmental disorder, autosomal dominant 45",snv_fora_do_painel,True,CIC,40,14,0,0,0,,
OMIM:617601,"Intellectual developmental disorder, autosomal dominant 46",snv_fora_do_painel,True,KCNQ5,19,17,0,0,0,,
OMIM:617602,Congenital heart defects and skeletal malformations syndrome,snv_fora_do_painel,True,ABL1,15,15,0,0,0,,
OMIM:617604,"Microcephaly, short stature, and limb abnormalities",snv_fora_do_painel,True,DONSON,13,8,0,0,0,,
OMIM:617605,"Deafness, autosomal dominant 71",snv_fora_do_painel,True,DMXL2,1,1,0,0,0,,
OMIM:617606,"Deafness, autosomal dominant 72",sem_variante_patogenica,True,SLC44A4,0,0,0,0,0,,
OMIM:617607,"Amelogenesis imperfecta, type IIIB",sem_snv,True,AMTN,1,0,0,0,0,,
OMIM:617609,"Nephrotic syndrome, type 15",snv_fora_do_painel,True,MAGI2,9,3,0,0,0,,
OMIM:617610,Polycystic kidney disease 5,snv_fora_do_painel,True,DZIP1L,7,6,0,0,0,,
OMIM:617613,Multiple mitochondrial dysfunctions syndrome 5,snv_fora_do_painel,True,ISCA1,1,1,0,0,0,,
OMIM:617616,Skraban-Deardorff syndrome,snv_fora_do_painel,True,WDR26,37,21,0,0,0,,
OMIM:617622,Joubert syndrome 30,snv_fora_do_painel,True,ARMC9,19,13,0,0,0,,
OMIM:617626,"Fibromatosis, gingival, 5",snv_fora_do_painel,True,REST,6,3,0,0,0,,
OMIM:617629,Schizophrenia 19,snv_fora_do_painel,False,RBM12,2,1,0,0,0,,
OMIM:617633,"Spinocerebellar ataxia, autosomal recessive 26",snv_fora_do_painel,True,XRCC1,3,3,0,0,0,,
OMIM:617635,"Intellectual developmental disorder, autosomal dominant 47",snv_fora_do_painel,True,STAG1,23,15,0,0,0,,
OMIM:617637,"Deafness, autosomal recessive 106",snv_fora_do_painel,True,EPS8L2,17,5,0,0,0,,
OMIM:617638,Immunodeficiency 11B with atopic dermatitis,snv_fora_do_painel,True,CARD11,8,6,0,0,0,,
OMIM:617641,"Congenital anomalies of kidney and urinary tract syndrome with or without hearing loss, abnormal ears, or developmental delay",snv_fora_do_painel,True,PBX1,50,28,0,0,0,,
OMIM:617642,"Polydactyly, postaxial, type A7",snv_fora_do_painel,True,IQCE,7,2,0,0,0,,
OMIM:617643,"Cerebellar atrophy, developmental delay, and seizures",snv_fora_do_painel,True,KCNMA1,5,2,0,0,0,,
OMIM:617644,Spermatogenic failure 21,snv_fora_do_painel,True,BRDT,1,1,0,0,0,,
OMIM:617654,"Deafness, autosomal recessive 108",sem_variante_patogenica,True,ROR1,0,0,0,0,0,,
OMIM:617660,"Vertebral, cardiac, renal, and limb defects syndrome 1",snv_fora_do_painel,True,HAAO,12,8,0,0,0,,
OMIM:617661,"Vertebral, cardiac, renal, and limb defects syndrome 2",snv_fora_do_painel,True,KYNU,14,10,0,0,0,,
OMIM:617662,"Joint laxity, short stature, and myopia",snv_fora_do_painel,True,GZF1,7,1,0,0,0,,
OMIM:617663,"Deafness, autosomal dominant 73",snv_fora_do_painel,True,PTPRQ,7,5,0,0,0,,
OMIM:617664,Combined oxidative phosphorylation deficiency 32,snv_fora_do_painel,True,MRPS34,7,6,0,0,0,,
OMIM:617665,"Epileptic encephalopathy, early infantile, 56",snv_fora_do_painel,True,YWHAG,8,7,0,0,0,,
OMIM:617666,Fraser syndrome 2,snv_fora_do_painel,True,FREM2,49,21,0,0,0,,
OMIM:617667,Fraser syndrome 3,snv_fora_do_painel,True,GRIP1,12,7,0,0,0,,
OMIM:617668,"Encephalopathy, neonatal severe, with lactic acidosis and brain abnormalities",snv_fora_do_painel,True,LIPT2,2,2,0,0,0,,
OMIM:617669,"Encephalopathy, progressive, early-onset, with brain atrophy and spasticity",snv_fora_do_painel,True,TRAPPC12,19,9,0,0,0,,
OMIM:617671,Helix syndrome,snv_fora_do_painel,True,CLDN10,7,6,0,0,0,,
OMIM:617672,"Neurodegeneration, childhood-onset, with brain atrophy",snv_fora_do_painel,True,UBTF,3,3,0,0,0,,
OMIM:617675,"Myopathy, mitochondrial, and ataxia",snv_fora_do_painel,True,MSTO1,14,10,0,0,0,,
OMIM:617681,Blepharocheilodontic syndrome 2,snv_fora_do_painel,True,CTNND1,21,12,0,0,0,,
OMIM:617682,Pilarowski-Bjornsson syndrome,snv_fora_do_painel,True,CHD1,8,5,0,0,0,,
OMIM:617686,"Pituitary adenoma 3, multiple types, somatic",snv_fora_do_painel,True,GNAS,3,3,0,0,0,,
OMIM:617690,Ovarian dysgenesis 5,snv_fora_do_painel,True,SOHLH1,4,3,0,0,0,,
OMIM:617691,Spinocerebellar ataxia 44,snv_fora_do_painel,True,GRM1,3,2,0,0,0,,
OMIM:617694,Al Kaissi syndrome,snv_fora_do_painel,True,CDK10,26,15,0,0,0,,
OMIM:617695,"Pontocerebellar hypoplasia, type 11",snv_fora_do_painel,True,TBC1D23,12,5,0,0,0,,
OMIM:617698,"3-methylglutaconic aciduria, type IX",snv_fora_do_painel,True,TIMM50,6,6,0,0,0,,
OMIM:617706,Spermatogenic failure 22,snv_fora_do_painel,True,MEIOB,7,6,0,0,0,,
OMIM:617707,Spermatogenic failure 23,snv_fora_do_painel,True,TEX14,5,2,0,0,0,,
OMIM:617709,"Neurodevelopmental disorder with microcephaly, ataxia, and seizures",sem_snv,True,SARS1,1,0,0,0,0,,
OMIM:617710,"Neurodevelopmental disorder, mitochondrial, with abnormal movements and lactic acidosis, with or without seizures",snv_fora_do_painel,True,WARS2,12,10,0,0,0,,
OMIM:617711,Developmental and epileptic encephalopathy 91,snv_fora_do_painel,True,PPP3CA,26,12,0,0,0,,
OMIM:617712,Oocyte maturation defect 3,snv_fora_do_painel,True,ZP3,4,3,0,0,0,,
OMIM:617713,Combined oxidative phosphorylation deficiency 33,snv_fora_do_painel,True,C1QBP,5,4,0,0,0,,
OMIM:617717,Auditory neuropathy and optic atrophy,snv_fora_do_painel,True,FDXR,15,12,0,0,0,,
OMIM:617718,Immunodeficiency 71 with inflammatory disease and congenital thrombocytopenia,snv_fora_do_painel,True,ARPC1B,13,6,0,0,0,,
OMIM:617719,"Epiphyseal dysplasia, multiple, 7",snv_fora_do_painel,True,CANT1,13,7,0,0,0,,
OMIM:617721,"Neuronopathy, distal hereditary motor, type IX",sem_variante_patogenica,True,WARS1,0,0,0,0,0,,
OMIM:617729,Galloway-Mowat syndrome 3,snv_fora_do_painel,True,OSGEP,19,19,0,0,0,,
OMIM:617730,Galloway-Mowat syndrome 4,snv_fora_do_painel,True,TP53RK,9,5,0,0,0,,
OMIM:617731,Galloway-Mowat syndrome 5,snv_fora_do_painel,True,TPRKB,2,2,0,0,0,,
OMIM:617732,"Facial palsy, congenital, with ptosis and velopharyngeal dysfunction",snv_fora_do_painel,True,TUBB6,1,1,0,0,0,,
OMIM:617743,Oocyte maturation defect 4,snv_fora_do_painel,True,PATL2,19,13,0,0,0,,
OMIM:617744,"Immunodeficiency, developmental delay, and hypohomocysteinemia",snv_fora_do_painel,True,NFE2L2,4,4,0,0,0,,
OMIM:617746,Sweeney-Cox syndrome,snv_fora_do_painel,True,TWIST1,4,3,0,0,0,,
OMIM:617751,"Intellectual developmental disorder, autosomal dominant 48",snv_fora_do_painel,True,RAC1,22,22,0,0,0,,
OMIM:617752,Clark-Baraitser syndrome,snv_fora_do_painel,True,TRIP12,50,21,0,0,0,,
OMIM:617755,Neurodevelopmental disorder with dysmorphic facies and distal limb anomalies,snv_fora_do_painel,True,BPTF,52,21,0,0,0,,
OMIM:617756,Erythrokeratodermia variabilis et progressiva 5,sem_snv,True,KRT83,1,0,0,0,0,,
OMIM:617757,Joubert syndrome 32,snv_fora_do_painel,True,SUFU,2,2,0,0,0,,
OMIM:617760,"Myopathy, centronuclear, 6, with fiber-type disproportion",snv_fora_do_painel,True,MAP3K20,3,1,0,0,0,,
OMIM:617761,Joubert syndrome 31,snv_fora_do_painel,True,CEP120,6,2,0,0,0,,
OMIM:617762,"Leukodystrophy, progressive, early childhood-onset",snv_fora_do_painel,True,ACER3,5,5,0,0,0,,
OMIM:617763,"Short stature, hearing loss, retinitis pigmentosa, and distinctive facies",snv_fora_do_painel,True,EXOSC2,1,1,0,0,0,,
OMIM:617765,"Immunodeficiency, common variable, 14",snv_fora_do_painel,True,IRF2BP2,4,2,0,0,0,,
OMIM:617767,Joubert syndrome 33,snv_fora_do_painel,True,PIBF1,13,7,0,0,0,,
OMIM:617768,Kleefstra syndrome 2,snv_fora_do_painel,True,KMT2C,69,34,0,0,0,,
OMIM:617769,Spinocerebellar ataxia 45,snv_fora_do_painel,True,FAT2,1,1,0,0,0,,
OMIM:617770,Spinocerebellar ataxia 46,sem_snv,True,PLD3,1,0,0,0,0,,
OMIM:617771,Developmental and epileptic encephalopathy 57,snv_fora_do_painel,True,KCNT2,11,8,0,0,0,,
OMIM:617772,"Deafness, autosomal dominant 34, with or without inflammation",snv_fora_do_painel,True,NLRP3,5,5,0,0,0,,
OMIM:617773,"Intellectual developmental disorder, autosomal recessive 61",snv_fora_do_painel,True,RUSC2,4,4,0,0,0,,
OMIM:617780,Combined immunodeficiency and megaloblastic anemia with or without hyperhomocysteinemia,snv_fora_do_painel,True,MTHFD1,16,11,0,0,0,,
OMIM:617781,Retinitis pigmentosa 80,snv_fora_do_painel,True,IFT140,112,66,0,0,0,,
OMIM:617783,"Nephrotic syndrome, type 16",snv_fora_do_painel,True,KANK2,2,1,0,0,0,,
OMIM:617784,"Fanconi anemia, complementation group W",snv_fora_do_painel,True,RFWD3,1,1,0,0,0,,
OMIM:617787,"Intellectual developmental disorder, autosomal dominant 50, with behavioral abnormalities",snv_fora_do_painel,True,NAA15,81,43,0,0,0,,
OMIM:617788,"Intellectual developmental disorder, autosomal dominant 51",snv_fora_do_painel,True,KMT5B,43,19,0,0,0,,
OMIM:617796,"Intellectual developmental disorder, autosomal dominant 52",snv_fora_do_painel,True,ASH1L,54,27,0,0,0,,
OMIM:617798,"Intellectual developmental disorder, autosomal dominant 53",snv_fora_do_painel,True,CAMK2A,18,17,0,0,0,,
OMIM:617799,"Intellectual developmental disorder, autosomal dominant 54",snv_fora_do_painel,True,CAMK2B,11,10,0,0,0,,
OMIM:617800,"Microcephaly 19, primary, autosomal recessive",snv_fora_do_painel,True,COPB2,1,1,0,0,0,,
OMIM:617802,"Neurodevelopmental disorder with microcephaly, seizures, and cortical atrophy",snv_fora_do_painel,True,VARS1,32,25,0,0,0,,
OMIM:617804,Neurodevelopmental disorder with severe motor impairment and absent language,snv_fora_do_painel,True,DHX30,9,9,0,0,0,,
OMIM:617805,Renal hypodysplasia/aplasia 3,snv_fora_do_painel,True,GREB1L,44,24,0,0,0,,
OMIM:617807,"Neurodevelopmental disorder with ataxic gait, absent speech, and decreased cortical white matter",snv_fora_do_painel,True,RAB11B,4,4,0,0,0,,
OMIM:617808,Coffin-Siris syndrome 6,snv_fora_do_painel,True,ARID2,60,23,0,0,0,,
OMIM:617809,Geleophysic dysplasia 3,snv_fora_do_painel,True,LTBP3,5,5,0,0,0,,
OMIM:617810,Glycosylphosphatidylinositol biosynthesis defect 15,snv_fora_do_painel,True,GPAA1,16,10,0,0,0,,
OMIM:617816,Glycosylphosphatidylinositol biosynthesis defect 16,snv_fora_do_painel,True,PIGC,7,4,0,0,0,,
OMIM:617820,"Neurodevelopmental disorder with or without hyperkinetic movements and seizures, autosomal recessive",snv_fora_do_painel,True,GRIN1,4,4,0,0,0,,
OMIM:617821,"Ehlers-Danlos syndrome, arthrochalasia type, 2",snv_fora_do_painel,True,COL1A2,25,21,0,0,0,,
OMIM:617822,Alkuraya-Kucinskas syndrome,snv_fora_do_painel,True,BLTP1,40,29,0,0,0,,
OMIM:617825,Glucocorticoid deficiency 5,sem_variante_patogenica,True,TXNRD2,0,0,0,0,0,,
OMIM:617827,Immunodeficiency 55,snv_fora_do_painel,True,GINS1,2,2,0,0,0,,
OMIM:617829,"Epileptic encephalopathy, infantile or early childhood, 2",snv_fora_do_painel,True,GABRB2,23,23,0,0,0,,
OMIM:617830,Developmental and epileptic encephalopathy 58,snv_fora_do_painel,True,NTRK2,4,4,0,0,0,,
OMIM:617831,"Intellectual developmental disorder, autosomal dominant 55, with seizures",snv_fora_do_painel,True,NUS1,31,16,0,0,0,,
OMIM:617836,Developmental delay and seizures with or without movement abnormalities,snv_fora_do_painel,True,DHDDS,10,9,0,0,0,,
OMIM:617839,Amyotrophic lateral sclerosis 23,snv_fora_do_painel,True,ANXA11,4,4,0,0,0,,
OMIM:617854,"Intellectual developmental disorder, autosomal dominant 56",snv_fora_do_painel,True,CLTC,60,31,0,0,0,,
OMIM:617862,"Neurodevelopmental disorder with microcephaly, epilepsy, and brain atrophy",snv_fora_do_painel,True,TRAPPC6B,9,5,0,0,0,,
OMIM:617863,"Intellectual developmental disorder, autosomal dominant 69",sem_snv,True,LMAN2L,1,0,0,0,0,,
OMIM:617864,Neurodevelopmental disorder with or without seizures and gait abnormalities,snv_fora_do_painel,True,GRIA4,8,8,0,0,0,,
OMIM:617865,"Neurodevelopmental disorder with movement abnormalities, abnormal gait, and autistic features",snv_fora_do_painel,True,ZSWIM6,2,1,0,0,0,,
OMIM:617866,Short-Rib thoracic dysplasia 18 with polydactyly,snv_fora_do_painel,True,IFT43,15,11,0,0,0,,
OMIM:617871,Retinitis pigmentosa 81,snv_fora_do_painel,True,IFT43,12,9,0,0,0,,
OMIM:617872,Combined oxidative phosphorylation deficiency 34,sem_variante_patogenica,True,MRPS7,0,0,0,0,0,,
OMIM:617873,Combined oxidative phosphorylation deficiency 35,snv_fora_do_painel,True,TRIT1,13,8,0,0,0,,
OMIM:617874,Polycystic liver disease 3 with or without kidney cysts,snv_fora_do_painel,True,ALG8,37,21,0,0,0,,
OMIM:617875,Polycystic liver disease 4 with or without kidney cysts,snv_fora_do_painel,True,LRP5,4,2,0,0,0,,
OMIM:617877,"Short stature, facial dysmorphism, and skeletal anomalies with or without cardiac anomalies 1",snv_fora_do_painel,True,BMP2,14,7,0,0,0,,
OMIM:617879,Leber congenital amaurosis with early-onset deafness,snv_fora_do_painel,True,TUBB4B,3,3,0,0,0,,
OMIM:617882,"Charcot-Marie-Tooth disease, dominant intermediate G",snv_fora_do_painel,True,NEFL,3,3,0,0,0,,
OMIM:617883,"Fanconi anemia, complementation group S",snv_fora_do_painel,True,BRCA1,189,81,0,0,0,,
OMIM:617885,Body mass index quantitative trait locus 19,sem_variante_patogenica,False,ADCY3,0,0,0,0,0,,
OMIM:617892,"Amyotrophic lateral sclerosis, susceptibility to, 24",snv_fora_do_painel,False,NEK1,15,13,0,0,0,,
OMIM:617895,Short-Rib thoracic dysplasia 19 with or without polydactyly,snv_fora_do_painel,True,IFT81,10,8,0,0,0,,
OMIM:617898,Multiple synostoses syndrome 4,snv_fora_do_painel,True,GDF6,1,1,0,0,0,,
OMIM:617899,"Leukodystrophy, hypomyelinating, 14",snv_fora_do_painel,True,UFM1,3,2,0,0,0,,
OMIM:617900,"Encephalopathy, acute, infection-induced (herpes-specific), susceptibility to, 8",snv_fora_do_painel,False,TBK1,2,1,0,0,0,,
OMIM:617903,Neurodevelopmental disorder with poor language and loss of hand skills,snv_fora_do_painel,True,GABBR2,4,4,0,0,0,,
OMIM:617904,"Epileptic encephalopathy, early infantile, 59",snv_fora_do_painel,True,GABBR2,11,10,0,0,0,,
OMIM:617907,"Erythrocytosis, familial, 5",sem_snv,True,EPO,2,0,0,0,0,,
OMIM:617911,Diamond-Blackfan anemia-like,snv_fora_do_painel,True,EPO,1,1,0,0,0,,
OMIM:617912,"Congenital heart defects, multiple types, 5",snv_fora_do_painel,True,GATA5,5,5,0,0,0,,
OMIM:617913,"Neurodevelopmental disorder with microcephaly, cataracts, and renal abnormalities",snv_fora_do_painel,True,GEMIN4,3,2,0,0,0,,
OMIM:617914,"Microcephaly 20, primary, autosomal recessive",snv_fora_do_painel,True,KIF14,22,10,0,0,0,,
OMIM:617915,"Hypotonia, ataxia, developmental delay, and tooth enamel defect syndrome",snv_fora_do_painel,True,CTBP1,1,1,0,0,0,,
OMIM:617916,Neurodegeneration with brain iron accumulation 7,snv_fora_do_painel,True,REPS1,1,1,0,0,0,,
OMIM:617917,Neurodegeneration with brain iron accumulation 8,sem_snv,True,CRAT,1,0,0,0,0,,
OMIM:617920,"Amyloidosis, primary localized cutaneous, 3",snv_fora_do_painel,True,GPNMB,14,8,0,0,0,,
OMIM:617921,"Amyotrophic lateral sclerosis, susceptibility to, 25",snv_fora_do_painel,False,KIF5A,4,4,0,0,0,,
OMIM:617924,"Epilepsy, juvenile myoclonic, susceptibility to, 10",snv_fora_do_painel,False,CILK1,1,1,0,0,0,,
OMIM:617925,Short-Rib thoracic dysplasia 20 with polydactyly,snv_fora_do_painel,True,INTU,4,2,0,0,0,,
OMIM:617926,Orofaciodigital syndrome XVII,sem_snv,True,INTU,4,0,0,0,0,,
OMIM:617927,Orofaciodigital syndrome XVIII,snv_fora_do_painel,True,IFT57,3,2,0,0,0,,
OMIM:617928,Keratoconus 9,snv_fora_do_painel,True,TUBA3D,2,1,0,0,0,,
OMIM:617933,"Epileptic encephalopathy, early infantile, 61",snv_fora_do_painel,True,ADAM22,7,4,0,0,0,,
OMIM:617935,"Epilepsy, familial focal, with variable foci 4",snv_fora_do_painel,True,SCN3A,6,5,0,0,0,,
OMIM:617936,Butyrylcholinesterase deficiency,snv_fora_do_painel,True,BCHE,29,19,0,0,0,,
OMIM:617938,Developmental and epileptic encephalopathy 62,snv_fora_do_painel,True,SCN3A,19,18,0,0,0,,
OMIM:617941,Shwachman-Diamond syndrome 2,snv_fora_do_painel,True,EFL1,5,4,0,0,0,,
OMIM:617948,Elliptocytosis-3,snv_fora_do_painel,True,SPTB,19,13,0,0,0,,
OMIM:617950,Combined oxidative phosphorylation deficiency 36,snv_fora_do_painel,True,MRPS2,4,3,0,0,0,,
OMIM:617951,"Leukodystrophy, hypomyelinating, 15",snv_fora_do_painel,True,EPRS1,9,7,0,0,0,,
OMIM:617952,"Osteogenesis imperfecta, type XVIII",snv_fora_do_painel,True,TENT5A,3,2,0,0,0,,
OMIM:617954,Multiple mitochondrial dysfunctions syndrome 6,snv_fora_do_painel,True,PMPCB,10,7,0,0,0,,
OMIM:617959,Spermatogenic failure 24,snv_fora_do_painel,True,CFAP69,4,3,0,0,0,,
OMIM:617960,Spermatogenic failure 25,snv_fora_do_painel,True,TEX15,20,9,0,0,0,,
OMIM:617961,Spermatogenic failure 26,sem_snv,True,TSGA10,1,0,0,0,0,,
OMIM:617964,"Leukodystrophy, hypomyelinating, 16",snv_fora_do_painel,True,TMEM106B,2,2,0,0,0,,
OMIM:617965,Spermatogenic failure 27,snv_fora_do_painel,True,AK7,1,1,0,0,0,,
OMIM:617967,"Hydrocephalus, congenital, 3, with brain anomalies",snv_fora_do_painel,True,WDR81,9,7,0,0,0,,
OMIM:617970,"Rh-null disease, amorph type",snv_fora_do_painel,True,RHCE,4,1,0,0,0,,
OMIM:617971,"Methemoglobinemia, Beta type",snv_fora_do_painel,True,HBB,5,5,0,0,0,,
OMIM:617973,"Methemoglobinemia, Alpha type",snv_fora_do_painel,True,HBA1,23,17,0,0,0,,
OMIM:617974,"Spondyloepimetaphyseal dysplasia, DI Rocco type",snv_fora_do_painel,True,UFSP2,4,4,0,0,0,,
OMIM:617976,"Epileptic encephalopathy, early infantile, 63",snv_fora_do_painel,True,CPLX1,3,2,0,0,0,,
OMIM:617977,Neurodevelopmental disorder with spastic quadriplegia and brain abnormalities with or without seizures,snv_fora_do_painel,True,WDR45B,3,3,0,0,0,,
OMIM:617980,Erythrocytosis 6,snv_fora_do_painel,True,HBB,40,40,0,0,0,,
OMIM:617981,Erythrocytosis 7,snv_fora_do_painel,True,HBA1;HBA2,60,43,0,0,0,,
OMIM:617982,Ververi-Brady syndrome,snv_fora_do_painel,True,QRICH1,6,3,0,0,0,,
OMIM:617983,"Microcephaly 21, primary, autosomal recessive",snv_fora_do_painel,True,NCAPD2,7,3,0,0,0,,
OMIM:617984,"Microcephaly 22, primary, autosomal recessive",snv_fora_do_painel,True,NCAPD3,8,6,0,0,0,,
OMIM:617985,"Microcephaly 23, primary, autosomal recessive",snv_fora_do_painel,True,NCAPH,2,2,0,0,0,,
OMIM:617988,Jaberi-Elahi syndrome,snv_fora_do_painel,True,GTPBP2,12,8,0,0,0,,
OMIM:617991,"Developmental delay, intellectual disability, obesity, and dysmorphic features",snv_fora_do_painel,True,PHIP,99,64,0,0,0,,
OMIM:617992,"Deafness, congenital heart defects, and posterior embryotoxon",snv_fora_do_painel,True,JAG1,15,8,0,0,0,,
OMIM:617993,"Tumoral calcinosis, hyperphosphatemic, familial, 2",snv_fora_do_painel,True,FGF23,5,5,0,0,0,,
OMIM:617994,"Tumoral calcinosis, hyperphosphatemic, familial, 3",sem_snv,True,KL,1,0,0,0,0,,
OMIM:617996,Oocyte maturation defect 5,snv_fora_do_painel,True,WEE2,7,4,0,0,0,,
OMIM:618000,"Ehlers-Danlos syndrome, classic-like, 2",snv_fora_do_painel,True,AEBP1,17,8,0,0,0,,
OMIM:618003,"Deafness, autosomal recessive 57",snv_fora_do_painel,True,PDZD7,19,10,0,0,0,,
OMIM:618004,"Epileptic encephalopathy, early infantile, 64",snv_fora_do_painel,True,RHOBTB2,11,11,0,0,0,,
OMIM:618005,Congenital disorder of glycosylation with defective fucosylation 1,snv_fora_do_painel,True,FUT8,7,6,0,0,0,,
OMIM:618006,"Leukodystrophy, hypomyelinating, 17",snv_fora_do_painel,True,AIMP2,5,3,0,0,0,,
OMIM:618008,Developmental and epileptic encephalopathy 65,snv_fora_do_painel,True,CYFIP2,19,18,0,0,0,,
OMIM:618009,Intellectual developmental disorder 61,snv_fora_do_painel,True,MED13,35,19,0,0,0,,
OMIM:618010,Glycosylphosphatidylinositol biosynthesis defect 17,snv_fora_do_painel,True,PIGH,2,2,0,0,0,,
OMIM:618011,Hyperekplexia 4,snv_fora_do_painel,True,ATAD1,2,1,0,0,0,,
OMIM:618012,Developmental and epileptic encephalopathy 93,snv_fora_do_painel,True,ATP6V1A,16,16,0,0,0,,
OMIM:618013,"Deafness, autosomal recessive 109",snv_fora_do_painel,True,ESRP1,5,3,0,0,0,,
OMIM:618014,Premature ovarian failure 14,snv_fora_do_painel,True,GDF9,5,3,0,0,0,,
OMIM:618015,"Protoporphyria, erythropoietic, 2",snv_fora_do_painel,True,CLPX,1,1,0,0,0,,
OMIM:618019,Rhizomelic skeletal dysplasia with or without Pelger-Huet anomaly,snv_fora_do_painel,True,LBR,3,3,0,0,0,,
OMIM:618021,Tetraamelia syndrome 2,snv_fora_do_painel,True,RSPO2,2,1,0,0,0,,
OMIM:618022,Humerofemoral hypoplasia with radiotibial ray deficiency,snv_fora_do_painel,True,RSPO2,1,1,0,0,0,,
OMIM:618027,Coffin-Siris syndrome 7,snv_fora_do_painel,True,DPF2,14,13,0,0,0,,
OMIM:618031,"Corneal dystrophy, posterior polymorphous, 4",snv_fora_do_painel,True,GRHL2,2,1,0,0,0,,
OMIM:618036,"Charcot-Marie-Tooth disease, axonal, type 2DD",snv_fora_do_painel,True,ATP1A1,10,10,0,0,0,,
OMIM:618042,Pulmonary alveolar proteinosis with hypogammaglobulinemia,snv_fora_do_painel,True,OAS1,2,2,0,0,0,,
OMIM:618048,Proteasome-Associated autoinflammatory syndrome 2,sem_snv,True,POMP,3,0,0,0,0,,
OMIM:618049,"Parkinsonism-dystonia, infantile, 2",snv_fora_do_painel,True,SLC18A2,7,4,0,0,0,,
OMIM:618050,"Intellectual developmental disorder, autosomal dominant 57",snv_fora_do_painel,True,TLK2,51,44,0,0,0,,
OMIM:618052,"Cardiomyopathy, familial hypertrophic 27",snv_fora_do_painel,True,ALPK3,67,31,0,0,0,,
OMIM:618056,Neurodevelopmental disorder with cerebellar atrophy and with or without seizures,snv_fora_do_painel,True,BRAT1,23,13,0,0,0,,
OMIM:618057,"Drug metabolism, altered, CES1-related",snv_fora_do_painel,True,CES1,2,1,0,0,0,,
OMIM:618060,Intellectual developmental disorder with or without epilepsy or cerebellar ataxia,snv_fora_do_painel,True,RORA,27,17,0,0,0,,
OMIM:618061,Polycystic kidney disease 6 with or without polycystic liver disease,snv_fora_do_painel,True,DNAJB11,17,8,0,0,0,,
OMIM:618063,"Ciliary dyskinesia, primary, 38",snv_fora_do_painel,True,CFAP300,10,7,0,0,0,,
OMIM:618065,"Pontocerebellar hypoplasia, type 1D",snv_fora_do_painel,True,EXOSC9,10,8,0,0,0,,
OMIM:618067,"Epileptic encephalopathy, early infantile, 66",snv_fora_do_painel,True,PACS2,1,1,0,0,0,,
OMIM:618074,"Epilepsy, familial adult myoclonic, 6",sem_variante_patogenica,True,TNRC6A,0,0,0,0,0,,
OMIM:618075,"Epilepsy, familial adult myoclonic, 7",sem_variante_patogenica,True,RAPGEF2,0,0,0,0,0,,
OMIM:618076,Neurodevelopmental disorder with spasticity and poor growth,snv_fora_do_painel,True,UFC1,6,4,0,0,0,,
OMIM:618077,Inflammatory bowel disease 29,sem_variante_patogenica,False,INAVA,0,0,0,0,0,,
OMIM:618078,Ovarian dysgenesis 6,snv_fora_do_painel,True,NUP107,2,1,0,0,0,,
OMIM:618084,Peeling skin syndrome 6,snv_fora_do_painel,True,FLG2,3,3,0,0,0,,
OMIM:618086,Spermatogenic failure 28,snv_fora_do_painel,True,FANCM,16,7,0,0,0,,
OMIM:618087,"Spinocerebellar ataxia 42, early-onset, severe, with neurodevelopmental deficits",snv_fora_do_painel,True,CACNA1G,10,10,0,0,0,,
OMIM:618088,"Neurodevelopmental disorder with regression, abnormal movements, loss of speech, and seizures",snv_fora_do_painel,True,IRF2BPL,54,20,0,0,0,,
OMIM:618089,Intellectual developmental disorder with dysmorphic facies and behavioral abnormalities,snv_fora_do_painel,True,FBXO11,91,62,0,0,0,,
OMIM:618090,Neurodevelopmental disorder with epilepsy and hypoplasia of the corpus callosum,snv_fora_do_painel,True,LNPK,8,3,0,0,0,,
OMIM:618091,Spermatogenic failure 29,snv_fora_do_painel,True,SPINK2,1,1,0,0,0,,
OMIM:618092,"Intellectual developmental disorder with dysmorphic facies, speech delay, and T-cell abnormalities",snv_fora_do_painel,True,BCL11B,37,9,0,0,0,,
OMIM:618093,Spinocerebellar ataxia 48,snv_fora_do_painel,True,STUB1,22,12,0,0,0,,
OMIM:618094,"Deafness, autosomal recessive 110",snv_fora_do_painel,True,COCH,7,4,0,0,0,,
OMIM:618095,"Intellectual developmental disorder, autosomal recessive 63",snv_fora_do_painel,True,CAMK2A,2,2,0,0,0,,
OMIM:618096,Premature ovarian failure 15,snv_fora_do_painel,True,FANCM,15,6,0,0,0,,
OMIM:618097,"Microcephaly, growth restriction, and increased sister chromatid exchange 2",snv_fora_do_painel,True,TOP3A,7,3,0,0,0,,
OMIM:618098,"Progressive external ophthalmoplegia with mitochondrial DNA deletions, autosomal recessive 5",snv_fora_do_painel,True,TOP3A,5,4,0,0,0,,
OMIM:618103,"Intellectual developmental disorder, autosomal recessive 64",snv_fora_do_painel,True,LINGO1,2,2,0,0,0,,
OMIM:618106,"Intellectual developmental disorder, autosomal dominant 58",snv_fora_do_painel,True,SET,31,12,0,0,0,,
OMIM:618107,"Osteopetrosis, autosomal dominant 3",snv_fora_do_painel,True,PLEKHM1,3,2,0,0,0,,
OMIM:618108,Immunodeficiency 57,snv_fora_do_painel,True,RIPK1,8,2,0,0,0,,
OMIM:618109,"Intellectual developmental disorder, autosomal recessive 65",snv_fora_do_painel,True,KDM5B,47,27,0,0,0,,
OMIM:618110,Spermatogenic failure 30,snv_fora_do_painel,True,TDRD9,6,2,0,0,0,,
OMIM:618112,Spermatogenic failure 31,snv_fora_do_painel,True,PMFBP1,11,7,0,0,0,,
OMIM:618113,"Encephalitis/encephalopathy, mild, with reversible myelin vacuolization",snv_fora_do_painel,True,MYRF,2,1,0,0,0,,
OMIM:618114,Liddle syndrome 2,snv_fora_do_painel,True,SCNN1G,5,2,0,0,0,,
OMIM:618115,Spermatogenic failure 32,sem_variante_patogenica,True,SOHLH1,0,0,0,0,0,,
OMIM:618116,Bone marrow failure syndrome 4,snv_fora_do_painel,True,MYSM1,8,7,0,0,0,,
OMIM:618117,Ovarian dysgenesis 7,snv_fora_do_painel,True,MRPS22,1,1,0,0,0,,
OMIM:618120,Mitochondrial complex V (ATP synthase) deficiency nuclear type 5,snv_fora_do_painel,True,ATP5F1D,4,3,0,0,0,,
OMIM:618123,"Polydactyly, postaxial, type A8",snv_fora_do_painel,True,GLI1,6,5,0,0,0,,
OMIM:618124,"Peripheral neuropathy, autosomal recessive, with or without impaired intellectual development",snv_fora_do_painel,True,MCM3AP,19,13,0,0,0,,
OMIM:618126,Liddle syndrome 3,snv_fora_do_painel,True,SCNN1A,12,7,0,0,0,,
OMIM:618129,"Muscular dystrophy, limb-girdle, autosomal dominant 4",snv_fora_do_painel,True,CAPN3,174,124,0,0,0,,
OMIM:618131,Immunodeficiency 58,snv_fora_do_painel,True,CARMIL2,16,12,0,0,0,,
OMIM:618135,"Muscular dystrophy-dystroglycanopathy (limb-girdle), type C, 8",snv_fora_do_painel,True,POMGNT2,3,3,0,0,0,,
OMIM:618138,"Muscular dystrophy, limb-girdle, autosomal recessive 23",snv_fora_do_painel,True,LAMA2,152,88,0,0,0,,
OMIM:618140,"Deafness, autosomal dominant 74",snv_fora_do_painel,True,PDE1C,4,4,0,0,0,,
OMIM:618141,"Epileptic encephalopathy, early infantile, 67",snv_fora_do_painel,True,CUX2,3,2,0,0,0,,
OMIM:618142,"Microcephaly, facial dysmorphism, renal agenesis, and ambiguous genitalia syndrome",snv_fora_do_painel,True,CTU2,6,4,0,0,0,,
OMIM:618143,Glycosylphosphatidylinositol biosynthesis defect 18,snv_fora_do_painel,True,PIGS,12,8,0,0,0,,
OMIM:618144,"Usher syndrome, type IV",snv_fora_do_painel,True,ARSG,14,10,0,0,0,,
OMIM:618145,"Deafness, autosomal recessive 111",snv_fora_do_painel,True,MPZL2,14,7,0,0,0,,
OMIM:618147,Intellectual developmental disorder with hypertelorism and distinctive facies,snv_fora_do_painel,True,CCNK,1,1,0,0,0,,
OMIM:618148,Extraoral halitosis due to MTO deficiency,snv_fora_do_painel,True,SELENBP1,4,4,0,0,0,,
OMIM:618149,Orofacial cleft 8,sem_snv,True,TP63,1,0,0,0,0,,
OMIM:618150,Saul-Wilson syndrome,snv_fora_do_painel,True,COG4,8,8,0,0,0,,
OMIM:618152,Spermatogenic failure 33,snv_fora_do_painel,True,CFAP251,12,4,0,0,0,,
OMIM:618153,Spermatogenic failure 34,snv_fora_do_painel,True,FSIP2,20,9,0,0,0,,
OMIM:618154,Hennekam lymphangiectasia-lymphedema syndrome 3,snv_fora_do_painel,True,ADAMTS3,3,3,0,0,0,,
OMIM:618155,"Ophthalmoplegia, external, with rib and vertebral anomalies",snv_fora_do_painel,True,MYF5,2,1,0,0,0,,
OMIM:618156,Squalene synthase deficiency,snv_fora_do_painel,True,FDFT1,4,2,0,0,0,,
OMIM:618157,"Growth hormone deficiency, isolated, type IV",snv_fora_do_painel,True,GHRHR,22,19,0,0,0,,
OMIM:618158,"Intellectual developmental disorder with macrocephaly, seizures, and speech delay",snv_fora_do_painel,True,PAK1,21,20,0,0,0,,
OMIM:618160,"Pituitary hormone deficiency, combined or isolated, 7",snv_fora_do_painel,True,RNPC3,11,8,0,0,0,,
OMIM:618161,Joubert syndrome 35,snv_fora_do_painel,True,ARL3,1,1,0,0,0,,
OMIM:618162,"Spondyloepimetaphyseal dysplasia, Krakow type",snv_fora_do_painel,True,SIK3,1,1,0,0,0,,
OMIM:618164,"Cardiac, facial, and digital anomalies with developmental delay",snv_fora_do_painel,True,TRAF7,15,14,0,0,0,,
OMIM:618165,Bone marrow failure syndrome 5,snv_fora_do_painel,True,TP53,5,3,0,0,0,,
OMIM:618167,"Osteochondrodysplasia, brachydactyly, and overlapping malformed digits",sem_variante_patogenica,True,CHST11,0,0,0,0,0,,
OMIM:618168,Diarrhea 9,snv_fora_do_painel,True,WNT2B,1,1,0,0,0,,
OMIM:618170,"Neurodegeneration, childhood-onset, stress-induced, with variable ataxia and seizures",snv_fora_do_painel,True,ADPRS,15,10,0,0,0,,
OMIM:618173,Retinitis pigmentosa 83,snv_fora_do_painel,True,ARL3,1,1,0,0,0,,
OMIM:618174,"Cortical dysplasia, complex, with other brain malformations 9",snv_fora_do_painel,True,CTNNA2,6,4,0,0,0,,
OMIM:618175,Warburg-Cinotti syndrome,snv_fora_do_painel,True,DDR2,1,1,0,0,0,,
OMIM:618176,"Nephrotic syndrome, type 17",snv_fora_do_painel,True,NUP85,4,4,0,0,0,,
OMIM:618177,"Nephrotic syndrome, type 18",snv_fora_do_painel,True,NUP133,3,3,0,0,0,,
OMIM:618178,"Nephrotic syndrome, type 19",snv_fora_do_painel,True,NUP160,3,2,0,0,0,,
OMIM:618179,"Microcephaly 24, primary, autosomal recessive",snv_fora_do_painel,True,NUP37,4,2,0,0,0,,
OMIM:618180,"Ectodermal dysplasia 14, hair/tooth type with or without hypohidrosis",snv_fora_do_painel,True,TSPEAR,21,12,0,0,0,,
OMIM:618182,Orthostatic hypotension 2,snv_fora_do_painel,True,CYB561,2,2,0,0,0,,
OMIM:618183,"Diarrhea 10, protein-losing enteropathy type",snv_fora_do_painel,True,PLVAP,4,3,0,0,0,,
OMIM:618184,"Neuropathy, congenital hypomyelinating, 2",snv_fora_do_painel,True,MPZ,6,4,0,0,0,,
OMIM:618185,Periventricular nodular heterotopia 8,snv_fora_do_painel,True,ARF1,10,10,0,0,0,,
OMIM:618186,"Neuropathy, congenital hypomyelinating, 3",snv_fora_do_painel,True,CNTNAP1,16,14,0,0,0,,
OMIM:618187,Ovarian dysgenesis 8,snv_fora_do_painel,True,ESR2,1,1,0,0,0,,
OMIM:618188,"Hyperparathyroidism, transient neonatal",snv_fora_do_painel,True,TRPV6,10,7,0,0,0,,
OMIM:618189,"Cardiomyopathy, dilated, 2C",snv_fora_do_painel,True,PPCS,4,3,0,0,0,,
OMIM:618193,Polycystic lipomembranous osteodysplasia with sclerosing leukoencephalopathy 2,snv_fora_do_painel,True,TREM2,10,10,0,0,0,,
OMIM:618195,Intellectual developmental disorder and retinitis pigmentosa,snv_fora_do_painel,True,SCAPER,23,13,0,0,0,,
OMIM:618196,Capillary malformation-arteriovenous malformation 2,snv_fora_do_painel,True,EPHB4,38,21,0,0,0,,
OMIM:618197,"Myasthenic syndrome, congenital, 23, presynaptic",snv_fora_do_painel,True,SLC25A1,4,3,0,0,0,,
OMIM:618198,"Myasthenic syndrome, congenital, 24, presynaptic",snv_fora_do_painel,True,MYO9A,2,2,0,0,0,,
OMIM:618201,"Epileptic encephalopathy, early infantile, 68",snv_fora_do_painel,True,TRAK1,5,3,0,0,0,,
OMIM:618204,Immunodeficiency 15A,snv_fora_do_painel,True,IKBKB,3,3,0,0,0,,
OMIM:618205,Snijders Blok-Campeau syndrome,snv_fora_do_painel,True,CHD3,80,64,0,0,0,,
OMIM:618213,"Inflammatory bowel disease, immunodeficiency, and encephalopathy",snv_fora_do_painel,True,TGFB1,4,3,0,0,0,,
OMIM:618218,Baker-Gordon syndrome,snv_fora_do_painel,True,SYT1,17,14,0,0,0,,
OMIM:618219,"Polydactyly, postaxial, type A9",snv_fora_do_painel,True,CIBAR1,2,2,0,0,0,,
OMIM:618220,Retinitis pigmentosa 84,snv_fora_do_painel,True,DHX38,1,1,0,0,0,,
OMIM:618221,"Intellectual developmental disorder, autosomal recessive 66",snv_fora_do_painel,True,FERRY3,14,7,0,0,0,,
OMIM:618222,"Mitochondrial complex I deficiency, nuclear type 2",snv_fora_do_painel,True,NDUFS8,11,11,0,0,0,,
OMIM:618223,Vertebral anomalies and variable endocrine and T-cell dysfunction,snv_fora_do_painel,True,TBX2,5,3,0,0,0,,
OMIM:618224,"Mitochondrial complex I deficiency, nuclear type 3",snv_fora_do_painel,True,NDUFS7,9,6,0,0,0,,
OMIM:618225,"Mitochondrial complex I deficiency, nuclear type 4",snv_fora_do_painel,True,NDUFV1,32,22,0,0,0,,
OMIM:618226,"Mitochondrial complex I deficiency, nuclear type 5",snv_fora_do_painel,True,NDUFS1,23,16,0,0,0,,
OMIM:618228,"Mitochondrial complex I deficiency, nuclear type 6",snv_fora_do_painel,True,NDUFS2,2,2,0,0,0,,
OMIM:618229,"Mitochondrial complex I deficiency, nuclear type 7",snv_fora_do_painel,True,NDUFV2,7,3,0,0,0,,
OMIM:618230,"Mitochondrial complex I deficiency, nuclear type 8",snv_fora_do_painel,True,NDUFS3,4,3,0,0,0,,
OMIM:618231,Epidermodysplasia verruciformis 2,snv_fora_do_painel,False,TMC8,4,2,0,0,0,,
OMIM:618232,"Mitochondrial complex I deficiency, nuclear type 9",snv_fora_do_painel,True,NDUFS6,19,12,0,0,0,,
OMIM:618233,"Mitochondrial complex I deficiency, nuclear type 10",snv_fora_do_painel,True,NDUFAF2,15,7,0,0,0,,
OMIM:618234,"Mitochondrial complex I deficiency, nuclear type 11",snv_fora_do_painel,True,NDUFAF1,1,1,0,0,0,,
OMIM:618235,"Mitochondrial complex I deficiency, nuclear type 13",snv_fora_do_painel,True,NDUFA2,3,3,0,0,0,,
OMIM:618236,"Mitochondrial complex I deficiency, nuclear type 14",snv_fora_do_painel,True,NDUFA11,1,1,0,0,0,,
OMIM:618237,"Mitochondrial complex I deficiency, nuclear type 15",sem_variante_patogenica,True,NDUFAF4,0,0,0,0,0,,
OMIM:618238,"Mitochondrial complex I deficiency, nuclear type 16",snv_fora_do_painel,True,NDUFAF5,46,29,0,0,0,,
OMIM:618239,"Mitochondrial complex I deficiency, nuclear type 17",snv_fora_do_painel,True,NDUFAF6,15,10,0,0,0,,
OMIM:618240,"Mitochondrial complex I deficiency, nuclear type 18",snv_fora_do_painel,True,NDUFAF3,6,6,0,0,0,,
OMIM:618241,"Mitochondrial complex I deficiency, nuclear type 19",snv_fora_do_painel,True,FOXRED1,17,13,0,0,0,,
OMIM:618242,"Mitochondrial complex I deficiency, nuclear type 21",snv_fora_do_painel,True,NUBPL,12,8,0,0,0,,
OMIM:618243,"Mitochondrial complex I deficiency, nuclear type 22",snv_fora_do_painel,True,NDUFA10,6,5,0,0,0,,
OMIM:618244,"Mitochondrial complex I deficiency, nuclear type 23",snv_fora_do_painel,True,NDUFA12,10,6,0,0,0,,
OMIM:618245,"Mitochondrial complex I deficiency, nuclear type 24",snv_fora_do_painel,True,NDUFB9,1,1,0,0,0,,
OMIM:618246,"Mitochondrial complex I deficiency, nuclear type 25",snv_fora_do_painel,True,NDUFB3,3,2,0,0,0,,
OMIM:618247,"Mitochondrial complex I deficiency, nuclear type 26",snv_fora_do_painel,True,NDUFA9,11,10,0,0,0,,
OMIM:618248,"Mitochondrial complex I deficiency, nuclear type 27",snv_fora_do_painel,True,MTFMT,4,3,0,0,0,,
OMIM:618249,"Mitochondrial complex I deficiency, nuclear type 28",snv_fora_do_painel,True,NDUFA13,4,2,0,0,0,,
OMIM:618250,"Mitochondrial complex I deficiency, nuclear type 29",snv_fora_do_painel,True,TMEM126B,9,3,0,0,0,,
OMIM:618251,"Mitochondrial complex I deficiency, nuclear type 31",snv_fora_do_painel,True,TIMMDC1,7,5,0,0,0,,
OMIM:618252,"Mitochondrial complex I deficiency, nuclear type 32",snv_fora_do_painel,True,NDUFB8,4,3,0,0,0,,
OMIM:618253,"Mitochondrial complex I deficiency, nuclear type 33",snv_fora_do_painel,True,NDUFA6,7,2,0,0,0,,
OMIM:618254,"Ciliary dyskinesia, primary, 39",snv_fora_do_painel,True,LRRC56,7,6,0,0,0,,
OMIM:618257,"Deafness, autosomal recessive 112",sem_snv,True,BDP1,2,0,0,0,0,,
OMIM:618261,Lymphoproliferative syndrome 3,snv_fora_do_painel,True,CD70,3,1,0,0,0,,
OMIM:618264,Mirror movements 4,snv_fora_do_painel,True,NTN1,3,2,0,0,0,,
OMIM:618265,"Arthrogryposis, cleft palate, craniosynostosis, and impaired intellectual development",snv_fora_do_painel,True,PPP3CA,5,5,0,0,0,,
OMIM:618266,"Pontocerebellar hypoplasia, type 12",snv_fora_do_painel,True,COASY,5,3,0,0,0,,
OMIM:618267,"Epidermodysplasia verruciformis, susceptibility to, 3",snv_fora_do_painel,False,CIB1,4,3,0,0,0,,
OMIM:618268,Trichohepatoneurodevelopmental syndrome,snv_fora_do_painel,True,CCDC47,7,2,0,0,0,,
OMIM:618270,Congenital anomalies of kidney and urinary tract 3,snv_fora_do_painel,True,NRIP1,3,2,0,0,0,,
OMIM:618272,"Global developmental delay, lung cysts, overgrowth, and wilms tumor",snv_fora_do_painel,True,DICER1,26,14,0,0,0,,
OMIM:618273,Mega-corpus-callosum syndrome with cerebellar hypoplasia and cortical malformations,snv_fora_do_painel,True,MAST1,12,8,0,0,0,,
OMIM:618275,Hypotrichosis 14,snv_fora_do_painel,True,LSS,6,6,0,0,0,,
OMIM:618276,"Neurodegeneration, childhood-onset, with cerebellar atrophy",snv_fora_do_painel,True,AGTPBP1,16,14,0,0,0,,
OMIM:618279,"Charcot-Marie-Tooth disease, demyelinating, type 1G",snv_fora_do_painel,True,PMP2,7,6,0,0,0,,
OMIM:618280,Cardiac-Urogenital syndrome,snv_fora_do_painel,True,MYRF,31,14,0,0,0,,
OMIM:618282,"Hyper-IgE recurrent infection syndrome 3, autosomal recessive",snv_fora_do_painel,True,ZNF341,6,4,0,0,0,,
OMIM:618283,Visual impairment and progressive phthisis bulbi,snv_fora_do_painel,True,MARK3,1,1,0,0,0,,
OMIM:618284,"Microcephaly, cataracts, impaired intellectual development, and dystonia with abnormal striatum",sem_variante_patogenica,True,KCNA4,0,0,0,0,0,,
OMIM:618285,Developmental and epileptic encephalopathy 69,snv_fora_do_painel,True,CACNA1E,18,17,0,0,0,,
OMIM:618286,"Macrocephaly, acquired, with impaired intellectual development",snv_fora_do_painel,True,NFIB,24,15,0,0,0,,
OMIM:618287,"Autoinflammatory disease, familial, Behcet-like-3",snv_fora_do_painel,True,RELA,11,7,0,0,0,,
OMIM:618291,"Spinal muscular atrophy, lower extremity-predominant, 2B, autosomal dominant",snv_fora_do_painel,True,BICD2,8,7,0,0,0,,
OMIM:618292,"Neurodevelopmental disorder with impaired intellectual development, hypotonia, and ataxia",snv_fora_do_painel,True,DOCK3,7,3,0,0,0,,
OMIM:618295,"Intellectual developmental disorder, autosomal recessive 67",snv_fora_do_painel,True,EIF3F,4,3,0,0,0,,
OMIM:618298,Developmental and epileptic encephalopathy 70,snv_fora_do_painel,True,PHACTR1,7,6,0,0,0,,
OMIM:618300,"Ciliary dyskinesia, primary, 40",snv_fora_do_painel,True,DNAH9,45,28,0,0,0,,
OMIM:618302,"Intellectual developmental disorder, autosomal recessive 68",snv_fora_do_painel,True,TRMT1,18,8,0,0,0,,
OMIM:618307,"Epidermodysplasia verruciformis, susceptibility to, 4",sem_variante_patogenica,True,RHOH,0,0,0,0,0,,
OMIM:618309,"Epidermodysplasia verruciformis, susceptibility to, 5",snv_fora_do_painel,True,IL7,3,2,0,0,0,,
OMIM:618310,Diamond-Blackfan anemia 18,snv_fora_do_painel,True,RPL18,1,1,0,0,0,,
OMIM:618313,Diamond-Blackfan anemia 20,snv_fora_do_painel,True,RPS15A,1,1,0,0,0,,
OMIM:618314,"Hypomagnesemia, seizures, and impaired intellectual development 2",snv_fora_do_painel,True,ATP1A1,7,7,0,0,0,,
OMIM:618316,Intellectual developmental disorder with cardiac defects and dysmorphic facies,snv_fora_do_painel,True,TMEM94,17,9,0,0,0,,
OMIM:618317,"Basal ganglia calcification, idiopathic, 7, autosomal recessive",snv_fora_do_painel,True,MYORG,17,8,0,0,0,,
OMIM:618321,"Encephalopathy, progressive, early-onset, with brain edema and/or leukoencephalopathy, 2",snv_fora_do_painel,True,NAXD,16,9,0,0,0,,
OMIM:618323,"Myasthenic syndrome, congenital, 25, presynaptic",snv_fora_do_painel,True,VAMP1,6,3,0,0,0,,
OMIM:618324,Congenital disorder of glycosylation with defective fucosylation 2,snv_fora_do_painel,True,FCSK,7,4,0,0,0,,
OMIM:618325,Lissencephaly 9 with complex brainstem malformation,snv_fora_do_painel,True,MACF1,17,14,0,0,0,,
OMIM:618328,"Epileptic encephalopathy, early infantile, 71",snv_fora_do_painel,True,GLS,5,3,0,0,0,,
OMIM:618329,Combined oxidative phosphorylation deficiency 37,snv_fora_do_painel,True,MICOS13,4,3,0,0,0,,
OMIM:618330,Global developmental delay with or without impaired intellectual development,snv_fora_do_painel,True,CUX1,39,25,0,0,0,,
OMIM:618331,"Encephalopathy, progressive, early-onset, with episodic rhabdomyolysis",snv_fora_do_painel,True,TRAPPC2L,3,3,0,0,0,,
OMIM:618332,Menke-Hennekam syndrome 1,snv_fora_do_painel,True,CREBBP,31,24,0,0,0,,
OMIM:618333,Menke-Hennekam syndrome 2,snv_fora_do_painel,True,EP300,12,5,0,0,0,,
OMIM:618336,"Intrauterine growth retardation, metaphyseal dysplasia, adrenal hypoplasia congenita, genital anomalies, and immunodeficiency",snv_fora_do_painel,True,POLE,6,3,0,0,0,,
OMIM:618339,"Infantile cataract, skin abnormalities, glutamate excess, and impaired intellectual development",snv_fora_do_painel,True,GLS,3,3,0,0,0,,
OMIM:618341,Spermatogenic failure 35,snv_fora_do_painel,True,QRICH2,10,7,0,0,0,,
OMIM:618342,"Intellectual developmental disorder with abnormal behavior, microcephaly, and short stature",snv_fora_do_painel,True,PUS7,31,16,0,0,0,,
OMIM:618343,Polymicrogyria with or without vascular-type EDS,snv_fora_do_painel,True,COL3A1,33,25,0,0,0,,
OMIM:618345,Retinitis pigmentosa 85,snv_fora_do_painel,True,AHR,1,1,0,0,0,,
OMIM:618346,"Microcephaly, growth deficiency, seizures, and brain malformations",snv_fora_do_painel,True,WDR4,2,2,0,0,0,,
OMIM:618347,Galloway-Mowat syndrome 6,snv_fora_do_painel,True,WDR4,8,5,0,0,0,,
OMIM:618348,Galloway-Mowat syndrome 7,snv_fora_do_painel,True,NUP107,3,2,0,0,0,,
OMIM:618349,Galloway-Mowat syndrome 8,snv_fora_do_painel,True,NUP133,2,1,0,0,0,,
OMIM:618351,"Microcephaly 25, primary, autosomal recessive",snv_fora_do_painel,True,TRAPPC14,1,1,0,0,0,,
OMIM:618353,Oocyte maturation defect 6,snv_fora_do_painel,True,ZP2,9,6,0,0,0,,
OMIM:618354,Neurodevelopmental disorder and language delay with or without structural brain abnormalities,snv_fora_do_painel,True,PPP2CA,17,12,0,0,0,,
OMIM:618356,Neurodevelopmental disorder with central and peripheral motor dysfunction,snv_fora_do_painel,True,NFASC,9,8,0,0,0,,
OMIM:618357,"Epilepsy, idiopathic generalized, susceptibility to, 15",snv_fora_do_painel,False,RORB,13,8,0,0,0,,
OMIM:618358,Cone-rod dystrophy and hearing loss 2,snv_fora_do_painel,True,CEP250,21,11,0,0,0,,
OMIM:618360,Brain small vessel disease 3,snv_fora_do_painel,True,COLGALT1,5,4,0,0,0,,
OMIM:618362,Coffin-Siris syndrome 8,snv_fora_do_painel,True,SMARCC2,26,20,0,0,0,,
OMIM:618363,"Short stature, amelogenesis imperfecta, and skeletal dysplasia with scoliosis",snv_fora_do_painel,True,SLC10A7,6,5,0,0,0,,
OMIM:618364,"Myoclonus, familial, 2",snv_fora_do_painel,True,SCN8A,4,3,0,0,0,,
OMIM:618367,"Neurodevelopmental disorder with microcephaly, epilepsy, and hypomyelination",snv_fora_do_painel,True,MTHFS,5,3,0,0,0,,
OMIM:618369,"Spinocerebellar ataxia, autosomal recessive 27",snv_fora_do_painel,True,GDAP2,6,3,0,0,0,,
OMIM:618371,Turnpenny-Fry syndrome,snv_fora_do_painel,True,PCGF2,2,2,0,0,0,,
OMIM:618372,"Gastrointestinal ulceration, recurrent, with dysfunctional platelets",snv_fora_do_painel,True,PLA2G4A,5,3,0,0,0,,
OMIM:618373,"Cancer, alopecia, pigment dyscrasia, onychodystrophy, and keratoderma",snv_fora_do_painel,True,SASH1,1,1,0,0,0,,
OMIM:618374,"Epileptic encephalopathy, early infantile, 72",snv_fora_do_painel,True,NEUROD2,4,4,0,0,0,,
OMIM:618378,Combined oxidative phosphorylation deficiency 38,snv_fora_do_painel,True,MRPS14,1,1,0,0,0,,
OMIM:618379,Developmental and epileptic encephalopathy 73,snv_fora_do_painel,True,RNF13,5,4,0,0,0,,
OMIM:618381,"Facial dysmorphism, hypertrichosis, epilepsy, intellectual/developmental delay, and gingival overgrowth syndrome",snv_fora_do_painel,True,KCNK4,2,2,0,0,0,,
OMIM:618383,"Intellectual developmental disorder, autosomal recessive 69",snv_fora_do_painel,True,ZBTB11,10,8,0,0,0,,
OMIM:618384,"Leukoencephalopathy, acute reversible, with increased urinary alpha-ketoglutarate",snv_fora_do_painel,True,SLC13A3,4,3,0,0,0,,
OMIM:618386,"Amelogenesis imperfecta, type IIIC",snv_fora_do_painel,True,RELT,5,3,0,0,0,,
OMIM:618387,"Spinocerebellar ataxia, autosomal recessive, with axonal neuropathy 3",snv_fora_do_painel,True,COA7,6,4,0,0,0,,
OMIM:618388,Fetal akinesia deformation sequence 2,snv_fora_do_painel,True,RAPSN,46,28,0,0,0,,
OMIM:618389,Fetal akinesia deformation sequence 3,snv_fora_do_painel,True,DOK7,44,19,0,0,0,,
OMIM:618392,"Spondyloepiphyseal dysplasia, Kondo-Fu type",snv_fora_do_painel,True,MBTPS1,10,9,0,0,0,,
OMIM:618393,Fetal akinesia deformation sequence 4,snv_fora_do_painel,True,NUP88,4,2,0,0,0,,
OMIM:618394,Immunodeficiency 60,snv_fora_do_painel,True,BACH2,1,1,0,0,0,,
OMIM:618395,"Spondyloepimetaphyseal dysplasia with joint laxity, type 3",snv_fora_do_painel,True,EXOC6B,6,4,0,0,0,,
OMIM:618396,"Epileptic encephalopathy, early infantile, 74",snv_fora_do_painel,True,GABRG2,14,12,0,0,0,,
OMIM:618397,Combined oxidative phosphorylation deficiency 39,snv_fora_do_painel,True,GFM2,10,6,0,0,0,,
OMIM:618398,"T-cell lymphoma, subcutaneous panniculitis-like",sem_variante_patogenica,True,HAVCR2,0,0,0,0,0,,
OMIM:618400,"Charcot-Marie-Tooth disease, axonal, type 2EE",snv_fora_do_painel,True,MPV17,39,30,0,0,0,,
OMIM:618402,"Intellectual developmental disorder, autosomal recessive 70",snv_fora_do_painel,True,RSRC1,8,6,0,0,0,,
OMIM:618404,"Leukodystrophy, hypomyelinating, 18",snv_fora_do_painel,True,DEGS1,12,9,0,0,0,,
OMIM:618406,Body mass index quantitative trait locus 20,snv_fora_do_painel,True,MC4R,31,21,0,0,0,,
OMIM:618410,"Deafness, autosomal recessive 113",snv_fora_do_painel,True,CEACAM16,4,4,0,0,0,,
OMIM:618412,"Global developmental delay, progressive ataxia, and elevated glutamine",snv_fora_do_painel,True,GLS,4,1,0,0,0,,
OMIM:618414,"Myopathy, congenital, with fast-twitch (type II) fiber atrophy",snv_fora_do_painel,True,MYL1,2,2,0,0,0,,
OMIM:618415,Cataract 48,snv_fora_do_painel,True,DNMBP,4,1,0,0,0,,
OMIM:618416,"Metabolic crises, recurrent, with variable encephalomyopathic features and neurologic regression",snv_fora_do_painel,True,SLC25A42,3,3,0,0,0,,
OMIM:618418,"Spastic paraplegia 80, autosomal dominant",snv_fora_do_painel,True,UBAP1,19,8,0,0,0,,
OMIM:618419,"Gonadal dysgenesis, dysmorphic facies, retinal dystrophy, and myopathy",snv_fora_do_painel,True,PPP2R3C,6,4,0,0,0,,
OMIM:618420,Spermatogenic failure 36,snv_fora_do_painel,True,PPP2R3C,4,4,0,0,0,,
OMIM:618422,"Deafness, autosomal recessive 100",sem_variante_patogenica,True,PPIP5K2,0,0,0,0,0,,
OMIM:618425,Neurodevelopmental disorder with impaired speech and hyperkinetic movements,snv_fora_do_painel,True,ZNF142,38,17,0,0,0,,
OMIM:618426,"Encephalopathy, acute, infection-induced, susceptibility to, 9",snv_fora_do_painel,False,NUP214,4,3,0,0,0,,
OMIM:618428,Popov-Chang syndrome,snv_fora_do_painel,True,YWHAZ,5,3,0,0,0,,
OMIM:618430,Developmental delay with variable intellectual impairment and behavioral abnormalities,snv_fora_do_painel,True,TCF20,76,29,0,0,0,,
OMIM:618431,"Hydatidiform mole, recurrent, 3",snv_fora_do_painel,True,MEI1,8,6,0,0,0,,
OMIM:618432,"Hydatidiform mole, recurrent, 4",sem_snv,True,TOP6BL,1,0,0,0,0,,
OMIM:618433,Spermatogenic failure 38,snv_fora_do_painel,True,ARMC2,6,4,0,0,0,,
OMIM:618434,"Deafness, autosomal recessive 94",snv_fora_do_painel,True,NARS2,4,3,0,0,0,,
OMIM:618435,"Arthrogryposis, distal, type 2B2",snv_fora_do_painel,True,TNNT3,5,5,0,0,0,,
OMIM:618436,"Arthrogryposis, distal, type 2B3",snv_fora_do_painel,True,MYH3,11,9,0,0,0,,
OMIM:618437,"Epileptic encephalopathy, early infantile, 75",snv_fora_do_painel,True,PARS2,4,3,0,0,0,,
OMIM:618438,"Spastic ataxia 9, autosomal recessive",sem_snv,True,CHP1,1,0,0,0,0,,
OMIM:618440,Oculoskeletodental syndrome,snv_fora_do_painel,True,PIK3C2A,7,5,0,0,0,,
OMIM:618447,Long QT syndrome 8,snv_fora_do_painel,True,CACNA1C,13,13,0,0,0,,
OMIM:618449,"Ciliary dyskinesia, primary, 41",sem_variante_patogenica,True,GAS2L2,0,0,0,0,0,,
OMIM:618451,"Neurodegeneration, early-onset, with choreoathetoid movements and microcytic anemia",snv_fora_do_painel,True,IREB2,2,2,0,0,0,,
OMIM:618453,Intellectual developmental disorder with short stature and variable skeletal anomalies,snv_fora_do_painel,True,WIPI2,2,2,0,0,0,,
OMIM:618454,Developmental delay with or without dysmorphic facies and autism,snv_fora_do_painel,True,TRRAP,20,19,0,0,0,,
OMIM:618456,"Deafness, autosomal recessive 114",snv_fora_do_painel,True,GRAP,1,1,0,0,0,,
OMIM:618457,"Deafness, autosomal recessive 115",sem_snv,True,SPNS2,2,0,0,0,0,,
OMIM:618458,Knobloch syndrome 2,snv_fora_do_painel,True,PAK2,2,2,0,0,0,,
OMIM:618459,Immunodeficiency 62,sem_variante_patogenica,True,ARHGEF1,0,0,0,0,0,,
OMIM:618460,Khan-Khan-Katsanis syndrome,snv_fora_do_painel,True,NCAPG2,1,1,0,0,0,,
OMIM:618462,"Bleeding disorder, platelet-type, 22",snv_fora_do_painel,True,EPHB2,1,1,0,0,0,,
OMIM:618463,"Hypoalphalipoproteinemia, primary, 2",snv_fora_do_painel,True,APOA1,10,8,0,0,0,,
OMIM:618464,Paragangliomas 6,snv_fora_do_painel,True,SLC25A11,5,4,0,0,0,,
OMIM:618468,"Epileptic encephalopathy, early infantile, 76",snv_fora_do_painel,True,ACTL6B,30,24,0,0,0,,
OMIM:618469,"Contractures, pterygia, and variable skeletal fusions syndrome 1B",snv_fora_do_painel,True,MYH3,13,9,0,0,0,,
OMIM:618470,Intellectual developmental disorder with severe speech and ambulation defects,snv_fora_do_painel,True,ACTL6B,7,5,0,0,0,,
OMIM:618475,Paragangliomas 7,sem_variante_patogenica,True,DLST,0,0,0,0,0,,
OMIM:618476,"Brain abnormalities, neurodegeneration, and dysosteosclerosis",snv_fora_do_painel,True,CSF1R,11,10,0,0,0,,
OMIM:618477,URIDINE-CYTIDINEURIA,sem_variante_patogenica,True,SLC28A1,0,0,0,0,0,,
OMIM:618479,"Cerebellar, ocular, craniofacial, and genital syndrome",snv_fora_do_painel,True,MAB21L1,6,3,0,0,0,,
OMIM:618480,Neurodevelopmental disorder with seizures and speech and walking impairment,snv_fora_do_painel,True,DHPS,3,2,0,0,0,,
OMIM:618481,"Deafness, autosomal recessive 99",sem_variante_patogenica,True,TMEM132E,0,0,0,0,0,,
OMIM:618482,"Generalized epilepsy with febrile seizures plus, type 10",snv_fora_do_painel,True,HCN1,14,13,0,0,0,,
OMIM:618484,"Arthrogryposis multiplex congenita 3, myogenic type",snv_fora_do_painel,True,SYNE1,25,19,0,0,0,,
OMIM:618492,Neurodevelopmental disorder with microcephaly and structural brain anomalies,snv_fora_do_painel,True,DYNC1I2,4,4,0,0,0,,
OMIM:618494,"Congenital hypotonia, epilepsy, developmental delay, and digital anomalies",snv_fora_do_painel,True,ATN1,11,8,0,0,0,,
OMIM:618495,Immunodeficiency 63 with lymphoproliferation and autoimmunity,snv_fora_do_painel,True,IL2RB,2,2,0,0,0,,
OMIM:618496,Aortic valve disease 3,snv_fora_do_painel,True,ROBO4,4,2,0,0,0,,
OMIM:618497,Neurodevelopmental disorder with seizures and nonepileptic hyperkinetic movements,snv_fora_do_painel,True,CACNA1B,9,2,0,0,0,,
OMIM:618498,"Polydactyly, postaxial, type A10",snv_fora_do_painel,True,KIAA0825,6,3,0,0,0,,
OMIM:618499,Noonan syndrome 11,snv_fora_do_painel,True,MRAS,3,3,0,0,0,,
OMIM:618501,Cerebellar atrophy with seizures and variable developmental delay,snv_fora_do_painel,True,CACNA2D2,15,12,0,0,0,,
OMIM:618504,"Intellectual developmental disorder, autosomal recessive 71",snv_fora_do_painel,True,ALKBH8,6,3,0,0,0,,
OMIM:618505,Stolerman neurodevelopmental syndrome,snv_fora_do_painel,True,KDM6B,86,41,0,0,0,,
OMIM:618506,Coffin-Siris syndrome 10,snv_fora_do_painel,True,SOX4,20,14,0,0,0,,
OMIM:618511,"Neuropathy, hereditary motor and sensory, type VIC, with optic atrophy",snv_fora_do_painel,True,PDXK,3,3,0,0,0,,
OMIM:618512,O'donnell-Luria-Rodan syndrome,snv_fora_do_painel,True,KMT2E,65,32,0,0,0,,
OMIM:618513,Leber congenital amaurosis 19,snv_fora_do_painel,True,USP45,6,3,0,0,0,,
OMIM:618522,Intellectual developmental disorder 59,snv_fora_do_painel,True,CAMK2G,4,3,0,0,0,,
OMIM:618523,"Hyper-IgE recurrent infection syndrome 4, autosomal recessive",snv_fora_do_painel,True,IL6ST,3,2,0,0,0,,
OMIM:618524,"Myopathy, congenital, with tremor",snv_fora_do_painel,True,MYBPC1,6,5,0,0,0,,
OMIM:618527,"Ichthyotic keratoderma, spasticity, hypomyelination, and dysmorphic facial features",snv_fora_do_painel,True,ELOVL1,1,1,0,0,0,,
OMIM:618528,Mitochondrial DNA depletion syndrome 16 (hepatic type),snv_fora_do_painel,True,POLG2,1,1,0,0,0,,
OMIM:618529,"Robinow syndrome, autosomal recessive 2",snv_fora_do_painel,True,NXN,2,1,0,0,0,,
OMIM:618531,Erythrokeratodermia veriabilis et progressiva 6,snv_fora_do_painel,True,TRPM4,2,2,0,0,0,,
OMIM:618533,"Deafness, autosomal dominant 37",snv_fora_do_painel,True,COL11A1,15,14,0,0,0,,
OMIM:618534,Immunodeficiency 64,snv_fora_do_painel,True,RASGRP1,12,8,0,0,0,,
OMIM:618535,"Ectodermal dysplasia 15, Hypohidrotic/hair type",snv_fora_do_painel,True,CST6,2,1,0,0,0,,
OMIM:618541,"Hypopigmentation, organomegaly, and delayed myelination and development",snv_fora_do_painel,True,CLCN7,3,3,0,0,0,,
OMIM:618546,"Trichothiodystrophy 7, nonphotosensitive",snv_fora_do_painel,True,TARS1,4,3,0,0,0,,
OMIM:618547,Neurodevelopmental disorder with visual defects and brain anomalies,snv_fora_do_painel,True,HK1,10,9,0,0,0,,
OMIM:618548,"Epileptic encephalopathy, early infantile, 77",snv_fora_do_painel,True,PIGQ,10,5,0,0,0,,
OMIM:618549,"Hepatitis, fulminant viral, susceptibility to",sem_variante_patogenica,False,IL18BP,0,0,0,0,0,,
OMIM:618550,Oocyte maturation defect 7,snv_fora_do_painel,True,PANX1,4,3,0,0,0,,
OMIM:618555,"Night blindness, congenital stationary, type 1I",snv_fora_do_painel,True,GUCY2D,26,19,0,0,0,,
OMIM:618557,"Epileptic encephalopathy, early infantile, 78",snv_fora_do_painel,True,GABRA2,13,12,0,0,0,,
OMIM:618559,"Epileptic encephalopathy, early infantile, 79",snv_fora_do_painel,True,GABRA5,4,4,0,0,0,,
OMIM:618564,"Microangiopathy and leukoencephalopathy, pontine, autosomal dominant",snv_fora_do_painel,True,COL4A1,48,38,0,0,0,,
OMIM:618567,Mitochondrial DNA depletion syndrome 17,snv_fora_do_painel,True,MRM2,2,2,0,0,0,,
OMIM:618569,"Neurodevelopmental disorder with ataxia, hypotonia, and microcephaly",snv_fora_do_painel,True,SVBP,4,2,0,0,0,,
OMIM:618571,"Neurodevelopmental disorder with cataracts, poor growth, and dysmorphic facies",snv_fora_do_painel,True,INTS1,14,9,0,0,0,,
OMIM:618572,Neurodevelopmental disorder with cerebellar hypoplasia and spasticity,snv_fora_do_painel,True,INTS8,2,1,0,0,0,,
OMIM:618573,"Hypothyroidism, congenital, nongoitrous, 7",snv_fora_do_painel,True,TRHR,7,4,0,0,0,,
OMIM:618577,Neurodevelopmental disorder with structural brain anomalies and dysmorphic facies,snv_fora_do_painel,True,RAC3,9,8,0,0,0,,
OMIM:618578,"Myopathy, congenital, progressive, with scoliosis",snv_fora_do_painel,True,PAX7,4,4,0,0,0,,
OMIM:618580,"Epileptic encephalopathy, early infantile, 80",snv_fora_do_painel,True,PIGB,10,10,0,0,0,,
OMIM:618587,Intellectual developmental disorder 60 with seizures,snv_fora_do_painel,True,AP2M1,2,2,0,0,0,,
OMIM:618590,"Neurodevelopmental disorder with brain anomalies, seizures, and scoliosis",snv_fora_do_painel,True,PIGU,3,2,0,0,0,,
OMIM:618591,"Short sleep, familial natural, 2",snv_fora_do_painel,True,ADRB1,1,1,0,0,0,,
OMIM:618594,"Nephrotic syndrome, type 21",snv_fora_do_painel,True,AVIL,7,6,0,0,0,,
OMIM:618596,"Epilepsy, idiopathic generalized, susceptibility to, 16",sem_variante_patogenica,False,KCNMA1,0,0,0,0,0,,
OMIM:618598,"Spastic tetraplegia and axial hypotonia, progressive",snv_fora_do_painel,True,SOD1,9,7,0,0,0,,
OMIM:618603,Neurodevelopmental disorder with hypotonia and variable intellectual and behavioral abnormalities,snv_fora_do_painel,True,POLR2A,34,26,0,0,0,,
OMIM:618604,Snijders Blok-Fisher syndrome,snv_fora_do_painel,True,POU3F3,34,22,0,0,0,,
OMIM:618606,"Pontocerebellar hypoplasia, type 13",snv_fora_do_painel,True,VPS51,5,2,0,0,0,,
OMIM:618608,"Intellectual developmental disorder with nasal speech, dysmorphic facies, and variable skeletal anomalies",snv_fora_do_painel,True,CNOT2,3,1,0,0,0,,
OMIM:618612,"Lower urinary tract obstruction, congenital",snv_fora_do_painel,True,BNC2,2,2,0,0,0,,
OMIM:618613,Retinitis pigmentosa 86,snv_fora_do_painel,True,KIAA1549,4,2,0,0,0,,
OMIM:618618,"Spondyloepiphyseal dysplasia, Nishimura type",snv_fora_do_painel,True,MIR140,1,1,0,0,0,,
OMIM:618619,Weiss-Kruszka syndrome,snv_fora_do_painel,True,ZNF462,50,21,0,0,0,,
OMIM:618620,Abdominal obesity-metabolic syndrome 4,snv_fora_do_painel,True,CELA2A,4,4,0,0,0,,
OMIM:618622,"Neurodevelopmental disorder with microcephaly, arthrogryposis, and structural brain anomalies",snv_fora_do_painel,True,SMPD4,23,11,0,0,0,,
OMIM:618624,Noonan syndrome 12,snv_fora_do_painel,True,RRAS2,5,4,0,0,0,,
OMIM:618625,"Rothmund-thomson syndrome, type 1",snv_fora_do_painel,True,ANAPC1,3,2,0,0,0,,
OMIM:618632,"Usher syndrome, type 1M",sem_snv,True,ESPN,3,0,0,0,0,,
OMIM:618635,Siddiqi syndrome,snv_fora_do_painel,True,FITM2,5,4,0,0,0,,
OMIM:618637,Oculopharyngeal myopathy with leukoencephalopathy 1,sem_variante_patogenica,True,NUTM2B-AS1,0,0,0,0,0,,
OMIM:618641,Infantile liver failure syndrome 3,snv_fora_do_painel,True,RINT1,4,2,0,0,0,,
OMIM:618643,Spermatogenic failure 39,snv_fora_do_painel,True,DNAH17,12,8,0,0,0,,
OMIM:618644,"Osteogenesis imperfecta, type XX",snv_fora_do_painel,True,MESD,5,1,0,0,0,,
OMIM:618646,Diencephalic-mesencephalic junction dysplasia syndrome 2,sem_variante_patogenica,True,GSX2,0,0,0,0,0,,
OMIM:618648,"Immunodeficiency 65, susceptibility to viral infections",sem_variante_patogenica,True,IRF9,0,0,0,0,0,,
OMIM:618651,"Neurodevelopmental disorder with spastic quadriplegia, optic atrophy, seizures, and structural brain anomalies",sem_snv,True,SEC31A,1,0,0,0,0,,
OMIM:618652,Neurooculocardiogenitourinary syndrome,snv_fora_do_painel,True,WDR37,10,8,0,0,0,,
OMIM:618653,Intellectual developmental disorder with impaired language and dysmorphic facies,snv_fora_do_painel,True,DDX6,9,8,0,0,0,,
OMIM:618654,"Myopathy, congenital with structured cores and Z-line abnormalities",snv_fora_do_painel,True,ACTN2,3,2,0,0,0,,
OMIM:618655,"Myopathy, distal, 6, adult onset",snv_fora_do_painel,True,ACTN2,1,1,0,0,0,,
OMIM:618658,Zimmermann-Laband syndrome 3,snv_fora_do_painel,True,KCNN3,5,4,0,0,0,,
OMIM:618659,Neurodevelopmental disorder with dysmorphic facies and distal skeletal anomalies,snv_fora_do_painel,True,ZMIZ1,25,13,0,0,0,,
OMIM:618660,Hemolytic anemia due to glutathione reductase deficiency,snv_fora_do_painel,True,GSR,8,4,0,0,0,,
OMIM:618662,"Diarrhea 11, malabsorptive, congenital",snv_fora_do_painel,True,PERCC1,5,3,0,0,0,,
OMIM:618663,"Epileptic encephalopathy, early infantile, 81",snv_fora_do_painel,True,DMXL2,8,6,0,0,0,,
OMIM:618664,Spermatogenic failure 40,snv_fora_do_painel,True,CFAP65,6,4,0,0,0,,
OMIM:618666,Sitosterolemia 2,snv_fora_do_painel,True,ABCG5,23,18,0,0,0,,
OMIM:618667,"Hydrocephalus, congenital communicating, 1",snv_fora_do_painel,True,TRIM71,4,3,0,0,0,,
OMIM:618670,Spermatogenic failure 41,snv_fora_do_painel,True,CFAP70,1,1,0,0,0,,
OMIM:618672,"Intellectual developmental disorder with speech delay, autism, and dysmorphic facies",snv_fora_do_painel,True,CNOT3,51,28,0,0,0,,
OMIM:618674,"Pulmonary fibrosis and/or bone marrow failure, telomere-related, 5",snv_fora_do_painel,True,ZCCHC8,2,2,0,0,0,,
OMIM:618677,"Cortical dysplasia, complex, with other brain malformations 10",snv_fora_do_painel,True,APC2,7,2,0,0,0,,
OMIM:618680,"Pancreatic cancer, susceptibility to, 5",sem_variante_patogenica,False,RABL3,0,0,0,0,0,,
OMIM:618681,Lessel-Kubisch syndrome,snv_fora_do_painel,True,MDM2,1,1,0,0,0,,
OMIM:618683,"Mitochondrial complex V (ATP synthase) deficiency, nuclear type 6",snv_fora_do_painel,True,ATP5MK,3,2,0,0,0,,
OMIM:618687,Intellectual developmental disorder with short stature and behavioral abnormalities,snv_fora_do_painel,True,IQSEC1,2,2,0,0,0,,
OMIM:618688,"Leukodystrophy, hypomyelinating, 19, transient infantile",snv_fora_do_painel,True,TMEM63A,10,9,0,0,0,,
OMIM:618695,"Ciliary dyskinesia, primary, 42",snv_fora_do_painel,True,MCIDAS,5,4,0,0,0,,
OMIM:618697,Retinitis pigmentosa 87 with choroidal involvement,snv_fora_do_painel,True,RPE65,44,33,0,0,0,,
OMIM:618699,"Ciliary dyskinesia, primary, 43",snv_fora_do_painel,True,FOXJ1,8,2,0,0,0,,
OMIM:618702,Short stature and microcephaly with genital anomalies,snv_fora_do_painel,True,CENPT,1,1,0,0,0,,
OMIM:618707,Neurodevelopmental disorder with absent language and variable seizures,snv_fora_do_painel,True,WASF1,9,4,0,0,0,,
OMIM:618709,Neurodevelopmental disorder with nonspecific brain abnormalities and with or without seizures,snv_fora_do_painel,True,DLL1,36,17,0,0,0,,
OMIM:618718,"Neurodevelopmental disorder with behavioral abnormalities, absent speech, and hypotonia",snv_fora_do_painel,True,NTNG2,7,6,0,0,0,,
OMIM:618719,"Megabladder, congenital",snv_fora_do_painel,True,MYOCD,10,6,0,0,0,,
OMIM:618721,"Epileptic encephalopathy, early infantile, 82",snv_fora_do_painel,True,GOT2,4,3,0,0,0,,
OMIM:618723,Premature ovarian failure 16,sem_snv,True,BNC1,1,0,0,0,0,,
OMIM:618724,Heyn-Sproul-Jackson syndrome,snv_fora_do_painel,True,DNMT3A,10,7,0,0,0,,
OMIM:618725,Intellectual developmental disorder with behavioral abnormalities and craniofacial dysmorphism with or without seizures,snv_fora_do_painel,True,PHF21A,22,14,0,0,0,,
OMIM:618727,"Ectodermal dysplasia with facial dysmorphism and acral, ocular, and brain anomalies, somatic mosaic",snv_fora_do_painel,True,RHOA,2,2,0,0,0,,
OMIM:618728,"Spondyloepimetaphyseal dysplasia, Isidor-Toutain type",snv_fora_do_painel,True,RPL13,8,7,0,0,0,,
OMIM:618729,Liang-Wang syndrome,snv_fora_do_painel,True,KCNMA1,7,7,0,0,0,,
OMIM:618730,"Neurodevelopmental disorder with microcephaly, cortical malformations, and spasticity",snv_fora_do_painel,True,TMX2,7,4,0,0,0,,
OMIM:618731,Neurodevelopmental disorder with brain anomalies and with or without vertebral or cardiac anomalies,snv_fora_do_painel,True,DHX37,5,5,0,0,0,,
OMIM:618732,Poirier-Bienvenu neurodevelopmental syndrome,snv_fora_do_painel,True,CSNK2B,73,52,0,0,0,,
OMIM:618733,Neuromuscular disease and ocular or auditory anomalies with or without seizures,snv_fora_do_painel,True,DHX16,6,6,0,0,0,,
OMIM:618734,"Aneurysm, intracranial berry, 12",snv_fora_do_painel,True,THSD1,1,1,0,0,0,,
OMIM:618736,Structural brain anomalies with impaired intellectual development and craniosynostosis,snv_fora_do_painel,True,ZIC1,5,4,0,0,0,,
OMIM:618737,"Pachygyria, microcephaly, developmental delay, and dysmorphic facies, with or without seizures",snv_fora_do_painel,True,TUBGCP2,2,2,0,0,0,,
OMIM:618741,"Neurodevelopmental disorder with epilepsy, spasticity, and brain atrophy",snv_fora_do_painel,True,TRAPPC4,4,2,0,0,0,,
OMIM:618744,"Epileptic encephalopathy, early infantile, 83",snv_fora_do_painel,True,UGP2,1,1,0,0,0,,
OMIM:618745,Spermatogenic failure 42,snv_fora_do_painel,True,TTC29,8,6,0,0,0,,
OMIM:618748,Intellectual developmental disorder with hypotonia and behavioral abnormalities,snv_fora_do_painel,True,CDK8,13,13,0,0,0,,
OMIM:618751,Spermatogenic failure 43,snv_fora_do_painel,True,SPEF2,8,3,0,0,0,,
OMIM:618752,"Neutropenia, severe congenital, 8, autosomal dominant",snv_fora_do_painel,True,SRP54,7,6,0,0,0,,
OMIM:618760,Neurodevelopmental disorder with hypotonia and autistic features with or without hyperkinetic movements,snv_fora_do_painel,True,VAMP2,8,5,0,0,0,,
OMIM:618761,Catifa syndrome,snv_fora_do_painel,True,RIC1,1,1,0,0,0,,
OMIM:618763,Joubert syndrome 36,snv_fora_do_painel,True,FAM149B1,11,7,0,0,0,,
OMIM:618766,"Arthrogryposis multiplex congenita, neurogenic, with agenesis of the corpus callosum",snv_fora_do_painel,True,SCYL2,8,2,0,0,0,,
OMIM:618767,Meesmann corneal dystrophy 2,snv_fora_do_painel,True,KRT3,5,5,0,0,0,,
OMIM:618768,"Spastic paraplegia 81, autosomal recessive",snv_fora_do_painel,True,SELENOI,4,4,0,0,0,,
OMIM:618770,"Spastic paraplegia 82, autosomal recessive",snv_fora_do_painel,True,PCYT2,10,10,0,0,0,,
OMIM:618773,Lymphatic malformation 8,sem_snv,True,CALCRL,1,0,0,0,0,,
OMIM:618774,CEBALID syndrome,snv_fora_do_painel,True,MN1,25,16,0,0,0,,
OMIM:618775,"Mitochondrial complex III deficiency, nuclear type 10",snv_fora_do_painel,True,UQCRFS1,3,3,0,0,0,,
OMIM:618776,"Mitochondrial complex I deficiency, nuclear type 34",snv_fora_do_painel,True,NDUFAF8,5,4,0,0,0,,
OMIM:618778,"Deafness, autosomal dominant 75",snv_fora_do_painel,True,TRRAP,2,2,0,0,0,,
OMIM:618779,Coffin-Siris syndrome 11,snv_fora_do_painel,True,SMARCD1,7,6,0,0,0,,
OMIM:618780,"Congenital heart defects, multiple types, 7",snv_fora_do_painel,True,FLT4,19,12,0,0,0,,
OMIM:618781,"Ciliary dyskinesia, primary, 44",snv_fora_do_painel,True,NEK10,10,6,0,0,0,,
OMIM:618782,Long QT syndrome 16,snv_fora_do_painel,True,CALM3,2,2,0,0,0,,
OMIM:618786,Imagawa-Matsumoto syndrome,snv_fora_do_painel,True,SUZ12,20,14,0,0,0,,
OMIM:618787,"Deafness, autosomal dominant 76",snv_fora_do_painel,True,PLS1,2,2,0,0,0,,
OMIM:618792,"Epileptic encephalopathy, early infantile, 84",snv_fora_do_painel,True,UGDH,10,9,0,0,0,,
OMIM:618793,Intellectual developmental disorder 62,snv_fora_do_painel,True,DLG4,78,46,0,0,0,,
OMIM:618795,Juvenile arthritis,snv_fora_do_painel,True,LACC1,7,2,0,0,0,,
OMIM:618797,"Neurodevelopmental disorder with hypotonia, neonatal respiratory insufficiency, and thermodysregulation",snv_fora_do_painel,True,RALGAPA1,9,6,0,0,0,,
OMIM:618798,Beck-Fahrner syndrome,snv_fora_do_painel,True,TET3,29,17,0,0,0,,
OMIM:618800,"Spinocerebellar ataxia, autosomal recessive 28",snv_fora_do_painel,True,THG1L,2,2,0,0,0,,
OMIM:618801,"Ciliary dyskinesia, primary, 45",snv_fora_do_painel,True,TTC12,5,4,0,0,0,,
OMIM:618803,"Respiratory papillomatosis, juvenile recurrent, congenital",snv_fora_do_painel,True,NLRP1,1,1,0,0,0,,
OMIM:618804,Sandestig-Stefanova syndrome,snv_fora_do_painel,True,NUP188,13,6,0,0,0,,
OMIM:618805,Triokinase and FMN cyclase deficiency syndrome,snv_fora_do_painel,True,TKFC,2,2,0,0,0,,
OMIM:618806,"T-cell lymphopenia, infantile, with or without nail dystrophy, autosomal dominant",snv_fora_do_painel,True,FOXN1,20,6,0,0,0,,
OMIM:618808,Intellectual developmental disorder with poor growth and with or without seizures or ataxia,snv_fora_do_painel,True,ABCA2,11,5,0,0,0,,
OMIM:618810,"Pontocerebellar hypoplasia, hypotonia, and respiratory insufficiency syndrome, neonatal lethal",snv_fora_do_painel,True,ATAD3A,7,4,0,0,0,,
OMIM:618811,Mitochondrial DNA depletion syndrome 18,snv_fora_do_painel,True,SLC25A21,1,1,0,0,0,,
OMIM:618820,Genitourinary and/or/brain malformation syndrome,snv_fora_do_painel,True,PPP1R12A,24,11,0,0,0,,
OMIM:618821,Rhizomelic limb shortening with dysmorphic features,snv_fora_do_painel,True,PKDCC,11,6,0,0,0,,
OMIM:618822,"Myopathy, congenital, with respiratory insufficiency and bone fractures",sem_snv,True,FXR1,1,0,0,0,0,,
OMIM:618823,"Myopathy, congenital proximal, with minicore lesions",sem_snv,True,FXR1,2,0,0,0,0,,
OMIM:618824,"Basal ganglia calcification, idiopathic, 8, autosomal recessive",snv_fora_do_painel,True,JAM2,7,4,0,0,0,,
OMIM:618825,"Intellectual developmental disorder, autosomal dominant 63, with macrocephaly",snv_fora_do_painel,True,TRIO,17,12,0,0,0,,
OMIM:618826,Retinitis pigmentosa 88,snv_fora_do_painel,True,RP1L1,17,13,0,0,0,,
OMIM:618827,Myopia 27,snv_fora_do_painel,True,CPSF1,6,4,0,0,0,,
OMIM:618828,"Nabais Sa-de Vries syndrome, type 1",snv_fora_do_painel,True,SPOP,3,3,0,0,0,,
OMIM:618829,"Nabais Sa-de vries syndrome, type 2",snv_fora_do_painel,True,SPOP,1,1,0,0,0,,
OMIM:618830,"Autism, susceptibility to, 20",sem_variante_patogenica,False,NLGN1,0,0,0,0,0,,
OMIM:618832,"Epilepsy, early-onset, with or without developmental delay",snv_fora_do_painel,True,SETD1A,10,8,0,0,0,,
OMIM:618835,Combined oxidative phosphorylation deficiency 40,snv_fora_do_painel,True,QRSL1,5,4,0,0,0,,
OMIM:618838,Combined oxidative phosphorylation deficiency 41,snv_fora_do_painel,True,GATB,4,2,0,0,0,,
OMIM:618839,Combined oxidative phosphorylation deficiency 42,snv_fora_do_painel,True,GATC,1,1,0,0,0,,
OMIM:618840,Alopecia-intellectual disability syndrome 4,snv_fora_do_painel,True,LSS,18,16,0,0,0,,
OMIM:618841,Hypogonadotropic hypogonadism 25 with anosmia,snv_fora_do_painel,True,NDNF,5,2,0,0,0,,
OMIM:618845,"Vertebral, cardiac, renal, and limb defects syndrome 3",snv_fora_do_painel,True,NADSYN1,12,10,0,0,0,,
OMIM:618846,Diets-Jongmans syndrome,snv_fora_do_painel,True,KDM3B,21,16,0,0,0,,
OMIM:618847,Immunodeficiency 66,snv_fora_do_painel,True,MRTFA,1,1,0,0,0,,
OMIM:618848,"Muscular dystrophy, limb-girdle, autosomal recessive 26",snv_fora_do_painel,True,POPDC3,6,6,0,0,0,,
OMIM:618849,Bone marrow failure syndrome 6,sem_variante_patogenica,True,MDM4,0,0,0,0,0,,
OMIM:618850,Hypervalinemia or hyperleucine-isoleucinemia,snv_fora_do_painel,True,BCAT2,7,5,0,0,0,,
OMIM:618851,Combined oxidative phosphorylation deficiency 43,snv_fora_do_painel,True,TIMM22,1,1,0,0,0,,
OMIM:618852,Autoinflammation with episodic fever and lymphadenopathy,snv_fora_do_painel,True,RIPK1,4,4,0,0,0,,
OMIM:618853,Anauxetic dysplasia 3,snv_fora_do_painel,True,RMP64,2,1,0,0,0,,
OMIM:618855,Combined oxidative phosphorylation deficiency 44,snv_fora_do_painel,True,FASTKD2,24,14,0,0,0,,
OMIM:618856,"Diabetes, permanent neonatal 2, with or without neurologic features",snv_fora_do_painel,True,KCNJ11,13,11,0,0,0,,
OMIM:618857,"Diabetes mellitus, permanent neonatal 3, with or without neurologic features",snv_fora_do_painel,True,ABCC8,95,73,0,0,0,,
OMIM:618858,"Diabetes mellitus, permanent neonatal 4",snv_fora_do_painel,True,INS,8,8,0,0,0,,
OMIM:618859,Neurodevelopmental disorder with or without autistic features and/or structural brain abnormalities,sem_snv,True,NOVA2,10,0,0,0,0,,
OMIM:618862,"Neurodevelopmental disorder with hypotonia, microcephaly, and seizures",snv_fora_do_painel,True,ADARB1,7,6,0,0,0,,
OMIM:618863,Retinal dystrophy with leukodystrophy,snv_fora_do_painel,True,ACBD5,3,2,0,0,0,,
OMIM:618866,"Tremor, hereditary essential, 6",snv_fora_do_painel,True,NOTCH2NLC,1,1,0,0,0,,
OMIM:618868,"Neurodegeneration, childhood-onset, with ataxia, tremor, optic atrophy, and cognitive decline",sem_snv,True,SLC44A1,3,0,0,0,0,,
OMIM:618870,"Skeletal dysplasia, mild, with joint laxity and advanced bone age",snv_fora_do_painel,True,CSGALNACT1,7,5,0,0,0,,
OMIM:618872,Nizon-Isidor syndrome,snv_fora_do_painel,True,MED12L,15,11,0,0,0,,
OMIM:618873,Lissencephaly 10,snv_fora_do_painel,True,CEP85L,8,6,0,0,0,,
OMIM:618875,"Seizures, early-onset, with neurodegeneration and brain calcification",snv_fora_do_painel,True,NRROS,11,6,0,0,0,,
OMIM:618876,"Epilepsy, progressive myoclonic, 11",snv_fora_do_painel,True,SEMA6B,16,4,0,0,0,,
OMIM:618877,"Leukoencephalopathy, developmental delay, and episodic neurologic regression syndrome",snv_fora_do_painel,True,EIF2AK2,2,1,0,0,0,,
OMIM:618878,"Leukoencephalopathy, motor delay, spasticity, and dysarthria syndrome",sem_snv,True,EIF2AK1,1,0,0,0,0,,
OMIM:618879,"Neurodevelopmental disorder with hypotonia and cerebellar atrophy, with or without seizures",snv_fora_do_painel,True,PIGK,10,8,0,0,0,,
OMIM:618880,"Glaucoma, primary closed-angle",snv_fora_do_painel,True,COL18A1,5,1,0,0,0,,
OMIM:618881,Galactosemia IV,snv_fora_do_painel,True,GALM,4,2,0,0,0,,
OMIM:618882,Imerslund-Grasbeck syndrome 2,snv_fora_do_painel,True,AMN,32,14,0,0,0,,
OMIM:618883,"Hypoparathyroidism, familial isolated 2",snv_fora_do_painel,True,GCM2,11,7,0,0,0,,
OMIM:618884,"Proteinuria, chronic benign",snv_fora_do_painel,True,CUBN,104,55,0,0,0,,
OMIM:618885,"Congenital disorder of glycosylation, type IIt",snv_fora_do_painel,True,GALNT2,7,6,0,0,0,,
OMIM:618886,Pseudo-Torch syndrome 3,snv_fora_do_painel,True,STAT2,1,1,0,0,0,,
OMIM:618889,Liberfarb syndrome,snv_fora_do_painel,True,PISD,3,2,0,0,0,,
OMIM:618890,Neurodevelopmental disorder and structural brain anomalies with or without seizures and spasticity,snv_fora_do_painel,True,PTPN23,13,7,0,0,0,,
OMIM:618891,"Microcephaly, developmental delay, and brittle hair syndrome",snv_fora_do_painel,True,CARS1,7,5,0,0,0,,
OMIM:618892,Harderoporphyria,snv_fora_do_painel,True,CPOX,3,3,0,0,0,,
OMIM:618901,"46,XX sex reversal 5",sem_snv,True,NR2F2,3,0,0,0,0,,
OMIM:618906,"Intellectual developmental disorder with autistic features and language delay, with or without seizures",snv_fora_do_painel,True,TANC2,20,12,0,0,0,,
OMIM:618907,Silver-Russell syndrome 4,snv_fora_do_painel,True,PLAG1,7,4,0,0,0,,
OMIM:618908,Silver-Russell syndrome 5,snv_fora_do_painel,True,HMGA2,9,3,0,0,0,,
OMIM:618910,"Epileptic encephalopathy, early infantile, 86",snv_fora_do_painel,True,DALRD3,1,1,0,0,0,,
OMIM:618912,Sorbitol dehydrogenase deficiency with peripheral neuropathy,snv_fora_do_painel,True,SORD,7,5,0,0,0,,
OMIM:618913,Fanconi renotubular syndrome 5,snv_fora_do_painel,True,NDUFAF6,2,1,0,0,0,,
OMIM:618914,"Neurodevelopmental, jaw, eye, and digital syndrome",snv_fora_do_painel,True,FBXW11,7,7,0,0,0,,
OMIM:618915,"Deafness, autosomal dominant 77",snv_fora_do_painel,True,ABCC1,1,1,0,0,0,,
OMIM:618916,"Epileptic encephalopathy, early infantile, 87",snv_fora_do_painel,True,CDK19,6,6,0,0,0,,
OMIM:618917,Neurodevelopmental disorder with language impairment and behavioral abnormalities,snv_fora_do_painel,True,GRIA2,28,24,0,0,0,,
OMIM:618918,Periventricular nodular heterotopia 9,snv_fora_do_painel,True,MAP1B,25,13,0,0,0,,
OMIM:618920,"Arrhythmogenic right ventricular dysplasia, familial, 14",snv_fora_do_painel,True,CDH2,3,3,0,0,0,,
OMIM:618922,"Neurodevelopmental disorder with seizures, hypotonia, and brain imaging abnormalities",snv_fora_do_painel,True,GRM7,9,9,0,0,0,,
OMIM:618924,"Episodic ataxia, type 9",snv_fora_do_painel,True,SCN2A,30,27,0,0,0,,
OMIM:618929,"Agenesis of corpus callosum, cardiac, ocular, and genital syndrome",snv_fora_do_painel,True,CDH2,11,8,0,0,0,,
OMIM:618935,"Chronic granulomatous disease 5, autosomal recessive",snv_fora_do_painel,True,CYBC1,1,1,0,0,0,,
OMIM:618939,Treacher-Collins syndrome 4,snv_fora_do_painel,True,POLR1B,4,4,0,0,0,,
OMIM:618940,Oculopharyngodistal myopathy 2,sem_variante_patogenica,True,GIPC1,0,0,0,0,0,,
OMIM:618944,"Hyper-IgE recurrent infection syndrome 5, autosomal recessive",sem_variante_patogenica,True,IL6R,0,0,0,0,0,,
OMIM:618947,Arthrogryposis multiplex congenita 5,snv_fora_do_painel,True,TOR1A,10,6,0,0,0,,
OMIM:618948,"Heterotaxy, visceral, 9, autosomal, with male infertility",snv_fora_do_painel,True,MNS1,8,3,0,0,0,,
OMIM:618950,Suleiman-El-Hattab syndrome,snv_fora_do_painel,True,TASP1,4,4,0,0,0,,
OMIM:618951,Combined oxidative phosphorylation deficiency 45,snv_fora_do_painel,True,MRPL12,1,1,0,0,0,,
OMIM:618952,Combined oxidative phosphorylation deficiency 46,snv_fora_do_painel,True,MRPS23,1,1,0,0,0,,
OMIM:618955,Retinitis pigmentosa 89,snv_fora_do_painel,True,KIF3B,2,2,0,0,0,,
OMIM:618958,Combined oxidative phosphorylation deficiency 47,snv_fora_do_painel,True,MRPS28,1,1,0,0,0,,
OMIM:618959,"Epileptic encephalopathy, early infantile, 88",snv_fora_do_painel,True,MDH1,1,1,0,0,0,,
OMIM:618960,Mitchell syndrome,snv_fora_do_painel,True,ACOX1,19,11,0,0,0,,
OMIM:618961,Spondylometaphyseal dysplasia with corneal dystrophy,snv_fora_do_painel,True,PLCB3,1,1,0,0,0,,
OMIM:618963,"Immunodeficiency 69, mycobacteriosis",sem_snv,True,IFNG,1,0,0,0,0,,
OMIM:618969,Immunodeficiency 70,snv_fora_do_painel,True,IVNS1ABP,2,2,0,0,0,,
OMIM:618970,"Cone-rod synaptic disorder syndrome, congenital nonprogressive",snv_fora_do_painel,True,RIMS2,7,7,0,0,0,,
OMIM:618971,Tolchin-Le Caignec syndrome,snv_fora_do_painel,True,SOX6,21,14,0,0,0,,
OMIM:618972,Mitochondrial DNA depletion syndrome 19,snv_fora_do_painel,True,SLC25A10,3,3,0,0,0,,
OMIM:618973,"Neurodegeneration, infantile-onset, biotin-responsive",snv_fora_do_painel,True,SLC5A6,11,9,0,0,0,,
OMIM:618974,Li-Ghorgani-Weisz-Hubshman syndrome,snv_fora_do_painel,True,KAT8,7,7,0,0,0,,
OMIM:618975,"Myopathy, congenital, with diaphragmatic defects, respiratory insufficiency, and dysmorphic facies",snv_fora_do_painel,True,MYOD1,5,4,0,0,0,,
OMIM:618977,Optic atrophy 12,snv_fora_do_painel,True,AFG3L2,7,6,0,0,0,,
OMIM:618982,Immunodeficiency 72 with autoinflammation,snv_fora_do_painel,True,NCKAP1L,12,12,0,0,0,,
OMIM:618985,"Growth hormone insensitivity with immune dysregulation 2, autosomal dominant",snv_fora_do_painel,True,STAT5B,3,3,0,0,0,,
OMIM:618986,Immunodeficiency 73B with defective neutrophil chemotaxis and lymphopenia,snv_fora_do_painel,True,RAC2,3,3,0,0,0,,
OMIM:618987,Immunodeficiency 73C with defective neutrophil chemotaxis and hypogammaglobulinemia,snv_fora_do_painel,True,RAC2,2,2,0,0,0,,
OMIM:618992,"Muscular dystrophy-dystroglycanopathy (congenital with impaired intellectual development), type B, 15",snv_fora_do_painel,True,DPM3,2,2,0,0,0,,
OMIM:618998,Immune dysregulation and systemic hyperinflammation syndrome,snv_fora_do_painel,True,RC3H1,1,1,0,0,0,,
OMIM:618999,"Autoinflammation, immune dysregulation, and eosinophilia",snv_fora_do_painel,True,JAK1,1,1,0,0,0,,
OMIM:619000,Intellectual developmental disorder with seizures and language delay,snv_fora_do_painel,True,SETD1B,59,30,0,0,0,,
OMIM:619003,"Mitochondrial complex I deficiency, nuclear type 35",snv_fora_do_painel,True,NDUFB10,2,1,0,0,0,,
OMIM:619004,Deeah syndrome,snv_fora_do_painel,True,MADD,12,11,0,0,0,,
OMIM:619005,"Neurodevelopmental disorder with dysmorphic facies, impaired speech and hypotonia",snv_fora_do_painel,True,MADD,10,5,0,0,0,,
OMIM:619007,Retinitis pigmentosa 90,snv_fora_do_painel,True,IDH3A,6,5,0,0,0,,
OMIM:619009,Oocyte maturation defect 8,snv_fora_do_painel,True,BTG4,5,4,0,0,0,,
OMIM:619011,Oocyte maturation defect 9,snv_fora_do_painel,True,TRIP13,3,3,0,0,0,,
OMIM:619012,Combined oxidative phosphorylation deficiency 48,snv_fora_do_painel,True,NSUN3,3,2,0,0,0,,
OMIM:619013,Rajab interstitial lung disease with brain calcifications 2,snv_fora_do_painel,True,FARSA,4,4,0,0,0,,
OMIM:619016,"Ichthyosis, follicular, with atrichia and photophobia syndrome 2",snv_fora_do_painel,True,SREBF1,3,2,0,0,0,,
OMIM:619024,Combined oxidative phosphorylation deficiency 49,snv_fora_do_painel,True,MIEF2,1,1,0,0,0,,
OMIM:619025,Combined oxidative phosphorylation deficiency 50,snv_fora_do_painel,True,MRPS25,1,1,0,0,0,,
OMIM:619026,Neurodevelopmental disorder with progressive spasticity and brain white matter abnormalities,snv_fora_do_painel,True,HPDL,25,17,0,0,0,,
OMIM:619027,"Spastic paraplegia 83, autosomal recessive",snv_fora_do_painel,True,HPDL,5,5,0,0,0,,
OMIM:619028,"Coenzyme Q10 deficiency, primary, 9",snv_fora_do_painel,True,COQ5,2,1,0,0,0,,
OMIM:619031,"Intellectual developmental disorder with epilepsy, behavioral abnormalities, and coarse facies",sem_variante_patogenica,True,ALG14,0,0,0,0,0,,
OMIM:619036,"Myopathy, epilepsy, and progressive cerebral atrophy",sem_variante_patogenica,True,ALG14,0,0,0,0,0,,
OMIM:619040,Myofibrillar myopathy 10,snv_fora_do_painel,True,SVIL,5,4,0,0,0,,
OMIM:619041,Monosomy 7 myelodysplasia and leukemia syndrome 2,snv_fora_do_painel,True,SAMD9,2,2,0,0,0,,
OMIM:619042,"Spinal muscular atrophy, infantile, James type",snv_fora_do_painel,True,GARS1,3,3,0,0,0,,
OMIM:619044,Spermatogenic failure 44,snv_fora_do_painel,True,CEP112,4,4,0,0,0,,
OMIM:619046,"Mitochondrial complex IV deficiency, nuclear type 3",snv_fora_do_painel,True,COX10,11,11,0,0,0,,
OMIM:619048,"Mitochondrial complex IV deficiency, nuclear type 4",snv_fora_do_painel,True,SCO1,10,4,0,0,0,,
OMIM:619051,"Mitochondrial complex IV deficiency, nuclear type 7",snv_fora_do_painel,True,COX6B1,1,1,0,0,0,,
OMIM:619052,"Mitochondrial complex IV deficiency, nuclear type 8",snv_fora_do_painel,True,TACO1,10,5,0,0,0,,
OMIM:619053,"Mitochondrial complex IV deficiency, nuclear type 10",snv_fora_do_painel,True,COX14,1,1,0,0,0,,
OMIM:619054,"Mitochondrial complex IV deficiency, nuclear type 11",snv_fora_do_painel,True,COX20,13,10,0,0,0,,
OMIM:619055,"Mitochondrial complex IV deficiency, nuclear type 12",snv_fora_do_painel,True,PET100,6,6,0,0,0,,
OMIM:619056,Neurodevelopmental disorder with speech impairment and dysmorphic facies,snv_fora_do_painel,True,SETD1A,24,13,0,0,0,,
OMIM:619057,Combined oxidative phosphorylation deficiency 51,snv_fora_do_painel,True,PTCD3,11,8,0,0,0,,
OMIM:619058,"Mitochondrial complex IV deficiency, nuclear type 14",sem_variante_patogenica,True,COA3,0,0,0,0,0,,
OMIM:619059,"Mitochondrial complex IV deficiency, nuclear type 15",sem_variante_patogenica,True,COX8A,0,0,0,0,0,,
OMIM:619060,"Mitochondrial complex IV deficiency, nuclear type 16",snv_fora_do_painel,True,COX4I1,1,1,0,0,0,,
OMIM:619061,"Mitochondrial complex IV deficiency, nuclear type 17",snv_fora_do_painel,True,COA8,9,6,0,0,0,,
OMIM:619062,"Mitochondrial complex IV deficiency, nuclear type 18",snv_fora_do_painel,True,COX6A2,1,1,0,0,0,,
OMIM:619063,"Mitochondrial complex IV deficiency, nuclear type 19",snv_fora_do_painel,True,PET117,1,1,0,0,0,,
OMIM:619064,"Mitochondrial complex IV deficiency, nuclear type 20",snv_fora_do_painel,True,COX5A,2,2,0,0,0,,
OMIM:619065,"Mitochondrial complex IV deficiency, nuclear type 21",snv_fora_do_painel,True,COXFA4,3,3,0,0,0,,
OMIM:619072,Neurodevelopmental disorder with seizures and brain atrophy,snv_fora_do_painel,True,EXOC7,4,2,0,0,0,,
OMIM:619073,"Vitamin d-dependent rickets, type 3",snv_fora_do_painel,True,CYP3A4,1,1,0,0,0,,
OMIM:619074,"Cleft palate, proliferative retinopathy, and developmental delay",snv_fora_do_painel,True,LRRC32,3,2,0,0,0,,
OMIM:619075,Neurodevelopmental disorder with alopecia and brain abnormalities,snv_fora_do_painel,True,ODC1,10,5,0,0,0,,
OMIM:619076,"Neurodevelopmental disorder with microcephaly, seizures, and brain atrophy",sem_snv,True,EXOC8,2,0,0,0,0,,
OMIM:619079,Inflammatory bowel disease (Crohn disease) 30,sem_variante_patogenica,True,CARD8,0,0,0,0,0,,
OMIM:619080,Kilquist syndrome,snv_fora_do_painel,True,SLC12A2,6,4,0,0,0,,
OMIM:619081,"Deafness, autosomal dominant 78",snv_fora_do_painel,True,SLC12A2,9,8,0,0,0,,
OMIM:619082,"Microcornea, rod-cone dystrophy, cataract, and posterior staphyloma 1",snv_fora_do_painel,True,ARL2,1,1,0,0,0,,
OMIM:619083,Delpire-Mcneill syndrome,snv_fora_do_painel,True,SLC12A2,9,6,0,0,0,,
OMIM:619086,"Deafness, autosomal dominant 79",snv_fora_do_painel,True,SCD5,1,1,0,0,0,,
OMIM:619087,Noonan syndrome 13,snv_fora_do_painel,True,MAPK1,8,8,0,0,0,,
OMIM:619090,"Developmental delay, impaired growth, dysmorphic facies, and axonal neuropathy",snv_fora_do_painel,True,MORC2,17,17,0,0,0,,
OMIM:619091,"Neurodevelopmental disorder with microcephaly, impaired language, and gait abnormalities, autosomal recessive",snv_fora_do_painel,True,NARS1,13,11,0,0,0,,
OMIM:619092,"Neurodevelopmental disorder with microcephaly, impaired language, epilepsy, and gait abnormalities, autosomal dominant",snv_fora_do_painel,True,NARS1,6,6,0,0,0,,
OMIM:619093,"Deafness, autosomal recessive 116",snv_fora_do_painel,True,CLDN9,3,1,0,0,0,,
OMIM:619094,Spermatogenic failure 45,snv_fora_do_painel,True,DNAH2,11,11,0,0,0,,
OMIM:619095,Spermatogenic failure 46,snv_fora_do_painel,True,DNAH8,17,11,0,0,0,,
OMIM:619096,Mismatch repair cancer syndrome 2,snv_fora_do_painel,True,MSH2,65,36,0,0,0,,
OMIM:619097,Mismatch repair cancer syndrome 3,snv_fora_do_painel,True,MSH6,71,25,0,0,0,,
OMIM:619099,Intellectual developmental disorder with speech delay and axonal peripheral neuropathy,snv_fora_do_painel,True,NEMF,16,9,0,0,0,,
OMIM:619101,Mismatch repair cancer syndrome 4,snv_fora_do_painel,True,PMS2,68,37,0,0,0,,
OMIM:619102,Spermatogenic failure 47,snv_fora_do_painel,True,DZIP1,4,2,0,0,0,,
OMIM:619103,"Neurodevelopmental disorder with dysmorphic facies, sleep disturbance, and brain abnormalities",snv_fora_do_painel,True,KAT5,4,4,0,0,0,,
OMIM:619108,Spermatogenic failure 48,snv_fora_do_painel,True,M1AP,3,3,0,0,0,,
OMIM:619110,"Arthrogryposis, distal, type 1C",snv_fora_do_painel,True,MYL11,4,4,0,0,0,,
OMIM:619111,Coach syndrome 2,snv_fora_do_painel,True,CC2D2A,83,42,0,0,0,,
OMIM:619112,"Neuropathy, distal hereditary motor, type VC",snv_fora_do_painel,True,BSCL2,15,10,0,0,0,,
OMIM:619113,COACH syndrome 3,snv_fora_do_painel,True,RPGRIP1L,92,59,0,0,0,,
OMIM:619115,Combined osteogenesis imperfecta and Ehlers-Danlos syndrome 1,snv_fora_do_painel,True,COL1A1,11,10,0,0,0,,
OMIM:619120,Combined osteogenesis imperfecta and Ehlers-Danlos syndrome 2,snv_fora_do_painel,True,COL1A2,16,14,0,0,0,,
OMIM:619121,"Neurodevelopmental disorder with cardiomyopathy, spasticity, and brain abnormalities",snv_fora_do_painel,True,SHMT2,3,3,0,0,0,,
OMIM:619122,Vertebral hypersegmentation and orofacial anomalies,sem_variante_patogenica,True,GDF11,0,0,0,0,0,,
OMIM:619123,Cardiofacioneurodevelopmental syndrome,sem_snv,True,CCDC32,2,0,0,0,0,,
OMIM:619124,Developmental and epileptic encephalopathy 89,snv_fora_do_painel,True,GAD1,15,11,0,0,0,,
OMIM:619125,Kaya-Barakat-Masson syndrome,snv_fora_do_painel,True,YIF1B,7,5,0,0,0,,
OMIM:619126,Immunodeficiency 75,snv_fora_do_painel,True,TET2,3,1,0,0,0,,
OMIM:619127,Mandibuloacral dysplasia progeroid syndrome,snv_fora_do_painel,True,MTX2,9,6,0,0,0,,
OMIM:619130,"Thrombocytopenia, autosomal dominant, 7",snv_fora_do_painel,True,IKZF5,6,6,0,0,0,,
OMIM:619131,Osteogenesis imperfecta 21,snv_fora_do_painel,True,KDELR2,4,3,0,0,0,,
OMIM:619132,Frontotemporal dementia and/or amytrophic lateral sclerosis 8,snv_fora_do_painel,True,CYLD,4,3,0,0,0,,
OMIM:619133,Amyotrophic lateral sclerosis 26 with or without frontotemporal dementia,sem_variante_patogenica,True,TIA1,0,0,0,0,0,,
OMIM:619135,Ritscher-Schinzel syndrome 3,snv_fora_do_painel,True,VPS35L,7,5,0,0,0,,
OMIM:619141,Frontotemporal dementia and/or amyotrophic lateral sclerosis 5,snv_fora_do_painel,True,CCNF,3,3,0,0,0,,
OMIM:619142,Cardioacrofacial dysplasia 1,snv_fora_do_painel,True,PRKACA,1,1,0,0,0,,
OMIM:619143,Cardioacrofacial dysplasia 2,snv_fora_do_painel,True,PRKACB,6,6,0,0,0,,
OMIM:619144,Spermatogenic failure 49,snv_fora_do_painel,True,CFAP58,6,4,0,0,0,,
OMIM:619145,Spermatogenic failure 50,sem_variante_patogenica,True,XRCC2,0,0,0,0,0,,
OMIM:619146,Premature ovarian failure 17,sem_variante_patogenica,True,XRCC2,0,0,0,0,0,,
OMIM:619147,"Leukoencephalopathy, progressive, infantile-onset, with or without deafness",snv_fora_do_painel,True,KARS1,10,9,0,0,0,,
OMIM:619149,Lessel-Kreienkamp syndrome,snv_fora_do_painel,True,AGO2,14,12,0,0,0,,
OMIM:619150,Intellectual developmental disorder with paroxysmal dyskinesia or seizures,snv_fora_do_painel,True,PDE2A,6,6,0,0,0,,
OMIM:619151,"AMED syndrome, digenic",snv_fora_do_painel,True,ADH5,4,3,0,0,0,,
OMIM:619155,"Nephrotic syndrome, type 22",snv_fora_do_painel,True,NOS1AP,2,2,0,0,0,,
OMIM:619157,Neurodevelopmental disorder with or without early-onset generalized epilepsy,snv_fora_do_painel,True,NBEA,44,33,0,0,0,,
OMIM:619161,Carpal tunnel syndrome 2,snv_fora_do_painel,True,COMP,5,5,0,0,0,,
OMIM:619164,Immunodeficiency 76,snv_fora_do_painel,True,FCHO1,6,5,0,0,0,,
OMIM:619165,"Oculocutaneous albinism, type VIII",snv_fora_do_painel,True,DCT,11,8,0,0,0,,
OMIM:619166,"Mitochondrial complex II deficiency, nuclear type 2",snv_fora_do_painel,True,SDHAF1,7,7,0,0,0,,
OMIM:619167,"Mitochondrial complex II deficiency, nuclear type 3",snv_fora_do_painel,True,SDHD,10,6,0,0,0,,
OMIM:619170,"Mitochondrial complex I deficiency, nuclear type 36",snv_fora_do_painel,True,NDUFC2,3,1,0,0,0,,
OMIM:619172,Hermansky-Pudlak syndrome 11,snv_fora_do_painel,True,BLOC1S5,5,3,0,0,0,,
OMIM:619173,"Neurodegeneration, childhood-onset, hypotonia, respiratory insufficiency and brain imaging abnormalities",snv_fora_do_painel,True,CLCN6,2,2,0,0,0,,
OMIM:619174,"Deafness, autosomal recessive 117",snv_fora_do_painel,True,CLRN2,1,1,0,0,0,,
OMIM:619176,Oocyte maturation defect 10,snv_fora_do_painel,True,REC114,2,2,0,0,0,,
OMIM:619177,Spermatogenic failure 51,snv_fora_do_painel,True,CFAP91,3,2,0,0,0,,
OMIM:619178,Myofibrillar myopathy 11,snv_fora_do_painel,True,UNC45B,4,4,0,0,0,,
OMIM:619179,"Microcephaly 26, primary, autosomal dominant",snv_fora_do_painel,True,LMNB1,6,5,0,0,0,,
OMIM:619180,"Microcephaly 27, primary, autosomal dominant",snv_fora_do_painel,True,LMNB2,3,2,0,0,0,,
OMIM:619182,Gastric adenocarcinoma and proximal polyposis of the stomach,snv_fora_do_painel,True,APC,4,4,0,0,0,,
OMIM:619183,Proteasome-associated autoinflammatory syndrome 4,sem_snv,True,PSMG2,1,0,0,0,0,,
OMIM:619184,"Short stature, facial dysmorphism, and skeletal anomalies with or without cardiac anomalies 2",snv_fora_do_painel,True,SCUBE3,9,9,0,0,0,,
OMIM:619185,Joubert syndrome 37,snv_fora_do_painel,True,TOGARAM1,13,7,0,0,0,,
OMIM:619188,"Intellectual developmental disorder, autosomal dominant 64",snv_fora_do_painel,True,ZNF292,42,14,0,0,0,,
OMIM:619189,Li-Campeau syndrome,snv_fora_do_painel,True,UBR7,7,6,0,0,0,,
OMIM:619191,"Epilepsy, progressive myoclonic, 12",sem_variante_patogenica,True,SLC7A6OS,0,0,0,0,0,,
OMIM:619194,Neurofacioskeletal syndrome with or without renal agenesis,snv_fora_do_painel,True,HS2ST1,4,2,0,0,0,,
OMIM:619196,"Deafness, congenital, and adult-onset progressive leukoencephalopathy",snv_fora_do_painel,True,KARS1,4,4,0,0,0,,
OMIM:619201,"Nephrotic syndrome, type 23",snv_fora_do_painel,True,KIRREL1,2,2,0,0,0,,
OMIM:619202,Spermatogenic failure 52,snv_fora_do_painel,True,C14orf39,7,2,0,0,0,,
OMIM:619203,Premature ovarian failure 18,snv_fora_do_painel,True,C14orf39,5,1,0,0,0,,
OMIM:619208,Olmsted syndrome 2,snv_fora_do_painel,True,PERP,4,4,0,0,0,,
OMIM:619209,Erythrokeratodermia variabilis et progressiva 7,snv_fora_do_painel,True,PERP,2,1,0,0,0,,
OMIM:619215,Oculomotor-abducens synkinesis,snv_fora_do_painel,True,ACKR3,1,1,0,0,0,,
OMIM:619216,"Neuropathy, hereditary motor, with myopathic features",snv_fora_do_painel,True,VWA1,13,2,0,0,0,,
OMIM:619218,"ENDOVE syndrome, limb-brain type",sem_snv,True,EN1,1,0,0,0,0,,
OMIM:619220,Immunodeficiency 78 with autoimmunity and developmental delay,snv_fora_do_painel,True,TPP2,5,2,0,0,0,,
OMIM:619221,Sulfide:quinone oxidoreductase deficiency,snv_fora_do_painel,True,SQOR,2,1,0,0,0,,
OMIM:619223,Immunodeficiency 77,snv_fora_do_painel,True,MPEG1,1,1,0,0,0,,
OMIM:619224,"Mitochondrial complex II deficiency, nuclear type 4",snv_fora_do_painel,True,SDHB,14,11,0,0,0,,
OMIM:619226,"Blistering, acantholytic, of oral and laryngeal mucosa",snv_fora_do_painel,True,DSG3,1,1,0,0,0,,
OMIM:619227,"Vertebral, cardiac, tracheoesophageal, renal, and limb defects",snv_fora_do_painel,True,WBP11,16,9,0,0,0,,
OMIM:619228,Developmental delay with dysmorphic facies and dental anomalies,snv_fora_do_painel,True,SATB1,17,7,0,0,0,,
OMIM:619229,Kohlschutter-Tonz syndrome-like,snv_fora_do_painel,True,SATB1,9,7,0,0,0,,
OMIM:619232,Bile acid conjugation defect 1,snv_fora_do_painel,True,BAAT,5,5,0,0,0,,
OMIM:619234,"Short stature, oligodontia, dysmorphic facies, and motor delay",snv_fora_do_painel,True,POLR3GL,3,3,0,0,0,,
OMIM:619238,Immunodeficiency 79,snv_fora_do_painel,True,CD4,2,2,0,0,0,,
OMIM:619239,Neurodevelopmental disorder with or without autism or seizures,snv_fora_do_painel,True,CUL3,42,18,0,0,0,,
OMIM:619243,Global developmental delay with speech and behavioral abnormalities,snv_fora_do_painel,True,TNRC6B,38,18,0,0,0,,
OMIM:619244,Neurodevelopmental disorder with cerebral atrophy and variable facial dysmorphism,snv_fora_do_painel,True,TTC5,8,6,0,0,0,,
OMIM:619245,Premature ovarian failure 19,snv_fora_do_painel,True,HSF2BP,1,1,0,0,0,,
OMIM:619248,Vitreoretinopathy with phalangeal epiphyseal dysplasia,snv_fora_do_painel,True,COL2A1,1,1,0,0,0,,
OMIM:619255,Baralle-Macken syndrome,snv_fora_do_painel,True,COPB1,2,2,0,0,0,,
OMIM:619256,"Hypercholanemia, familial 2",snv_fora_do_painel,True,SLC10A1,3,1,0,0,0,,
OMIM:619258,Spermatogenic failure 53,snv_fora_do_painel,True,ACTL9,3,3,0,0,0,,
OMIM:619259,Neurodegeneration with ataxia and late-onset optic atrophy,snv_fora_do_painel,True,SDHA,22,13,0,0,0,,
OMIM:619260,"Spondyloepiphyseal dysplasia, sensorineural hearing loss, intellectual developmental disorder, and Leber congenital amaurosis",snv_fora_do_painel,True,NMNAT1,6,5,0,0,0,,
OMIM:619263,"Nephrotic syndrome, type 24",snv_fora_do_painel,True,DAAM2,5,5,0,0,0,,
OMIM:619264,Neurodevelopmental disorder with dysmorphic facies and variable seizures,snv_fora_do_painel,True,EMC10,13,9,0,0,0,,
OMIM:619267,Glanzmann thrombasthenia 2,snv_fora_do_painel,True,ITGB3,46,39,0,0,0,,
OMIM:619268,Alzahrani-Kuwahara syndrome,snv_fora_do_painel,True,SMG8,10,3,0,0,0,,
OMIM:619269,Ondontochondrodysplasia 2 with hearing loss and diabetes,snv_fora_do_painel,True,MIA3,1,1,0,0,0,,
OMIM:619271,"Bleeding disorder, platelet-type, 24, autosomal dominant",snv_fora_do_painel,True,ITGB3,24,22,0,0,0,,
OMIM:619272,"Mitochondrial complex I deficiency, nuclear type 37",snv_fora_do_painel,True,NDUFA8,3,3,0,0,0,,
OMIM:619273,Cimdag syndrome,snv_fora_do_painel,True,VPS4A,5,5,0,0,0,,
OMIM:619274,"Deafness, autosomal dominant 80",snv_fora_do_painel,True,GREB1L,15,9,0,0,0,,
OMIM:619278,"Microcephaly, epilepsy, and diabetes syndrome 2",snv_fora_do_painel,True,YIPF5,5,4,0,0,0,,
OMIM:619279,Parkinsonism with polyneuropathy,snv_fora_do_painel,True,UQCRC1,3,3,0,0,0,,
OMIM:619281,"Immunodeficiency 14B, autosomal recessive",snv_fora_do_painel,True,PIK3CD,3,1,0,0,0,,
OMIM:619286,"Neurodevelopmental disorder with spasticity, cataracts, and cerebellar hypoplasia",snv_fora_do_painel,True,MED27,3,2,0,0,0,,
OMIM:619290,Mahvash disease,snv_fora_do_painel,True,GCGR,6,2,0,0,0,,
OMIM:619291,Dystonia 30,snv_fora_do_painel,True,VPS16,16,9,0,0,0,,
OMIM:619293,Blepharophimosis-impaired intellectual development syndrome,snv_fora_do_painel,True,SMARCA2,15,15,0,0,0,,
OMIM:619297,KINSSHIP syndrome,snv_fora_do_painel,True,AFF3,8,7,0,0,0,,
OMIM:619301,"Pontocerebellar hypoplasia, type 14",snv_fora_do_painel,True,PPIL1,5,4,0,0,0,,
OMIM:619302,"Pontocerebellar hypoplasia, type 15",snv_fora_do_painel,True,CDC40,1,1,0,0,0,,
OMIM:619303,"Pontocerebellar hypoplasia, type 1E",snv_fora_do_painel,True,SLC25A46,13,10,0,0,0,,
OMIM:619304,"Pontocerebellar hypoplasia, type 1F",snv_fora_do_painel,True,EXOSC1,1,1,0,0,0,,
OMIM:619306,Neurodevelopmental disorder with dysmorphic facies and cerebellar hypoplasia,snv_fora_do_painel,True,EXOC2,1,1,0,0,0,,
OMIM:619310,"Leukodystrophy, hypomyelinating, 21",snv_fora_do_painel,True,POLR3K,2,2,0,0,0,,
OMIM:619311,Hiatt-Neu-Cooper neurodevelopmental syndrome,snv_fora_do_painel,True,RALA,9,9,0,0,0,,
OMIM:619312,Radio-Tartaglia syndrome,snv_fora_do_painel,True,SPEN,51,22,0,0,0,,
OMIM:619313,Immunodeficiency 80 with or without cardiomyopathy,snv_fora_do_painel,True,MCM10,4,3,0,0,0,,
OMIM:619314,Buratti-Harel syndrome,snv_fora_do_painel,True,SIAH1,10,7,0,0,0,,
OMIM:619317,"Developmental and epileptic encephalopathy 6B, non-Dravet",snv_fora_do_painel,True,SCN1A,70,59,0,0,0,,
OMIM:619318,Oculogastrointestinal neurodevelopmental syndrome,snv_fora_do_painel,True,CAPN15,7,6,0,0,0,,
OMIM:619319,Lymphatic malformation 9,snv_fora_do_painel,True,CELSR1,8,6,0,0,0,,
OMIM:619320,"Intellectual developmental disorder, autosomal dominant 65",snv_fora_do_painel,True,KDM4B,24,11,0,0,0,,
OMIM:619321,"Growth restriction, hypoplastic kidneys, alopecia, and distinctive facies",snv_fora_do_painel,True,ZPR1,1,1,0,0,0,,
OMIM:619322,Marbach-Rustad progeroid syndrome,sem_variante_patogenica,True,LEMD2,0,0,0,0,0,,
OMIM:619323,Neurodevelopmental disorder with seizures and gingival overgrowth,snv_fora_do_painel,True,TBC1D2B,10,5,0,0,0,,
OMIM:619324,Hypertriglyceridemia 2,snv_fora_do_painel,True,CREB3L3,4,2,0,0,0,,
OMIM:619325,Coffin-Siris syndrome 12,snv_fora_do_painel,True,BICRA,25,9,0,0,0,,
OMIM:619326,Intellectual developmental disorder and hypogonadotropic hypogonadism,snv_fora_do_painel,True,CPE,5,2,0,0,0,,
OMIM:619328,"Leukodystrophy, hypomyelinating, 22",snv_fora_do_painel,True,CLDN11,2,2,0,0,0,,
OMIM:619329,"Fibromuscular dysplasia, multifocal",snv_fora_do_painel,True,COL5A1,7,2,0,0,0,,
OMIM:619333,Neurodevelopmental disorder with cerebellar atrophy and motor dysfunction,snv_fora_do_painel,True,GEMIN5,18,16,0,0,0,,
OMIM:619334,Arthrogryposis multiplex congenita 6,snv_fora_do_painel,True,NEB,399,221,0,0,0,,
OMIM:619338,"Cataracts, spastic paraparesis, and speech delay",snv_fora_do_painel,True,FAR1,5,5,0,0,0,,
OMIM:619339,"Popliteal pterygium syndrome, Bartsocas-Papas type 2",snv_fora_do_painel,True,CHUK,1,1,0,0,0,,
OMIM:619340,Developmental and epileptic encephalopathy 96,snv_fora_do_painel,True,NSF,6,5,0,0,0,,
OMIM:619350,Visceral myopathy 2,snv_fora_do_painel,True,MYH11,1,1,0,0,0,,
OMIM:619351,Megacystis-microcolon-intestinal hypoperistalsis syndrome 2,snv_fora_do_painel,True,MYH11,10,6,0,0,0,,
OMIM:619352,"Ataxia, intention tremor, and hypotonia syndrome, childhood-onset",snv_fora_do_painel,True,POU4F1,8,2,0,0,0,,
OMIM:619354,"Deafness, cataract, impaired intellectual development, and polyneuropathy",snv_fora_do_painel,True,PSMC3,1,1,0,0,0,,
OMIM:619355,"Mitochondrial complex IV deficiency, nuclear type 22",snv_fora_do_painel,True,COX16,2,1,0,0,0,,
OMIM:619356,"Onychodystrophy, osteodystrophy, impaired intellectual development, and seizures syndrome",sem_variante_patogenica,True,PIGF,0,0,0,0,0,,
OMIM:619360,"Angioedema, hereditary, 4",snv_fora_do_painel,True,PLG,7,7,0,0,0,,
OMIM:619361,"Angioedema, hereditary, 5",sem_variante_patogenica,True,ANGPT1,0,0,0,0,0,,
OMIM:619362,Megacystis-microcolon-intestinal hypoperistalsis syndrome 3,snv_fora_do_painel,True,LMOD1,3,3,0,0,0,,
OMIM:619363,"Angioedema, hereditary, 6",snv_fora_do_painel,True,KNG1,2,2,0,0,0,,
OMIM:619365,Megacystis-microcolon-intestinal hypoperistalsis syndrome 4,sem_variante_patogenica,True,MYL9,0,0,0,0,0,,
OMIM:619366,"Angioedema, hereditary, 7",snv_fora_do_painel,True,MYOF,1,1,0,0,0,,
OMIM:619367,"Angioedema, hereditary, 8",snv_fora_do_painel,True,HS3ST6,1,1,0,0,0,,
OMIM:619369,Lymphatic malformation 10,snv_fora_do_painel,True,ANGPT2,2,2,0,0,0,,
OMIM:619371,"Cardiomyopathy, dilated, 2D",snv_fora_do_painel,True,RPL3L,6,6,0,0,0,,
OMIM:619373,Neurodevelopmental disorder with infantile epileptic spasms,snv_fora_do_painel,True,NCDN,6,5,0,0,0,,
OMIM:619374,Immunodeficiency 81,snv_fora_do_painel,True,LCP2,1,1,0,0,0,,
OMIM:619375,"Autoinflammatory syndrome, familial, with or without immunodeficiency",snv_fora_do_painel,True,SOCS1,8,4,0,0,0,,
OMIM:619376,Faundes-Banka syndrome,snv_fora_do_painel,True,EIF5A,7,4,0,0,0,,
OMIM:619377,Osteootohepatoenteric syndrome,snv_fora_do_painel,True,UNC45A,10,8,0,0,0,,
OMIM:619379,Spermatogenic failure 54,snv_fora_do_painel,True,CATIP,1,1,0,0,0,,
OMIM:619380,Spermatogenic failure 55,snv_fora_do_painel,True,SPAG17,1,1,0,0,0,,
OMIM:619381,Immunodeficiency 82 with systemic inflammation,snv_fora_do_painel,True,SYK,2,2,0,0,0,,
OMIM:619383,"Neurodevelopmental disorder with hypotonia, facial dysmorphism, and brain abnormalities",snv_fora_do_painel,True,PPP1R21,16,8,0,0,0,,
OMIM:619386,Combined oxidative phosphorylation deficiency 52,sem_variante_patogenica,True,NFS1,0,0,0,0,0,,
OMIM:619389,"Spinocerebellar ataxia, autosomal recessive 29",snv_fora_do_painel,True,VPS41,11,10,0,0,0,,
OMIM:619396,"Encephalopathy, acute, infection-induced (herpes-specific), susceptibility to, 10",sem_variante_patogenica,False,SNORA31,0,0,0,0,0,,
OMIM:619398,Inflammatory bowel disease (infantile ulcerative colitis) 31,snv_fora_do_painel,True,IL37,2,2,0,0,0,,
OMIM:619401,Lymphatic malformation 11,snv_fora_do_painel,True,TIE1,2,2,0,0,0,,
OMIM:619402,"Cardiomyopathy, familial hypertrophic, 28",snv_fora_do_painel,True,FHOD3,3,2,0,0,0,,
OMIM:619405,"Spinocerebellar ataxia, autosomal recessive 30",snv_fora_do_painel,True,PITRM1,2,2,0,0,0,,
OMIM:619406,Hypokalemic tubulopathy and deafness,snv_fora_do_painel,True,KCNJ16,11,10,0,0,0,,
OMIM:619407,WHIM syndrome 2,snv_fora_do_painel,True,CXCR2,4,3,0,0,0,,
OMIM:619418,"Infantile-onset multisystem neurologic, endocrine, and pancreatic disease 2",snv_fora_do_painel,True,YARS1,7,7,0,0,0,,
OMIM:619420,Martsolf syndrome 2,snv_fora_do_painel,True,RAB3GAP1,9,6,0,0,0,,
OMIM:619422,"Spinocerebellar ataxia, autosomal recessive 31",snv_fora_do_painel,True,ATG7,9,9,0,0,0,,
OMIM:619423,Combined oxidative phosphorylation deficiency 53,snv_fora_do_painel,True,C2orf69,8,1,0,0,0,,
OMIM:619424,"Myopathy, myofibrillar, 12, infantile-onset, with cardiomyopathy",snv_fora_do_painel,True,MYL2,2,1,0,0,0,,
OMIM:619425,Mitochondrial DNA depletion syndrome 16B (neuroophthalmic type),snv_fora_do_painel,True,POLG2,1,1,0,0,0,,
OMIM:619426,White-Kernohan syndrome,snv_fora_do_painel,True,DDB1,5,5,0,0,0,,
OMIM:619428,Focal segmental glomerulosclerosis and neurodevelopmental syndrome,snv_fora_do_painel,True,TRIM8,18,13,0,0,0,,
OMIM:619431,Megacystis-microcolon-intestinal hypoperistalsis syndrome 5,snv_fora_do_painel,True,ACTG2,16,16,0,0,0,,
OMIM:619433,"Cardiomyopathy, familial restrictive, 6",snv_fora_do_painel,True,KIF20A,2,1,0,0,0,,
OMIM:619435,Ritscher-Schinzel syndrome 4,snv_fora_do_painel,True,DPYSL5,2,2,0,0,0,,
OMIM:619436,"Ciliary dyskinesia, primary, 46",snv_fora_do_painel,True,STK36,3,1,0,0,0,,
OMIM:619437,Immunodeficiency 84,snv_fora_do_painel,True,IKZF3,1,1,0,0,0,,
OMIM:619441,"Encephalitis, acute, infection (viral)-induced, susceptibility to, 11",sem_snv,False,DBR1,1,0,0,0,0,,
OMIM:619445,"Diarrhea 12, with microvillus atrophy",snv_fora_do_painel,True,STX3,2,2,0,0,0,,
OMIM:619446,Retinal dystrophy and microvillus inclusion disease,snv_fora_do_painel,True,STX3,4,1,0,0,0,,
OMIM:619451,"Cutis laxa, autosomal recessive, type IIE",snv_fora_do_painel,True,LTBP1,5,3,0,0,0,,
OMIM:619452,Anencephaly 2,sem_snv,True,NUAK2,1,0,0,0,0,,
OMIM:619453,"Microcephaly 28, primary, autosomal recessive",snv_fora_do_painel,True,RRP7A,1,1,0,0,0,,
OMIM:619460,Luo-Schoch-Yamamoto syndrome,snv_fora_do_painel,True,RNF2,1,1,0,0,0,,
OMIM:619461,"Myasthenic syndrome, congenital, 7B, presynaptic, autosomal recessive",snv_fora_do_painel,True,SYT2,5,2,0,0,0,,
OMIM:619462,"Hemolytic disease of fetus and newborn, RH-induced",sem_variante_patogenica,False,RHD,0,0,0,0,0,,
OMIM:619463,"Portal hypertension, noncirrhotic, 2",snv_fora_do_painel,True,GIMAP5,3,3,0,0,0,,
OMIM:619464,Sick sinus syndrome 4,snv_fora_do_painel,True,GNB2,1,1,0,0,0,,
OMIM:619465,"Visceral neuropathy, familial, 2, autosomal recessive",snv_fora_do_painel,True,ERBB2,3,2,0,0,0,,
OMIM:619466,"Ciliary dyskinesia, primary, 47, and lissencephaly",snv_fora_do_painel,True,TP73,5,3,0,0,0,,
OMIM:619467,"Usmani-Riazuddin syndrome, autosomal dominant",snv_fora_do_painel,True,AP1G1,13,10,0,0,0,,
OMIM:619468,Nephronophthisis-like nephropathy 2,snv_fora_do_painel,True,SLC41A1,1,1,0,0,0,,
OMIM:619470,Neurodevelopmental disorder with motor and speech delay and behavioral abnormalities,snv_fora_do_painel,True,TMEM222,5,3,0,0,0,,
OMIM:619471,Bardet-Biedl syndrome 20,snv_fora_do_painel,True,IFT172,47,29,0,0,0,,
OMIM:619472,VISS syndrome,snv_fora_do_painel,True,IPO8,16,9,0,0,0,,
OMIM:619473,Oculopharyngodistal myopathy 3,sem_variante_patogenica,True,NOTCH2NLC,0,0,0,0,0,,
OMIM:619475,"Developmental delay, impaired speech, and behavioral abnormalities",snv_fora_do_painel,True,SPTBN1,40,34,0,0,0,,
OMIM:619476,Joubert syndrome 38,snv_fora_do_painel,True,KIAA0753,6,4,0,0,0,,
OMIM:619477,"Facioscapulohumeral muscular dystrophy 3, digenic",sem_snv,True,LRIF1,1,0,0,0,0,,
OMIM:619478,"Facioscapulohumeral muscular dystrophy 4, digenic",snv_fora_do_painel,True,DNMT3B,2,2,0,0,0,,
OMIM:619479,Short-rib thoracic dysplasia 21 without polydactyly,snv_fora_do_painel,True,KIAA0753,10,6,0,0,0,,
OMIM:619480,Neurodevelopmental disorder with dysmorphic facies and thin corpus callosum,snv_fora_do_painel,True,SUPT16H,6,5,0,0,0,,
OMIM:619481,"Bile acid malabsorption, primary, 2",sem_snv,True,SLC51B,1,0,0,0,0,,
OMIM:619482,"Central hypoventilation syndrome, congenital, 2, and autonomic dysfunction",snv_fora_do_painel,True,MYO1H,7,3,0,0,0,,
OMIM:619483,"Central hypoventilation syndrome, congenital, 3",sem_snv,True,LBX1,1,0,0,0,0,,
OMIM:619484,"Cholestasis, progressive familial intrahepatic, 6",snv_fora_do_painel,True,SLC51A,1,1,0,0,0,,
OMIM:619486,Aicardi-Goutieres syndrome 8,snv_fora_do_painel,True,LSM11,1,1,0,0,0,,
OMIM:619487,Aicardi-Goutieres syndrome 9,snv_fora_do_painel,True,RNU7-1,6,5,0,0,0,,
OMIM:619488,DEGCAGS syndrome,snv_fora_do_painel,True,ZNF699,13,4,0,0,0,,
OMIM:619489,"Short stature, Dauber-Argente type",snv_fora_do_painel,True,PAPPA2,4,2,0,0,0,,
OMIM:619491,"Parkinson disease 24, autosomal dominant, susceptibility to",snv_fora_do_painel,False,PSAP,18,14,0,0,0,,
OMIM:619492,"Cardiomyopathy, dilated, 2E",sem_snv,True,JPH2,2,0,0,0,0,,
OMIM:619493,"Congenital disorder of glycosylation, type 2V",snv_fora_do_painel,True,EDEM3,13,6,0,0,0,,
OMIM:619500,"Deafness, autosomal dominant 81",sem_variante_patogenica,True,ELMOD3,0,0,0,0,0,,
OMIM:619501,Ventriculomegaly and arthrogryposis,sem_snv,True,KIDINS220,3,0,0,0,0,,
OMIM:619503,Neurodevelopmental disorder with hypotonia and dysmorphic facies,snv_fora_do_painel,True,GNB2,8,8,0,0,0,,
OMIM:619504,Chopra-Amiel-Gordon syndrome,snv_fora_do_painel,True,ANKRD17,26,12,0,0,0,,
OMIM:619510,Immunodeficiency 85 and autoimmunity,snv_fora_do_painel,True,TOM1,1,1,0,0,0,,
OMIM:619512,Neurodevelopmental disorder with hypotonia and brain abnormalities,snv_fora_do_painel,True,CLCN3,10,10,0,0,0,,
OMIM:619515,Spermatogenic failure 56,snv_fora_do_painel,True,DNAH10,9,5,0,0,0,,
OMIM:619517,Neurodevelopmental disorder with seizures and brain abnormalities,snv_fora_do_painel,True,CLCN3,2,1,0,0,0,,
OMIM:619518,"Muscular dystrophy, congenital hearing loss, and ovarian insufficiency syndrome",snv_fora_do_painel,True,GGPS1,3,3,0,0,0,,
OMIM:619519,"Charcot-Marie-Tooth disease, axonal, type 2FF",snv_fora_do_painel,True,CADM3,1,1,0,0,0,,
OMIM:619521,"Epilepsy, idiopathic generalized, susceptibility to, 18",sem_variante_patogenica,False,HCN4,0,0,0,0,0,,
OMIM:619522,Neurodevelopmental-craniofacial syndrome with variable renal and cardiac abnormalities,snv_fora_do_painel,True,ZMYM2,52,26,0,0,0,,
OMIM:619523,"Anemia, sideroblastic, 5",snv_fora_do_painel,True,HSCB,2,1,0,0,0,,
OMIM:619525,"Congenital disorder of glycosylation, type IIw",snv_fora_do_painel,True,SLC37A4,15,10,0,0,0,,
OMIM:619527,"Pontocerebellar hypoplasia, type 16",snv_fora_do_painel,True,MINPP1,12,7,0,0,0,,
OMIM:619528,Spermatogenic failure 57,snv_fora_do_painel,True,PNLDC1,8,7,0,0,0,,
OMIM:619531,Cone-rod dystrophy 22,snv_fora_do_painel,True,TLCD3B,2,1,0,0,0,,
OMIM:619534,"Biliary, renal, neurologic, and skeletal syndrome",snv_fora_do_painel,True,IFT56,4,4,0,0,0,,
OMIM:619538,Cerebral cavernous malformations 4,sem_variante_patogenica,True,PIK3CA,0,0,0,0,0,,
OMIM:619539,Neuroocular syndrome,snv_fora_do_painel,True,PRR12,22,7,0,0,0,,
OMIM:619542,King-Denborough syndrome,snv_fora_do_painel,True,RYR1,66,54,0,0,0,,
OMIM:619543,Boudin-Mortier syndrome,snv_fora_do_painel,True,NPR3,7,3,0,0,0,,
OMIM:619548,"Usmani-Riazuddin syndrome, autosomal recessive",snv_fora_do_painel,True,AP1G1,4,2,0,0,0,,
OMIM:619549,"Immunodeficiency 86, mycobacteriosis",snv_fora_do_painel,True,SPPL2A,2,2,0,0,0,,
OMIM:619555,"Epidermolysis bullosa simplex 2A, generalized severe",snv_fora_do_painel,True,KRT5,6,6,0,0,0,,
OMIM:619556,"Intellectual developmental disorder with hypotonia, impaired speech, and dysmorphic facies",snv_fora_do_painel,True,TNPO2,12,12,0,0,0,,
OMIM:619557,SIMHA syndrome,snv_fora_do_painel,True,ZNF407,2,1,0,0,0,,
OMIM:619561,Developmental and epileptic encephalopathy 97,snv_fora_do_painel,True,CELF2,12,5,0,0,0,,
OMIM:619562,Joubert syndrome 39,snv_fora_do_painel,True,TMEM218,2,2,0,0,0,,
OMIM:619565,Dystonia 31,snv_fora_do_painel,True,AOPEP,10,5,0,0,0,,
OMIM:619566,"Muscular dystrophy, limb-girdle, autosomal recessive 27",snv_fora_do_painel,True,JAG2,4,3,0,0,0,,
OMIM:619573,Immunodeficiency 87 and autoimmunity,snv_fora_do_painel,True,DEF6,3,2,0,0,0,,
OMIM:619574,"Charcot-Marie-Tooth disease, axonal, type 2HH",snv_fora_do_painel,True,JAG1,16,10,0,0,0,,
OMIM:619575,Developmental delay with or without intellectual impairment or behavioral abnormalities,snv_fora_do_painel,True,TAOK1,44,33,0,0,0,,
OMIM:619576,"Cerebellar ataxia, brain abnormalities, and cardiac conduction defects",snv_fora_do_painel,True,EXOSC5,5,3,0,0,0,,
OMIM:619580,Neurodevelopmental disorder with impaired language and ataxia and with or without seizures,snv_fora_do_painel,True,GRIK2,4,4,0,0,0,,
OMIM:619582,Joubert syndrome 40,snv_fora_do_painel,True,IFT74,6,5,0,0,0,,
OMIM:619585,Spermatogenic failure 58,snv_fora_do_painel,True,IFT74,1,1,0,0,0,,
OMIM:619588,"Epidermolysis bullosa simplex 2B, generalized intermediate",snv_fora_do_painel,True,KRT5,10,10,0,0,0,,
OMIM:619593,Cataract 49,snv_fora_do_painel,True,PANK4,1,1,0,0,0,,
OMIM:619594,"Epidermolysis bullosa simplex 2C, localized",snv_fora_do_painel,True,KRT5,6,5,0,0,0,,
OMIM:619595,"Developmental delay, hypotonia, musculoskeletal defects, and behavioral abnormalities",snv_fora_do_painel,True,SRCAP,23,10,0,0,0,,
OMIM:619598,"Rhizomelic dysplasia, Ain-Naz type",snv_fora_do_painel,True,GNPNAT1,1,1,0,0,0,,
OMIM:619599,"Epidermolysis bullosa simplex 2D, generalized, intermediate or severe, autosomal recessive",snv_fora_do_painel,True,KRT5,1,1,0,0,0,,
OMIM:619602,"Fetal akinesia, respiratory insufficiency, microcephaly, polymicrogyria, and dysmorphic facies",snv_fora_do_painel,True,ATP1A2,13,6,0,0,0,,
OMIM:619605,Developmental and epileptic encephalopathy 98,snv_fora_do_painel,True,ATP1A2,13,11,0,0,0,,
OMIM:619606,Developmental and epileptic encephalopathy 99,snv_fora_do_painel,True,ATP1A3,24,22,0,0,0,,
OMIM:619607,"Heterotaxy, visceral, 10, autosomal, with male infertility",snv_fora_do_painel,True,CFAP52,2,2,0,0,0,,
OMIM:619608,"Heterotaxy, visceral, 11, autosomal, with male infertility",snv_fora_do_painel,True,CFAP45,5,3,0,0,0,,
OMIM:619609,Galloway-Mowat syndrome 10,snv_fora_do_painel,True,YRDC,4,2,0,0,0,,
OMIM:619611,Interstitial lung disease 1,snv_fora_do_painel,True,SFTPA1,4,4,0,0,0,,
OMIM:619613,"Delayed puberty, self-limited",snv_fora_do_painel,True,LGR4,3,3,0,0,0,,
OMIM:619614,Retinitis pigmentosa 92,snv_fora_do_painel,True,HKDC1,5,4,0,0,0,,
OMIM:619615,"Deafness, autosomal recessive 119",snv_fora_do_painel,True,AFG2B,5,2,0,0,0,,
OMIM:619616,Neurodevelopmental disorder with hearing loss and spasticity,snv_fora_do_painel,True,AFG2B,10,10,0,0,0,,
OMIM:619621,"Spastic paraplegia 84, autosomal recessive",snv_fora_do_painel,True,PI4KA,9,6,0,0,0,,
OMIM:619630,Immunodeficiency 88,sem_snv,True,TBX21,1,0,0,0,0,,
OMIM:619632,Immunodeficiency 89 and autoimmunity,snv_fora_do_painel,True,CARD10,1,1,0,0,0,,
OMIM:619636,Acromesomelic dysplasia 4,snv_fora_do_painel,True,PRKG2,6,4,0,0,0,,
OMIM:619637,Dystonia 32,snv_fora_do_painel,True,VPS11,1,1,0,0,0,,
OMIM:619638,"Spondylometaphyseal dysplasia, Pagnamenta type",sem_snv,True,PRKG2,1,0,0,0,0,,
OMIM:619639,Neurodevelopmental disorder with hypotonia and gross motor and seech delay,snv_fora_do_painel,True,UBE4A,8,5,0,0,0,,
OMIM:619641,Hengel-Maroofian-Schols syndrome,snv_fora_do_painel,True,BCAS3,8,7,0,0,0,,
OMIM:619643,Oocyte maturation defect 11,snv_fora_do_painel,True,ASTL,1,1,0,0,0,,
OMIM:619644,Immunodeficiency 91 and hyperinflammation,snv_fora_do_painel,True,ZNFX1,7,2,0,0,0,,
OMIM:619645,Spermatogenic failure 59,sem_snv,True,TERB2,2,0,0,0,0,,
OMIM:619646,Spermatogenic failure 60,snv_fora_do_painel,True,TERB1,3,2,0,0,0,,
OMIM:619647,"Dyskinesia with orofacial involvement, autosomal recessive",snv_fora_do_painel,True,ADCY5,3,2,0,0,0,,
OMIM:619648,Zaki syndrome,snv_fora_do_painel,True,WLS,4,4,0,0,0,,
OMIM:619651,Neurodevelopmental disorder with hyperkinetic movements and dyskinesia,snv_fora_do_painel,True,ADCY5,4,2,0,0,0,,
OMIM:619652,Immunodeficiency 92,snv_fora_do_painel,True,REL,2,2,0,0,0,,
OMIM:619653,"Neurodevelopmental disorder, nonprogressive, with spasticity and transient opisthotonus",snv_fora_do_painel,True,TNR,13,8,0,0,0,,
OMIM:619656,Loeys-Dietz syndrome 6,snv_fora_do_painel,True,SMAD2,10,7,0,0,0,,
OMIM:619657,"Congenital heart defects, multiple types, 8, with or without heterotaxy",snv_fora_do_painel,True,SMAD2,6,5,0,0,0,,
OMIM:619658,"Cholestasis, progressive familial intrahepatic, 7, with or without hearing loss",snv_fora_do_painel,True,USP53,29,17,0,0,0,,
OMIM:619661,"Leukoencephalopathy, hereditary diffuse, with spheroids 2",snv_fora_do_painel,True,AARS1,2,2,0,0,0,,
OMIM:619662,"Cholestasis, progressive familial intrahepatic, 8",snv_fora_do_painel,True,KIF12,11,8,0,0,0,,
OMIM:619665,Ovarian dysgenesis 9,snv_fora_do_painel,True,SPIDR,4,2,0,0,0,,
OMIM:619672,Spermatogenic failure 61,snv_fora_do_painel,True,STAG3,6,5,0,0,0,,
OMIM:619673,Spermatogenic failure 62,sem_snv,True,RNF212,1,0,0,0,0,,
OMIM:619680,Marbach-Schaaf neurodevelopmental syndrome,snv_fora_do_painel,True,PRKAR1B,3,2,0,0,0,,
OMIM:619681,"Dystonia, early-onset, and/or spastic paraplegia",snv_fora_do_painel,True,ATP5MC3,5,5,0,0,0,,
OMIM:619685,"Neurodevelopmental disorder with microcephaly, seizures, and neonatal cholestasis",snv_fora_do_painel,True,VPS50,5,4,0,0,0,,
OMIM:619686,"Spastic paraplegia 85, autosomal recessive",snv_fora_do_painel,True,RNF170,6,5,0,0,0,,
OMIM:619687,Dystonia 33,snv_fora_do_painel,True,EIF2AK2,2,2,0,0,0,,
OMIM:619688,"Leukodystrophy, hypomyelinating, 23, with ataxia, deafness, liver dysfunction, and dilated cardiomyopathy",snv_fora_do_painel,True,RNF220,2,2,0,0,0,,
OMIM:619689,Spermatogenic failure 63,snv_fora_do_painel,True,RPL10L,1,1,0,0,0,,
OMIM:619690,Brunet-Wagner neurodevelopmental syndrome,snv_fora_do_painel,True,RBL2,11,3,0,0,0,,
OMIM:619691,"Trichothiodystrophy 8, nonphotosensitive",snv_fora_do_painel,True,AARS1,3,3,0,0,0,,
OMIM:619692,"Trichothiodystrophy 9, nonphotosensitive",sem_snv,True,MARS1,1,0,0,0,0,,
OMIM:619693,"Agammaglobulinemia 9, autosomal recessive",snv_fora_do_painel,True,SLC39A7,5,5,0,0,0,,
OMIM:619694,Developmental delay with variable neurologic and brain abnormalities,snv_fora_do_painel,True,LMBRD2,6,6,0,0,0,,
OMIM:619695,Rauch-Steindl syndrome,snv_fora_do_painel,True,NSD2,46,27,0,0,0,,
OMIM:619696,Spermatogenic failure 64,snv_fora_do_painel,True,FBXO43,3,2,0,0,0,,
OMIM:619697,Oocyte maturation defect 12,snv_fora_do_painel,True,FBXO43,3,1,0,0,0,,
OMIM:619698,"Mucopolysaccharidosis, type X",snv_fora_do_painel,True,ARSK,4,3,0,0,0,,
OMIM:619699,Ferguson-Bonni neurodevelopmental syndrome,sem_snv,True,ANAPC7,1,0,0,0,0,,
OMIM:619702,"Heterotaxy, visceral, 12, autosomal",snv_fora_do_painel,True,CIROP,7,5,0,0,0,,
OMIM:619705,Immunodeficiency 93 and hypertrophic cardiomyopathy,snv_fora_do_painel,True,FNIP1,7,4,0,0,0,,
OMIM:619707,"Agammaglobulinemia 10, autosomal dominant",snv_fora_do_painel,True,SPI1,7,5,0,0,0,,
OMIM:619708,Gastrointestinal defects and immunodeficiency syndrome 2,snv_fora_do_painel,True,PI4KA,5,4,0,0,0,,
OMIM:619712,Spermatogenic failure 65,snv_fora_do_painel,True,DNHD1,26,16,0,0,0,,
OMIM:619714,"Congenital disorder of glycosylation, type Iw, autosomal dominant",snv_fora_do_painel,True,STT3A,6,6,0,0,0,,
OMIM:619717,"Intellectual developmental disorder, autosomal recessive 73",snv_fora_do_painel,True,NAA20,3,3,0,0,0,,
OMIM:619718,Hypogonadotropic hypogonadism 26 with or without anosmia,snv_fora_do_painel,True,TCF12,10,4,0,0,0,,
OMIM:619719,Intellectual disability and myopathy syndrome,snv_fora_do_painel,True,ABCC9,4,3,0,0,0,,
OMIM:619720,Bryant-Li-Bhoj neurodevelopmental syndrome 1,snv_fora_do_painel,True,H3-3A,13,13,0,0,0,,
OMIM:619721,Bryant-Li-Bhoj neurodevelopmental syndrome 2,snv_fora_do_painel,True,H3-3B,12,12,0,0,0,,
OMIM:619724,"Dystonia 34, myoclonic",snv_fora_do_painel,True,KCNN2,3,1,0,0,0,,
OMIM:619725,Neurodevelopmental disorder with or without variable movement or behavioral abnormalities,snv_fora_do_painel,True,KCNN2,10,6,0,0,0,,
OMIM:619727,"Craniotubular dysplasia, Ikegawa type",sem_snv,True,TMEM53,2,0,0,0,0,,
OMIM:619733,Inclusion body myopathy and brain white matter abnormalities,snv_fora_do_painel,True,ANXA11,1,1,0,0,0,,
OMIM:619735,"Spastic paraplegia 86, autosomal recessive",snv_fora_do_painel,True,ABHD16A,8,7,0,0,0,,
OMIM:619736,Teebi hypertelorism syndrome 2,snv_fora_do_painel,True,CDH11,7,7,0,0,0,,
OMIM:619737,Combined oxidative phosphorylation deficiency 54,snv_fora_do_painel,True,PRORP,8,6,0,0,0,,
OMIM:619738,"Parkinsonism-dystonia 3, childhood-onset",snv_fora_do_painel,True,WARS2,5,4,0,0,0,,
OMIM:619742,"Charcot-Marie-Tooth disease, demyelinating, type 1I",snv_fora_do_painel,True,POLR3B,11,10,0,0,0,,
OMIM:619743,Combined oxidative phosphorylation deficiency 55,snv_fora_do_painel,True,POLRMT,17,13,0,0,0,,
OMIM:619745,Noonan syndrome 14,snv_fora_do_painel,True,SPRED2,5,3,0,0,0,,
OMIM:619747,"Cardiomyopathy, dilated, 2F",snv_fora_do_painel,True,BAG5,4,2,0,0,0,,
OMIM:619750,Immunodeficiency 94 with autoinflammation and dysmorphic facies,sem_snv,True,IL6ST,1,0,0,0,0,,
OMIM:619751,Stuve-Wiedemann syndrome 2,snv_fora_do_painel,True,IL6ST,4,3,0,0,0,,
OMIM:619752,"Hyper-IgE recurrent infection syndrome 4A, autosomal dominant",snv_fora_do_painel,True,IL6ST,5,1,0,0,0,,
OMIM:619755,Hypogonadotropic hypogonadism 27 without anosmia,sem_variante_patogenica,True,NHLH2,0,0,0,0,0,,
OMIM:619758,Tessadori-van Haaften neurodevelopmental syndrome 1,snv_fora_do_painel,True,H4C3,4,4,0,0,0,,
OMIM:619759,Tessadori-van Haaften neurodevelopmental syndrome 2,snv_fora_do_painel,True,H4C11,2,2,0,0,0,,
OMIM:619761,"Cerebellar dysfunction, impaired intellectual development, and hypogonadotropic hypogonadism",snv_fora_do_painel,True,PRDM13,2,1,0,0,0,,
OMIM:619762,Kury-Isidor syndrome,snv_fora_do_painel,True,BAP1,13,12,0,0,0,,
OMIM:619764,"Charcot-Marie-Tooth disease, demyelinating, type 1H",snv_fora_do_painel,True,FBLN5,3,3,0,0,0,,
OMIM:619767,"Pulmonary fibrosis and/or bone marrow failure, telomere-related, 6",sem_variante_patogenica,True,RPA1,0,0,0,0,0,,
OMIM:619769,"Macrocephaly, neurodevelopmental delay, lymphoid hyperplasia, and persistent fetal hemoglobin",snv_fora_do_painel,True,ZBTB7A,14,4,0,0,0,,
OMIM:619773,Immunodeficiency 95,snv_fora_do_painel,True,IFIH1,4,2,0,0,0,,
OMIM:619774,Immunodeficiency 96,snv_fora_do_painel,True,LIG1,3,1,0,0,0,,
OMIM:619775,Congenital disorder of deglycosylation 2,snv_fora_do_painel,True,MAN2C1,12,3,0,0,0,,
OMIM:619777,Developmental and epileptic encephalopathy 100,snv_fora_do_painel,True,FBXO28,8,5,0,0,0,,
OMIM:619780,Mitochondrial DNA depletion syndrome 20 (MNGIE type),snv_fora_do_painel,True,LIG3,14,11,0,0,0,,
OMIM:619781,"Myopia 28, autosomal recessive",snv_fora_do_painel,True,LOXL3,3,1,0,0,0,,
OMIM:619783,"Epidermolysis bullosa, junctional 2A, intermediate",snv_fora_do_painel,True,LAMA3,36,23,0,0,0,,
OMIM:619784,"Epidermolysis bullosa, junctional 2B, severe",snv_fora_do_painel,True,LAMA3,44,30,0,0,0,,
OMIM:619785,"Epidermolysis bullosa, junctional 3A, intermediate",snv_fora_do_painel,True,LAMC2,38,21,0,0,0,,
OMIM:619786,"Epidermolysis bullosa, junctional 3B, severe",snv_fora_do_painel,True,LAMC2,41,22,0,0,0,,
OMIM:619787,"Epidermolysis bullosa, junctional 4, intermediate",snv_fora_do_painel,True,COL17A1,48,25,0,0,0,,
OMIM:619789,"Anemia, congenital dyserythropoietic, type IIIb, autosomal recessive",snv_fora_do_painel,True,RACGAP1,2,2,0,0,0,,
OMIM:619790,Oculopharyngodistal myopathy 4,sem_variante_patogenica,True,RILPL1,0,0,0,0,0,,
OMIM:619793,Restrictive dermopathy 2,snv_fora_do_painel,True,LMNA,2,2,0,0,0,,
OMIM:619795,"Osteogenesis imperfecta, type XXII",snv_fora_do_painel,True,CCDC134,1,1,0,0,0,,
OMIM:619797,Neurodevelopmental disorder with central hypotonia and dysmorphic facies,snv_fora_do_painel,True,HDAC4,5,5,0,0,0,,
OMIM:619799,Spermatogenic failure 66,snv_fora_do_painel,True,ZPBP,1,1,0,0,0,,
OMIM:619802,Immunodeficiency 97 with autoinflammation,snv_fora_do_painel,True,PIK3CG,3,3,0,0,0,,
OMIM:619803,Spermatogenic failure 67,snv_fora_do_painel,True,CCDC62,2,1,0,0,0,,
OMIM:619804,"Deafness, autosomal dominant 82",snv_fora_do_painel,True,ATP2B2,15,9,0,0,0,,
OMIM:619805,Spermatogenic failure 68,snv_fora_do_painel,True,CATSPERT,1,1,0,0,0,,
OMIM:619806,Spinocerebellar ataxia 49,snv_fora_do_painel,True,SAMD9L,2,1,0,0,0,,
OMIM:619808,"Deafness, autosomal dominant 83",snv_fora_do_painel,True,MAP1B,3,2,0,0,0,,
OMIM:619810,"Deafness, autosomal dominant 84",snv_fora_do_painel,True,ATP11A,3,2,0,0,0,,
OMIM:619813,"Neutropenia, severe congenital, 9, autosomal dominant",snv_fora_do_painel,True,CLPB,5,4,0,0,0,,
OMIM:619814,Developmental and epileptic encephalopathy 101,snv_fora_do_painel,True,GRIN1,5,5,0,0,0,,
OMIM:619816,"Epidermolysis bullosa, junctional 5A, intermediate",snv_fora_do_painel,True,ITGB4,43,21,0,0,0,,
OMIM:619817,"Epidermolysis bullosa, junctional 6, with pyloric atresia",snv_fora_do_painel,True,ITGA6,15,9,0,0,0,,
OMIM:619824,"Agammaglobulinemia 8B, autosomal recessive",snv_fora_do_painel,True,TCF3,3,1,0,0,0,,
OMIM:619825,"Aortic aneurysm, familial thoracic 12",snv_fora_do_painel,True,THSD4,4,1,0,0,0,,
OMIM:619826,Spermatogenic failure 69,sem_snv,True,GGN,2,0,0,0,0,,
OMIM:619827,"Intellectual developmental disorder, autosomal recessive 75, with neuropsychiatric features and variant lissencephaly",snv_fora_do_painel,True,PIDD1,14,9,0,0,0,,
OMIM:619828,Spermatogenic failure 70,snv_fora_do_painel,True,PDHA2,1,1,0,0,0,,
OMIM:619831,Spermatogenic failure 71,snv_fora_do_painel,True,ZSWIM7,2,1,0,0,0,,
OMIM:619832,"Auditory neuropathy, autosomal dominant 3",sem_variante_patogenica,True,TMEM43,0,0,0,0,0,,
OMIM:619833,Neurodevelopmental disorder with neuromuscular and skeletal abnormalities,snv_fora_do_painel,True,NRCAM,9,6,0,0,0,,
OMIM:619834,Ovarian dysgenesis 10,snv_fora_do_painel,True,ZSWIM7,2,1,0,0,0,,
OMIM:619835,"3-methylglutaconic aciduria, type VIIA, autosomal dominant",snv_fora_do_painel,True,CLPB,2,2,0,0,0,,
OMIM:619836,"Hypoalphalipoproteinemia, primary, 2, intermediate",snv_fora_do_painel,True,APOA1,4,3,0,0,0,,
OMIM:619840,"Macrothrombocytopenia, isolated, 2, autosomal dominant",snv_fora_do_painel,True,TUBA8,1,1,0,0,0,,
OMIM:619841,Chilton-Okur-Chung neurodevelopmental syndrome,snv_fora_do_painel,True,CDC42BPB,24,18,0,0,0,,
OMIM:619844,Intellectual developmental disorder with or without peripheral neuropathy,snv_fora_do_painel,True,NUDT2,3,2,0,0,0,,
OMIM:619845,Retinitis pigmentosa 93,snv_fora_do_painel,True,CC2D2A,84,42,0,0,0,,
OMIM:619846,Immunodeficiency 99 with hypogammaglobulinemia and autoimmune cytopenias,sem_variante_patogenica,True,CTNNBL1,0,0,0,0,0,,
OMIM:619847,"Neurodegeneration, childhood-onset, with progressive microcephaly",snv_fora_do_painel,True,DTYMK,5,3,0,0,0,,
OMIM:619849,"Cholestasis, progressive familial intrahepatic, 9",snv_fora_do_painel,True,ZFYVE19,8,7,0,0,0,,
OMIM:619851,"Leukodystrophy, hypomyelinating, 24",snv_fora_do_painel,True,ATP11A,2,2,0,0,0,,
OMIM:619854,"Neurodevelopmental disorder with hypotonia, impaired speech, and behavioral abnormalities",snv_fora_do_painel,True,GNAI1,15,15,0,0,0,,
OMIM:619855,"Thyroid hormone metabolism, abnormal, 2",snv_fora_do_painel,True,DIO1,2,2,0,0,0,,
OMIM:619858,Autoinflammatory-pancytopenia syndrome,snv_fora_do_painel,True,DNASE2,3,3,0,0,0,,
OMIM:619859,Phosphoribosylaminoimidazole carboxylase deficiency,snv_fora_do_painel,True,PAICS,4,3,0,0,0,,
OMIM:619862,"Spinocerebellar ataxia, autosomal recessive 32",snv_fora_do_painel,True,PRDX3,7,6,0,0,0,,
OMIM:619864,"Leukodystrophy, childhood-onset, remitting",sem_variante_patogenica,True,FBP2,0,0,0,0,0,,
OMIM:619867,Spermatogenic failure 72,snv_fora_do_painel,True,WDR19,43,29,0,0,0,,
OMIM:619868,"Cholestasis, progressive familial intrahepatic, 10",snv_fora_do_painel,True,MYO5B,11,9,0,0,0,,
OMIM:619869,Neurocardiofaciodigital syndrome,snv_fora_do_painel,True,MAPKAPK5,6,3,0,0,0,,
OMIM:619871,"Corneal dystrophy, punctiform and polychromatic pre-Descemet",snv_fora_do_painel,True,PRDX3,2,2,0,0,0,,
OMIM:619872,Immunodeficiency 101 (varicella zoster virus-specific),snv_fora_do_painel,True,POLR3F,1,1,0,0,0,,
OMIM:619873,Parenti-Mignot neurodevelopmental syndrome,snv_fora_do_painel,True,CHD5,18,12,0,0,0,,
OMIM:619874,"Cholestasis, progressive familial intrahepatic, 11",snv_fora_do_painel,True,SEMA7A,1,1,0,0,0,,
OMIM:619876,"Neurodevelopmental disorder with microcephaly, hypotonia, nystagmus, and seizures",sem_variante_patogenica,True,CPSF3,0,0,0,0,0,,
OMIM:619877,Dentici-Novelli neurodevelopmental syndrome,snv_fora_do_painel,True,ZNF526,5,2,0,0,0,,
OMIM:619878,Spermatogenic failure 73,snv_fora_do_painel,True,MOV10L1,4,3,0,0,0,,
OMIM:619879,Meckel syndrome 14,snv_fora_do_painel,True,TXNDC15,6,3,0,0,0,,
OMIM:619880,Neurodevelopmental disorder with poor growth and skeletal anomalies,snv_fora_do_painel,True,PCDHGC4,10,6,0,0,0,,
OMIM:619881,Developmental and epileptic encephalopathy 102,snv_fora_do_painel,True,SLC38A3,6,4,0,0,0,,
OMIM:619884,"Osteoporosis, childhood- or juvenile-onset, with developmental delay",snv_fora_do_painel,True,COPB2,5,2,0,0,0,,
OMIM:619887,Renal hypodysplasia/aplasia 4,snv_fora_do_painel,True,GFRA1,3,2,0,0,0,,
OMIM:619895,Holoprosencephaly 14,snv_fora_do_painel,True,PLCH1,2,1,0,0,0,,
OMIM:619897,"Cardiomyopathy, dilated, 2G",snv_fora_do_painel,True,LMOD2,7,3,0,0,0,,
OMIM:619902,Hepatorenocardiac degenerative fibrosis,snv_fora_do_painel,True,TULP3,8,6,0,0,0,,
OMIM:619903,"Peripheral motor neuropathy, childhood-onset, biotin-responsive",snv_fora_do_painel,True,SLC5A6,4,3,0,0,0,,
OMIM:619908,Neurodevelopmental disorder with language delay and seizure,snv_fora_do_painel,True,TIAM1,5,5,0,0,0,,
OMIM:619909,"Pontocerebellar hypoplasia, type 17",snv_fora_do_painel,True,PRDM13,5,2,0,0,0,,
OMIM:619910,"Intellectual developmental disorder, autosomal dominant 66",snv_fora_do_painel,True,ATP2B1,20,12,0,0,0,,
OMIM:619911,Intellectual developmental disorder with language impairment and early-onset DOPA-responsive dystonia-parkinsonism,snv_fora_do_painel,True,NR4A2,31,15,0,0,0,,
OMIM:619913,Developmental and epileptic encephalopathy 103,snv_fora_do_painel,True,KCNC2,11,11,0,0,0,,
OMIM:619921,"Dystonia 35, childhood-onset",sem_variante_patogenica,True,SHQ1,0,0,0,0,0,,
OMIM:619922,Neurodevelopmental disorder with dystonia and seizures,snv_fora_do_painel,True,SHQ1,2,2,0,0,0,,
OMIM:619924,"Immunodeficiency 105, severe combined",snv_fora_do_painel,True,PTPRC,8,6,0,0,0,,
OMIM:619927,"Intellectual developmental disorder, autosomal dominant 67",snv_fora_do_painel,True,GRIA1,5,5,0,0,0,,
OMIM:619931,"Intellectual developmental disorder, autosomal recessive 76",snv_fora_do_painel,True,GRIA1,2,2,0,0,0,,
OMIM:619934,"Intellectual developmental disorder, autosomal dominant 68",snv_fora_do_painel,True,KMT2B,15,4,0,0,0,,
OMIM:619935,"Immunodeficiency 106, susceptibility to viral infections",snv_fora_do_painel,True,IFNAR1,4,3,0,0,0,,
OMIM:619937,Spermatogenic failure 74,snv_fora_do_painel,True,MSH5,6,3,0,0,0,,
OMIM:619938,Premature ovarian failure 20,snv_fora_do_painel,True,MSH4,5,3,0,0,0,,
OMIM:619941,Carey-Fineman-Ziter syndrome 2,snv_fora_do_painel,True,MYMX,5,5,0,0,0,,
OMIM:619947,"Waardenburg syndrome, type 2F",snv_fora_do_painel,True,KITLG,4,2,0,0,0,,
OMIM:619949,Spermatogenic failure 75,snv_fora_do_painel,True,SHOC1,8,4,0,0,0,,
OMIM:619950,Tessadori-van Haaften neurodevelopmental syndrome 3,snv_fora_do_painel,True,H4C5,6,6,0,0,0,,
OMIM:619951,Tessadori-van Haaften neurodevelopmental syndrome 4,snv_fora_do_painel,True,H4C9,2,2,0,0,0,,
OMIM:619955,Dworschak-Punetha neurodevelopmental syndrome,snv_fora_do_painel,True,PLXNA1,12,9,0,0,0,,
OMIM:619957,Attention deficit-hyperactivity disorder 8,snv_fora_do_painel,True,CDH2,1,1,0,0,0,,
OMIM:619959,ACCES syndrome,snv_fora_do_painel,True,UBA2,19,11,0,0,0,,
OMIM:619964,"Developmental delay, impaired speech, and behavioral abnormalities, with or without seizures",snv_fora_do_painel,True,ARFGEF1,28,16,0,0,0,,
OMIM:619966,"Spastic paraplegia 87, autosomal recessive",snv_fora_do_painel,True,TMEM63C,4,1,0,0,0,,
OMIM:619967,"Myopathy, congenital, nonprogressive",snv_fora_do_painel,True,HACD1,5,4,0,0,0,,
OMIM:619970,Developmental and epileptic encephalopathy 104,snv_fora_do_painel,True,ATP6V0A1,4,4,0,0,0,,
OMIM:619971,Neurodevelopmental disorder with epilepsy and brain atrophy,snv_fora_do_painel,True,ATP6V0A1,7,4,0,0,0,,
OMIM:619972,"Neurodevelopmental disorder with severe motor impairment, absent language, cerebral hypomyelination, and brain atrophy",snv_fora_do_painel,True,TAF8,5,5,0,0,0,,
OMIM:619975,Tumor predisposition syndrome 2,snv_fora_do_painel,True,MBD4,28,10,0,0,0,,
OMIM:619977,"Macular dystrophy, retinal, 4",snv_fora_do_painel,True,CLEC3B,1,1,0,0,0,,
OMIM:619981,Braddock-Carey syndrome 2,snv_fora_do_painel,True,KIF15,3,3,0,0,0,,
OMIM:619983,Developmental and epileptic encephalopathy 105 with hypopituitarism,snv_fora_do_painel,True,HID1,5,2,0,0,0,,
OMIM:619985,Glycosylphosphatidylinositol biosynthesis defect 25,sem_variante_patogenica,True,C18orf32,0,0,0,0,0,,
OMIM:619986,"Immunodeficiency 107, susceptibility to invasive staphylococcus aureus infection",snv_fora_do_painel,False,OTULIN,3,2,0,0,0,,
OMIM:619988,"Intellectual developmental disorder, autosomal recessive 77",snv_fora_do_painel,True,CEP104,17,10,0,0,0,,
OMIM:619989,Neurodevelopmental disorder with speech delay and variable ocular anomalies,sem_snv,True,THUMPD1,5,0,0,0,0,,
OMIM:619991,"Liver disease, severe congenital",snv_fora_do_painel,True,FOCAD,11,7,0,0,0,,
OMIM:619995,"Neurodevelopmental disorder with intention tremor, pyramidal signs, dyspraxia, and ocular anomalies",snv_fora_do_painel,True,SMG9,5,2,0,0,0,,
OMIM:620001,"Neurodevelopmental disorder with spasticity, seizures, and brain abnormalities",sem_snv,True,NSRP1,4,0,0,0,0,,
OMIM:620005,Primordial dwarfism-immunodeficiency-lipodystrophy syndrome,snv_fora_do_painel,True,PRIM1,3,3,0,0,0,,
OMIM:620007,Intellectual developmental disorder with muscle tone abnormalities and distal skeletal defects,snv_fora_do_painel,True,LGI3,6,4,0,0,0,,
OMIM:620009,"Keratoderma-ichthyosis-deafness syndrome, autosomal recessive",snv_fora_do_painel,True,VPS33B,23,16,0,0,0,,
OMIM:620010,"Cholestasis, progressive familial intrahepatic, 12",snv_fora_do_painel,True,VPS33B,24,16,0,0,0,,
OMIM:620011,"Spinal muscular atrophy, distal, autosomal recessive, 6",snv_fora_do_painel,True,REEP1,3,1,0,0,0,,
OMIM:620012,"Developmental delay, hypotonia, and impaired language",snv_fora_do_painel,True,FBXW7,13,7,0,0,0,,
OMIM:620014,Lymphatic malformation 12,snv_fora_do_painel,True,MDFIC,5,1,0,0,0,,
OMIM:620015,"Advance sleep phase syndrome, familial, 4",snv_fora_do_painel,True,TIMELESS,1,1,0,0,0,,
OMIM:620019,"Arthrogryposis, distal, type 11",snv_fora_do_painel,True,MET,2,2,0,0,0,,
OMIM:620021,Intellectual developmental disorder with autism and dysmorphic facies,snv_fora_do_painel,True,PDZD8,2,1,0,0,0,,
OMIM:620022,"Stickler syndrome, type VI",snv_fora_do_painel,True,COL9A3,10,6,0,0,0,,
OMIM:620023,"Neurodevelopmental disorder with microcephaly, movement abnormalities, and seizures",snv_fora_do_painel,True,CHKA,4,3,0,0,0,,
OMIM:620024,"Neurodevelopmental disorder with seizures, microcephaly, and brain abnormalities",snv_fora_do_painel,True,PPFIBP1,10,4,0,0,0,,
OMIM:620025,"Diaphragmatic hernia 4, with cardiovascular defects",snv_fora_do_painel,True,ALDH1A2,4,4,0,0,0,,
OMIM:620027,"Neurodevelopmental disorder with microcephaly, short stature, and speech delay",snv_fora_do_painel,True,TRAPPC10,4,3,0,0,0,,
OMIM:620028,Developmental and epileptic encephalopathy 106,sem_snv,True,UFSP2,1,0,0,0,0,,
OMIM:620029,"Neurodevelopmental disorder with hypotonia, language delay, and skeletal defects with or without seizures",snv_fora_do_painel,True,CACNA1C,25,22,0,0,0,,
OMIM:620032,"Ciliary dyskinesia, primary, 48, without situs inversus",snv_fora_do_painel,True,NME5,3,1,0,0,0,,
OMIM:620033,Developmental and epileptic encephalopathy 107,snv_fora_do_painel,True,NAPB,3,3,0,0,0,,
OMIM:620038,"Neurodevelopmental disorder with microcephaly, hypotonia, and absent language",snv_fora_do_painel,True,PSMB1,1,1,0,0,0,,
OMIM:620040,"Dyskeratosis congenita, digenic",snv_fora_do_painel,True,TYMS,3,1,0,0,0,,
OMIM:620044,Bone marrow failure and diabetes mellitus syndrome,snv_fora_do_painel,True,DUT,1,1,0,0,0,,
OMIM:620045,Intestinal dysmotility syndrome,sem_variante_patogenica,True,ANO1,0,0,0,0,0,,
OMIM:620047,"Microcephaly 29, primary, autosomal recessive",sem_snv,True,PDCD6IP,1,0,0,0,0,,
OMIM:620049,"Nephrotic syndrome, type 26",snv_fora_do_painel,True,LAMA5,19,12,0,0,0,,
OMIM:620056,Polycystic kidney disease 7,snv_fora_do_painel,True,ALG5,10,9,0,0,0,,
OMIM:620062,"Developmental delay with short stature, dysmorphic facial features, and sparse hair 2",snv_fora_do_painel,True,DPH2,2,2,0,0,0,,
OMIM:620065,"Developmental delay, behavioral abnormalities, and neuropsychiatric disorders",snv_fora_do_painel,True,ADGRL1,18,14,0,0,0,,
OMIM:620066,"Neurodevelopmental disorder with microcephaly, cerebral atrophy, and visual impairment",snv_fora_do_painel,True,DOHH,5,3,0,0,0,,
OMIM:620067,Cardiac valvular dysplasia 2,snv_fora_do_painel,True,ADAMTS19,6,5,0,0,0,,
OMIM:620068,"Charcot-Marie-Tooth disease, axonal, type 2II",snv_fora_do_painel,True,SLC12A6,21,17,0,0,0,,
OMIM:620070,"Neurodevelopmental disorder with short stature, prominent forehead, and feeding difficulties",snv_fora_do_painel,True,DPH5,4,4,0,0,0,,
OMIM:620071,"Neurodevelopmental disorder with poor growth, spastic tetraplegia, and hearing loss",snv_fora_do_painel,True,PSMC1,1,1,0,0,0,,
OMIM:620072,Diamond-Blackfan anemia 21,snv_fora_do_painel,True,HEATR3,6,6,0,0,0,,
OMIM:620073,Neurodevelopmental disorder with dysmorphic facies and skeletal and brain abnormalities,snv_fora_do_painel,True,HNRNPR,4,2,0,0,0,,
OMIM:620075,"Neurodevelopmental disorder with facial dysmorphism, absent language, and pseudo-Pelger-Huet anomaly",snv_fora_do_painel,True,TMEM147,15,10,0,0,0,,
OMIM:620076,Bent bone dysplasia syndrome 2,snv_fora_do_painel,True,LAMA5,3,3,0,0,0,,
OMIM:620080,"Neuronopathy, distal hereditary motor, type X",snv_fora_do_painel,True,EMILIN1,1,1,0,0,0,,
OMIM:620083,Neurodevelopmental disorder with craniofacial dysmorphism and skeletal defects,snv_fora_do_painel,True,HNRNPH1,5,2,0,0,0,,
OMIM:620084,Spermatogenic failure 76,sem_snv,True,CCDC34,3,0,0,0,0,,
OMIM:620085,Hypermetabolism due to uncoupled mitochondrial oxidative phosphorylation 2,snv_fora_do_painel,True,ATP5F1B,1,1,0,0,0,,
OMIM:620086,Intellectual developmental disorder with ocular anomalies and distinctive facial features,snv_fora_do_painel,True,MTSS2,1,1,0,0,0,,
OMIM:620089,"Neurodegeneration, childhood-onset, with multisystem involvement due to mitochondrial dysfunction",snv_fora_do_painel,True,LETM1,6,3,0,0,0,,
OMIM:620094,Neurodevelopmental disorder with eye movement abnormalities and ataxia,snv_fora_do_painel,True,FRMD5,4,4,0,0,0,,
OMIM:620098,Developmental delay with variable intellectual disability and dysmorphic facies,snv_fora_do_painel,True,JARID2,10,3,0,0,0,,
OMIM:620099,Cleidocranial dysplasia 2,snv_fora_do_painel,True,CBFB,2,1,0,0,0,,
OMIM:620102,Retinitis pigmentosa 95,snv_fora_do_painel,True,RAX2,2,1,0,0,0,,
OMIM:620103,Spermatogenic failure 77,snv_fora_do_painel,True,FKBP6,2,2,0,0,0,,
OMIM:620104,"Amelogenesis imperfecta, type IK",sem_snv,True,SP6,2,0,0,0,0,,
OMIM:620106,"Spastic paraplegia 88, autosomal dominant",snv_fora_do_painel,True,KPNA3,5,5,0,0,0,,
OMIM:620107,Orofaciodigital syndrome XIX,snv_fora_do_painel,True,SCNM1,2,1,0,0,0,,
OMIM:620111,"Charcot-Marie-Tooth disease, demyelinating, type 1J",snv_fora_do_painel,True,ITPR3,2,2,0,0,0,,
OMIM:620113,"Neurodevelopmental disorder with growth retardation, dysmorphic facies, and corpus callosum abnormalities",snv_fora_do_painel,True,FRA10AC1,10,5,0,0,0,,
OMIM:620114,Neurodevelopmental disorder with speech impairment and with or without seizures,snv_fora_do_painel,True,CACNA1I,5,4,0,0,0,,
OMIM:620115,Developmental and epileptic encephalopathy 108,snv_fora_do_painel,True,MAST3,6,6,0,0,0,,
OMIM:620121,"Iron overload, susceptibility to",sem_variante_patogenica,False,BMP6,0,0,0,0,0,,
OMIM:620125,"Pseudohypoaldosteronism, type IB2, autosomal recessive",snv_fora_do_painel,True,SCNN1B,21,17,0,0,0,,
OMIM:620126,"Pseudohypoaldosteronism, type IB3, autosomal recessive",snv_fora_do_painel,True,SCNN1G,4,2,0,0,0,,
OMIM:620133,"Dyskeratosis congenita, autosomal recessive 8",snv_fora_do_painel,True,DCLRE1B,3,3,0,0,0,,
OMIM:620135,"Mitochondrial complex I deficiency, nuclear type 39",snv_fora_do_painel,True,NDUFB7,1,1,0,0,0,,
OMIM:620137,"Mitochondrial complex III deficiency, nuclear type 11",sem_snv,True,UQCRH,1,0,0,0,0,,
OMIM:620138,"Myopathy with myalgia, increased serum creatine kinase, and with or without episodic rhabdomyolysis",snv_fora_do_painel,True,MLIP,1,1,0,0,0,,
OMIM:620139,Combined oxidative phosphorylation deficiency 56,snv_fora_do_painel,True,TAMM41,5,4,0,0,0,,
OMIM:620141,"Developmental delay, language impairment, and ocular abnormalities",sem_variante_patogenica,True,ARPC4,0,0,0,0,0,,
OMIM:620145,Developmental and epileptic encephalopathy 109,snv_fora_do_painel,True,FZR1,3,3,0,0,0,,
OMIM:620148,"Ichthyosis, annular epidermolytic 2",snv_fora_do_painel,True,KRT1,3,3,0,0,0,,
OMIM:620149,Developmental and epileptic encephalopathy 110,snv_fora_do_painel,True,CACNA2D1,4,1,0,0,0,,
OMIM:620150,Epidermolytic hyperkeratosis 2,snv_fora_do_painel,True,KRT10,10,10,0,0,0,,
OMIM:620151,Wolman disease,snv_fora_do_painel,True,LIPA,95,59,0,0,0,,
OMIM:620152,"Hypomagnesemia 7, renal, with or without dilated cardiomyopathy",snv_fora_do_painel,True,RRAGD,3,3,0,0,0,,
OMIM:620153,Mosaic variegated aneuploidy syndrome 4,snv_fora_do_painel,True,CENATAC,2,1,0,0,0,,
OMIM:620154,Oocyte maturation defect 13,sem_snv,True,ZFP36L2,2,0,0,0,0,,
OMIM:620155,Rabin-Pappas syndrome,snv_fora_do_painel,True,SETD2,1,1,0,0,0,,
OMIM:620156,"Cortical dysplasia, complex, with other brain malformations 11",snv_fora_do_painel,True,KIF26A,10,4,0,0,0,,
OMIM:620157,"Intellectual developmental disorder, autosomal dominant 70",snv_fora_do_painel,True,SETD2,4,3,0,0,0,,
OMIM:620158,Spinocerebellar ataxia 50,snv_fora_do_painel,True,NPTX1,6,5,0,0,0,,
OMIM:620161,Congenital myopathy 15,snv_fora_do_painel,True,TNNC2,2,2,0,0,0,,
OMIM:620166,"Muscular dystrophy, congenital, with or without seizures",snv_fora_do_painel,True,GOSR2,5,5,0,0,0,,
OMIM:620167,Combined oxidative phosphorylation deficiency 57,snv_fora_do_painel,True,CRLS1,3,3,0,0,0,,
OMIM:620170,Spermatogenic failure 78,snv_fora_do_painel,True,IQCN,7,3,0,0,0,,
OMIM:620173,"Tooth agenesis, selective, 10",snv_fora_do_painel,True,TSPEAR,14,8,0,0,0,,
OMIM:620174,"Spinocerebellar ataxia 27B, late-onset",sem_variante_patogenica,True,FGF14,0,0,0,0,0,,
OMIM:620177,Hypotrichosis 15,posicao_alelo_diferente,True,C3orf52,4,3,1,0,0,,
OMIM:620183,"Microcephaly 30, primary, autosomal recessive",snv_fora_do_painel,True,BUB1,3,1,0,0,0,,
OMIM:620184,Atelis syndrome 1,snv_fora_do_painel,True,SLF2,8,2,0,0,0,,
OMIM:620185,Atelis syndrome 2,snv_fora_do_painel,True,SMC5,5,3,0,0,0,,
OMIM:620186,"Branchial arch abnormalities, choanal atresia, athelia, hearing loss, and hypothyroidism syndrome",snv_fora_do_painel,True,KMT2D,31,18,0,0,0,,
OMIM:620189,Mosaic variegated aneuploidy syndrome 7 with inflammation and tumor predisposition,snv_fora_do_painel,True,MAD1L1,4,4,0,0,0,,
OMIM:620191,"Neurodevelopmental disorder with hypotonia, dysmorphic facies, and skin abnormalities",snv_fora_do_painel,True,PGM2L1,7,2,0,0,0,,
OMIM:620192,Lacrimoauriculodentodigital syndrome-2,sem_variante_patogenica,True,FGFR3,0,0,0,0,0,,
OMIM:620193,Lacrimoauriculodentodigital syndrome-3,snv_fora_do_painel,True,FGF10,9,6,0,0,0,,
OMIM:620194,"Neurodevelopmental disorder with poor growth, large ears, and dysmorphic facies",snv_fora_do_painel,True,ZNF668,2,2,0,0,0,,
OMIM:620196,Spermatogenic failure 79,snv_fora_do_painel,True,KCNU1,3,3,0,0,0,,
OMIM:620197,"Ciliary dyskinesia, primary, 49, without situs inversus",snv_fora_do_painel,True,CFAP74,10,5,0,0,0,,
OMIM:620198,"Thyroid hormone metabolism, abnormal, 3",snv_fora_do_painel,True,TRU-TCA1-1,1,1,0,0,0,,
OMIM:620199,Inflammatory poikiloderma with hair abnormalities and acral keratoses,snv_fora_do_painel,True,LTV1,1,1,0,0,0,,
OMIM:620200,"Congenital disorder of glycosylation, type IIy",sem_variante_patogenica,True,GET4,0,0,0,0,0,,
OMIM:620201,"Congenital disorder of glycosylation, type IIz",sem_variante_patogenica,True,CAMLG,0,0,0,0,0,,
OMIM:620203,"Cardiomyopathy, dilated, 2H",snv_fora_do_painel,True,GET3,1,1,0,0,0,,
OMIM:620208,"Spinocerebellar ataxia, autosomal recessive 33",snv_fora_do_painel,True,RNU12,6,5,0,0,0,,
OMIM:620210,Neurodevelopmental disorder with dysmorphic facies and ischiopubic hypoplasia,snv_fora_do_painel,True,NAE1,3,3,0,0,0,,
OMIM:620211,"Hyperinsulinemic hypoglycemia, familial, 8",snv_fora_do_painel,True,SLC25A36,2,1,0,0,0,,
OMIM:620221,"Spastic paraplegia 79A, autosomal dominant",snv_fora_do_painel,True,UCHL1,12,5,0,0,0,,
OMIM:620222,Spermatogenic failure 80,snv_fora_do_painel,True,DRC1,7,5,0,0,0,,
OMIM:620224,"Neurodevelopmental disorder with hypotonia, dysmorphic facies, and skeletal anomalies, with or without seizures",snv_fora_do_painel,True,TRPM3,4,3,0,0,0,,
OMIM:620227,"Deafness, autosomal dominant 85",snv_fora_do_painel,True,USP48,1,1,0,0,0,,
OMIM:620228,"Retinitis pigmentosa 96, autosomal dominant",snv_fora_do_painel,True,SAG,3,2,0,0,0,,
OMIM:620231,Short QT syndrome 7,snv_fora_do_painel,True,SLC4A3,2,2,0,0,0,,
OMIM:620232,"Joint contracture, osteochondromas, and B-cell lymphoma",sem_snv,True,NFATC2,1,0,0,0,0,,
OMIM:620233,"Respiratory infections, recurrent, and failure to thrive with or without diarrhea",snv_fora_do_painel,True,AGR2,7,5,0,0,0,,
OMIM:620235,"Rhabdomyolysis, susceptibility to, 1",snv_fora_do_painel,False,OBSCN,20,12,0,0,0,,
OMIM:620236,"Cardiomyopathy, familial hypertrophic, 29, with polyglucosan bodies",snv_fora_do_painel,True,KLHL24,4,3,0,0,0,,
OMIM:620237,"Intellectual developmental disorder, autosomal recessive 78",snv_fora_do_painel,True,WDR11,7,4,0,0,0,,
OMIM:620238,"Deafness, autosomal recessive 120",snv_fora_do_painel,True,MINAR2,4,3,0,0,0,,
OMIM:620240,"Developmental delay with hypotonia, myopathy, and brain abnormalities",snv_fora_do_painel,True,GOLGA2,7,3,0,0,0,,
OMIM:620241,"Hydrocephalus, congenital, 5, susceptibility to",snv_fora_do_painel,False,SMARCC1,5,3,0,0,0,,
OMIM:620242,Neurodevelopmental disorder with poor growth and behavioral abnormalities,snv_fora_do_painel,True,ATP9A,10,9,0,0,0,,
OMIM:620243,"Leukodystrophy, hypomyelinating, 25",snv_fora_do_painel,True,TMEM163,4,4,0,0,0,,
OMIM:620244,Lymphatic malformation 13,snv_fora_do_painel,True,THSD1,4,3,0,0,0,,
OMIM:620245,Episodic kinesigenic dyskinesia 3,snv_fora_do_painel,True,TMEM151A,10,7,0,0,0,,
OMIM:620246,Congenital myopathy 18 due to dihydropyridine receptor defect,snv_fora_do_painel,True,CACNA1S,26,17,0,0,0,,
OMIM:620247,"Cardiomyopathy, dilated, 1OO",snv_fora_do_painel,True,VEZF1,1,1,0,0,0,,
OMIM:620249,"Congenital myopathy 10B, mild variant",snv_fora_do_painel,True,MEGF10,11,9,0,0,0,,
OMIM:620250,"Neurodevelopmental disorder with seizures, spasticity, and complete or partial agenesis of the corpus callosum",snv_fora_do_painel,True,HECTD4,9,6,0,0,0,,
OMIM:620253,Cataract 50 with or without glaucoma,sem_variante_patogenica,True,TRPM3,0,0,0,0,0,,
OMIM:620265,"Congenital myopathy 2B, severe infantile, autosomal recessive",snv_fora_do_painel,True,ACTA1,10,7,0,0,0,,
OMIM:620269,"Leukodystrophy, hypomyelinating, 26, with chondrodysplasia",sem_snv,True,SLC35B2,3,0,0,0,0,,
OMIM:620270,Neurodevelopmental disorder with absent speech and movement and behavioral abnormalities,sem_snv,True,UBE3C,1,0,0,0,0,,
OMIM:620275,"Mitochondrial complex IV deficiency, nuclear type 23",snv_fora_do_painel,True,COX11,4,2,0,0,0,,
OMIM:620276,Oocyte/zygote/embryo maturation arrest 14,snv_fora_do_painel,True,CDC20,12,10,0,0,0,,
OMIM:620277,Spermatogenic failure 81,snv_fora_do_painel,True,TEKT3,4,3,0,0,0,,
OMIM:620278,"Congenital myopathy 2C, severe infantile, autosomal dominant",snv_fora_do_painel,True,ACTA1,19,19,0,0,0,,
OMIM:620280,"Deafness, autosomal dominant 86",snv_fora_do_painel,True,THOC1,1,1,0,0,0,,
OMIM:620281,"Deafness, autosomal dominant 87",snv_fora_do_painel,True,PI4KB,4,4,0,0,0,,
OMIM:620282,Immunodeficiency 109 with lymphoproliferation,sem_variante_patogenica,True,TNFRSF9,0,0,0,0,0,,
OMIM:620283,"Deafness, autosomal dominant 88",sem_snv,True,EPHA10,1,0,0,0,0,,
OMIM:620284,"Deafness, autosomal dominant 89",sem_snv,True,ATOH1,1,0,0,0,0,,
OMIM:620285,"Amyotrophic lateral sclerosis 27, juvenile",snv_fora_do_painel,True,SPTLC1,7,5,0,0,0,,
OMIM:620286,"Myopathy, sarcoplasmic body",snv_fora_do_painel,True,MB,1,1,0,0,0,,
OMIM:620292,"Neurodevelopmental disorder with language delay and behavioral abnormalities, with or without seizures",snv_fora_do_painel,True,AGO1,9,9,0,0,0,,
OMIM:620294,"Congenital heart defects, multiple types, 9",snv_fora_do_painel,True,PLXND1,5,4,0,0,0,,
OMIM:620296,Autoinflammation with pulmonary and cutaneous vasculitis,snv_fora_do_painel,True,HCK,1,1,0,0,0,,
OMIM:620300,Mitochondrial trifunctional protein deficiency 2,snv_fora_do_painel,True,HADHB,19,14,0,0,0,,
OMIM:620303,"Pituitary hormone deficiency, combined or isolated, 8",snv_fora_do_painel,True,ROBO1,4,1,0,0,0,,
OMIM:620305,Neurooculorenal syndrome,snv_fora_do_painel,True,ROBO1,13,11,0,0,0,,
OMIM:620306,Neurodegeneration and seizures due to copper transport defect,snv_fora_do_painel,True,SLC31A1,2,2,0,0,0,,
OMIM:620310,Congenital myopathy 20,sem_variante_patogenica,True,RYR3,0,0,0,0,0,,
OMIM:620311,Premature ovarian failure 21,snv_fora_do_painel,True,TP63,5,4,0,0,0,,
OMIM:620312,"Leukoencephalopathy with vanishing white matter 2, with or without ovarian failure",snv_fora_do_painel,True,EIF2B2,15,11,0,0,0,,
OMIM:620313,"Leukoencephalopathy with vanishing white matter 3, with or without ovarian failure",snv_fora_do_painel,True,EIF2B3,12,10,0,0,0,,
OMIM:620314,"Leukoencephalopathy with vanishing white matter 4, with or without ovarian failure",snv_fora_do_painel,True,EIF2B4,11,11,0,0,0,,
OMIM:620315,"Leukoencephalopathy with vanishing white matter 5, with or without ovarian failure",snv_fora_do_painel,True,EIF2B5,36,31,0,0,0,,
OMIM:620316,"Cortical dysplasia, complex, with other brain malformations 12",snv_fora_do_painel,True,CAMSAP1,5,3,0,0,0,,
OMIM:620317,"Neurodevelopmental disorder with microcephaly and speech delay, with or without brain abnormalities",snv_fora_do_painel,True,WARS1,5,5,0,0,0,,
OMIM:620319,Oocyte/zygote/embryo maturation arrest 17,snv_fora_do_painel,True,KPNA7,2,1,0,0,0,,
OMIM:620320,"Hematuria, benign familial, 2",snv_fora_do_painel,True,COL4A3,203,159,0,0,0,,
OMIM:620321,C1q deficiency 2,snv_fora_do_painel,True,C1QB,5,5,0,0,0,,
OMIM:620322,C1q deficiency 3,sem_variante_patogenica,True,C1QC,0,0,0,0,0,,
OMIM:620323,"Spastic paraplegia 70, autosomal recessive",snv_fora_do_painel,True,MARS1,2,1,0,0,0,,
OMIM:620326,Congenital myopathy 21 with early respiratory failure,snv_fora_do_painel,True,DNAJB4,4,4,0,0,0,,
OMIM:620327,"Neurodegeneration with developmental delay, early respiratory failure, myoclonic seizures, and brain abnormalities",snv_fora_do_painel,True,MED11,2,2,0,0,0,,
OMIM:620330,"Intellectual developmental disorder, autosomal dominant 71, with behavioral abnormalities",snv_fora_do_painel,True,RFX7,10,4,0,0,0,,
OMIM:620331,Hatipoglu immunodeficiency syndrome,snv_fora_do_painel,True,DPP9,3,3,0,0,0,,
OMIM:620332,Oocyte/zygote/embryo maturation arrest 18,snv_fora_do_painel,True,NLRP2,6,6,0,0,0,,
OMIM:620333,Oocyte/zygote/embryo maturation arrest 19,snv_fora_do_painel,True,NLRP5,9,5,0,0,0,,
OMIM:620342,Cone-rod dystrophy 24,snv_fora_do_painel,True,UNC119,1,1,0,0,0,,
OMIM:620343,Basal cell nevus syndrome 2,snv_fora_do_painel,True,SUFU,15,7,0,0,0,,
OMIM:620344,Prolonged electroretinal response suppression 2,snv_fora_do_painel,True,RGS9BP,2,1,0,0,0,,
OMIM:620351,"Congenital myopathy 22A, classic",snv_fora_do_painel,True,SCN4A,10,9,0,0,0,,
OMIM:620352,"Developmental and epileptic encephalopathy 31B, autosomal recessive",snv_fora_do_painel,True,DNM1,3,2,0,0,0,,
OMIM:620353,Spermatogenic failure 82,snv_fora_do_painel,True,AKAP3,3,1,0,0,0,,
OMIM:620354,Spermatogenic failure 83,snv_fora_do_painel,True,DNALI1,2,1,0,0,0,,
OMIM:620356,"Ciliary dyskinesia, primary, 50",snv_fora_do_painel,True,DNAH7,15,10,0,0,0,,
OMIM:620357,Diarrhea 13,snv_fora_do_painel,True,ACSL5,1,1,0,0,0,,
OMIM:620358,"Mitochondrial complex V (ATP synthase) deficiency, nuclear type 4A",snv_fora_do_painel,True,ATP5F1A,3,3,0,0,0,,
OMIM:620359,"Mitochondrial complex V (ATP synthase) deficiency, nuclear type 7",snv_fora_do_painel,True,ATP5PO,3,3,0,0,0,,
OMIM:620364,Combined low LDL and fibrinogen,snv_fora_do_painel,True,B4GALT1,1,1,0,0,0,,
OMIM:620365,"Pulmonary fibrosis and/or bone marrow failure syndrome, telomere-related, 7",sem_snv,True,NAF1,2,0,0,0,0,,
OMIM:620366,"Osteopetrosis, autosomal recessive 9",snv_fora_do_painel,True,SLC4A2,2,2,0,0,0,,
OMIM:620367,"Pulmonary fibrosis and/or bone marrow failure syndrome, telomere-related, 8",snv_fora_do_painel,True,POT1,3,2,0,0,0,,
OMIM:620368,Cerebroretinal microangiopathy with calcifications and cysts 3,snv_fora_do_painel,True,POT1,3,2,0,0,0,,
OMIM:620369,"Congenital myopathy 22B, severe fetal",snv_fora_do_painel,True,SCN4A,6,6,0,0,0,,
OMIM:620370,RECON progeroid syndrome,sem_snv,True,RECQL,1,0,0,0,0,,
OMIM:620371,"Neurodevelopmental disorder with intracranial hemorrhage, seizures, and spasticity",snv_fora_do_painel,True,ESAM,8,6,0,0,0,,
OMIM:620372,Hypersulfaturia,snv_fora_do_painel,True,SLC26A1,1,1,0,0,0,,
OMIM:620374,"Nephrolithiasis, calcium oxalate, 2, with nephrocalcinosis",snv_fora_do_painel,True,OXGR1,4,3,0,0,0,,
OMIM:620375,"Muscular dystrophy, limb-girdle, autosomal recessive 28",snv_fora_do_painel,True,HMGCR,5,5,0,0,0,,
OMIM:620376,"Autoinflammatory disease, systemic, with vasculitis",snv_fora_do_painel,True,LYN,4,4,0,0,0,,
OMIM:620379,"Spastic paraplegia 89, autosomal recessive",snv_fora_do_painel,True,AMFR,6,3,0,0,0,,
OMIM:620383,Oocyte/zygote/embryo maturation arrest 20,snv_fora_do_painel,True,MOS,10,8,0,0,0,,
OMIM:620384,"Auditory neuropathy, autosomal dominant 2",sem_snv,True,ATP11A,1,0,0,0,0,,
OMIM:620386,"Nemaline myopathy 5B, autosomal recessive, childhood-onset",snv_fora_do_painel,True,TNNT1,5,3,0,0,0,,
OMIM:620389,"Nemaline myopathy 5C, autosomal dominant",snv_fora_do_painel,True,TNNT1,2,2,0,0,0,,
OMIM:620393,"Intellectual developmental disorder, autosomal recessive 79",sem_variante_patogenica,True,TPR,0,0,0,0,0,,
OMIM:620398,Glycine encephalopathy 2,snv_fora_do_painel,True,AMT,32,21,0,0,0,,
OMIM:620400,"Pulmonary fibrosis and/or bone marrow failure syndrome, telomere-related, 9",sem_variante_patogenica,True,NOP10,0,0,0,0,0,,
OMIM:620401,"Intellectual developmental disorder, autosomal recessive 84",snv_fora_do_painel,True,SGSM3,4,2,0,0,0,,
OMIM:620402,"Neuronopathy, distal hereditary motor, autosomal recessive 9",snv_fora_do_painel,True,COQ7,5,5,0,0,0,,
OMIM:620409,Spermatogenic failure 84,snv_fora_do_painel,True,CFAP61,8,7,0,0,0,,
OMIM:620411,"Palmoplantar keratoderma, epidermolytic, 2",snv_fora_do_painel,True,KRT1,2,2,0,0,0,,
OMIM:620415,Woolly hair-skin fragility syndrome,snv_fora_do_painel,True,TUFT1,3,2,0,0,0,,
OMIM:620416,"Spastic paraplegia 90A, autosomal dominant",snv_fora_do_painel,True,SPTSSA,1,1,0,0,0,,
OMIM:620417,"Spastic paraplegia 90B, autosomal recessive",sem_snv,True,SPTSSA,1,0,0,0,0,,
OMIM:620422,Retinitis pigmentosa 97,sem_variante_patogenica,True,VWA8,0,0,0,0,0,,
OMIM:620423,Multiple mitochondrial dysfunctions syndrome 7,snv_fora_do_painel,True,GCSH,9,5,0,0,0,,
OMIM:620425,"Cataracts, hearing impairment, nephrotic syndrome, and enterocolitis 2",snv_fora_do_painel,True,NOP10,1,1,0,0,0,,
OMIM:620427,"Dystonia 37, early-onset, with striatal lesions",snv_fora_do_painel,True,NUP54,3,2,0,0,0,,
OMIM:620428,"Neurodevelopmental disorder with motor and language delay, ocular defects, and brain abnormalities",snv_fora_do_painel,True,INTS11,9,6,0,0,0,,
OMIM:620430,"Autoimmune disease, multisystem, infantile-onset, 3",snv_fora_do_painel,True,CBLB,4,3,0,0,0,,
OMIM:620438,"Ciliary dyskinesia, primary, 51",snv_fora_do_painel,True,BRWD1,1,1,0,0,0,,
OMIM:620439,"Intellectual developmental disorder, autosomal dominant 72",snv_fora_do_painel,True,SRRM2,30,15,0,0,0,,
OMIM:620442,"Breast-ovarian cancer, familial, susceptibility to, 5",snv_fora_do_painel,False,PALB2,121,56,0,0,0,,
OMIM:620443,Disabling pansclerotic morphea of childhood,snv_fora_do_painel,True,STAT4,2,2,0,0,0,,
OMIM:620444,Craniofacial microsomia 2,snv_fora_do_painel,True,FOXI3,4,4,0,0,0,,
OMIM:620445,Neurodevelopmental disorder with microcephaly and movement abnormalities,snv_fora_do_painel,True,TTI1,7,6,0,0,0,,
OMIM:620447,Megalencephalic leukoencephalopathy with subcortical cysts 3,sem_snv,True,GPRC5B,2,0,0,0,0,,
OMIM:620448,"Megalencephalic leukoencephalopathy with subcortical cysts 4, remitting",snv_fora_do_painel,True,AQP4,1,1,0,0,0,,
OMIM:620449,Immunodeficiency 112,snv_fora_do_painel,True,MAP3K14,1,1,0,0,0,,
OMIM:620450,"Intellectual developmental disorder, autosomal dominant 73",snv_fora_do_painel,True,TAF4,19,5,0,0,0,,
OMIM:620451,Combined oxidative phosphorylation deficiency 58,sem_variante_patogenica,True,TEFM,0,0,0,0,0,,
OMIM:620452,Amyotrophic lateral sclerosis 28,sem_variante_patogenica,True,LRP12,0,0,0,0,0,,
OMIM:620453,"Dystonia 22, juvenile-onset",sem_snv,True,TSPOAP1,4,0,0,0,0,,
OMIM:620455,"Neurodevelopmental disorder with hypotonia and speech delay, with or without seizures",snv_fora_do_painel,True,EIF4A2,9,6,0,0,0,,
OMIM:620456,"Dystonia 22, adult-onset",snv_fora_do_painel,True,TSPOAP1,2,1,0,0,0,,
OMIM:620457,Auriculocondylar syndrome 4,sem_variante_patogenica,True,HDAC9,0,0,0,0,0,,
OMIM:620458,Auriculocondylar syndrome 2B,snv_fora_do_painel,True,PLCB4,2,1,0,0,0,,
OMIM:620459,Birt-Hogg-Dube syndrome 2,sem_variante_patogenica,True,PRDM10,0,0,0,0,0,,
OMIM:620460,Oculopharyngeal muscular dystrophy 2,sem_snv,True,HNRNPA2B1,3,0,0,0,0,,
OMIM:620461,"Encephalopathy, acute, infection-induced, susceptibility to, 12",sem_variante_patogenica,False,RNH1,0,0,0,0,0,,
OMIM:620462,"Cardiomyopathy, dilated, 2I",snv_fora_do_painel,True,CAP2,4,2,0,0,0,,
OMIM:620465,"Epilepsy, early-onset, 3, with or without developmental delay",snv_fora_do_painel,True,ATP6V0C,6,2,0,0,0,,
OMIM:620469,"Cranial dysinnervation disorder, congenital, with absent corneal reflex and developmental delay",snv_fora_do_painel,True,NEUROG1,4,3,0,0,0,,
OMIM:620470,Congenital smooth muscle hamartoma with or without hemihypertrophy,sem_variante_patogenica,True,ACTB,0,0,0,0,0,,
OMIM:620475,"Thrombocytopenia 8, with dysmorphic features and developmental delay",snv_fora_do_painel,True,ACTB,7,4,0,0,0,,
OMIM:620478,Thrombocytopenia 9,snv_fora_do_painel,True,THPO,3,2,0,0,0,,
OMIM:620481,"Amegakaryocytic thrombocytopenia, congenital, 2",snv_fora_do_painel,True,THPO,5,5,0,0,0,,
OMIM:620482,"Parkinson disease 25, autosomal recessive early-onset, with impaired intellectual development",snv_fora_do_painel,True,PTPA,2,2,0,0,0,,
OMIM:620483,"Variegate porphyria, childhood-onset",snv_fora_do_painel,True,PPOX,10,9,0,0,0,,
OMIM:620484,Thrombocytopenia 10,snv_fora_do_painel,True,PTPRJ,2,1,0,0,0,,
OMIM:620486,"Bleeding disorder, platelet-type, 25",snv_fora_do_painel,True,TPM4,3,3,0,0,0,,
OMIM:620489,Neurodevelopmental disorder with dysmorphic facies and behavioral abnormalities,snv_fora_do_painel,True,SRSF1,8,4,0,0,0,,
OMIM:620490,Spermatogenic failure 85,snv_fora_do_painel,True,SPACA1,1,1,0,0,0,,
OMIM:620494,"Neurodevelopmental disorder with impaired language, behavioral abnormalities, and dysmorphic facies",snv_fora_do_painel,True,UBAP2L,11,7,0,0,0,,
OMIM:620499,Spermatogenic failure 86,snv_fora_do_painel,True,ACTL7A,7,7,0,0,0,,
OMIM:620500,Spermatogenic failure 87,snv_fora_do_painel,True,ACR,1,1,0,0,0,,
OMIM:620501,Ziegler-Huang syndrome,snv_fora_do_painel,True,SLC30A7,3,1,0,0,0,,
OMIM:620502,Neurodevelopmental disorder with language delay and variable cognitive abnormalities,snv_fora_do_painel,True,GABBR1,6,6,0,0,0,,
OMIM:620504,Developmental and epileptic encephalopathy 111,snv_fora_do_painel,True,DEPDC5,2,1,0,0,0,,
OMIM:620507,Ichthyosis with erythrokeratoderma,snv_fora_do_painel,True,KLK11,2,2,0,0,0,,
OMIM:620510,Xerosis and growth failure with immune and pulmonary dysfunction syndrome,sem_variante_patogenica,True,DBR1,0,0,0,0,0,,
OMIM:620511,Fliedner-Zweier syndrome,snv_fora_do_painel,True,SCAF4,24,14,0,0,0,,
OMIM:620512,"Spastic paraplegia 18A, autosomal dominant",snv_fora_do_painel,True,ERLIN2,3,3,0,0,0,,
OMIM:620514,"Immune dysregulation, autoimmunity, and autoinflammation",snv_fora_do_painel,True,PLCG1,1,1,0,0,0,,
OMIM:620515,"Neurodevelopmental disorder with motor regression, progressive spastic paraplegia, and oromotor dysfunction",snv_fora_do_painel,True,SNAPC4,8,8,0,0,0,,
OMIM:620519,Arrhythmogenic cardiomyopathy with variable ectodermal abnormalities,snv_fora_do_painel,True,PPP1R13L,9,2,0,0,0,,
OMIM:620528,"Neuronopathy, distal hereditary motor, autosomal dominant 11",snv_fora_do_painel,True,SPTAN1,11,5,0,0,0,,
OMIM:620532,"Hyper-IgE syndrome 6, autosomal dominant, with recurrent infections",snv_fora_do_painel,True,STAT6,6,6,0,0,0,,
OMIM:620534,"Neutropenia, severe congenital, 10, autosomal recessive",snv_fora_do_painel,True,SRP68,1,1,0,0,0,,
OMIM:620536,"Alport syndrome 3B, autosomal recessive",snv_fora_do_painel,True,COL4A3,237,178,0,0,0,,
OMIM:620537,Developmental and epileptic encephalopathy 112,snv_fora_do_painel,True,KCNH5,7,7,0,0,0,,
OMIM:620538,"Spastic paraplegia 91, autosomal dominant, with or without cerebellar ataxia",snv_fora_do_painel,True,SPTAN1,4,3,0,0,0,,
OMIM:620540,Developmental delay with or without epilepsy,snv_fora_do_painel,True,SPTAN1,7,4,0,0,0,,
OMIM:620542,"Neuronopathy, distal hereditary motor, autosomal recessive 10",snv_fora_do_painel,True,VRK1,18,10,0,0,0,,
OMIM:620545,"Arthrogryposis, distal, type 12",snv_fora_do_painel,True,ADAMTS15,5,5,0,0,0,,
OMIM:620546,"Congenital disorder of glycosylation, type IIbb",sem_variante_patogenica,True,COG3,0,0,0,0,0,,
OMIM:620547,Spermatogenic failure 88,snv_fora_do_painel,True,KASH5,9,5,0,0,0,,
OMIM:620548,Premature ovarian failure 22,snv_fora_do_painel,True,KASH5,4,3,0,0,0,,
OMIM:620550,Optic atrophy 14,snv_fora_do_painel,True,MIEF1,2,2,0,0,0,,
OMIM:620551,"Deafness, autosomal recessive 121",snv_fora_do_painel,True,GPR156,5,2,0,0,0,,
OMIM:620558,Craniometadiaphyseal osteosclerosis with hip dysplasia,snv_fora_do_painel,True,AXIN1,3,2,0,0,0,,
OMIM:620565,Immunodeficiency 133 with autoimmunity and autoinflammation,snv_fora_do_painel,True,ARPC5,2,1,0,0,0,,
OMIM:620568,Cornelia de Lange syndrome 6,snv_fora_do_painel,True,BRD4,15,5,0,0,0,,
OMIM:620569,"Leber-like hereditary optic neuropathy, autosomal recessive 2",snv_fora_do_painel,True,NDUFS2,1,1,0,0,0,,
OMIM:620570,"Ciliary dyskinesia, primary, 52",snv_fora_do_painel,True,DAW1,6,5,0,0,0,,
OMIM:620576,Otosclerosis 11,sem_variante_patogenica,True,FOXL1,0,0,0,0,0,,
OMIM:620583,Optic atrophy 15,snv_fora_do_painel,True,MCAT,2,2,0,0,0,,
OMIM:620601,Garg-Mishra progeroid syndrome,snv_fora_do_painel,True,TOMM7,2,2,0,0,0,,
OMIM:620602,Lymphatic malformation 14,sem_snv,True,ERG,3,0,0,0,0,,
OMIM:620603,"Immunodeficiency 114, folate-responsive",snv_fora_do_painel,True,SLC19A1,1,1,0,0,0,,
OMIM:620606,"Spastic paraplegia 72B, autosomal recessive",snv_fora_do_painel,True,REEP2,2,2,0,0,0,,
OMIM:620607,"Spastic paraplegia 30, autosomal recessive",snv_fora_do_painel,True,KIF1A,5,4,0,0,0,,
OMIM:620609,Long-Olsen-Distelmaier syndrome,snv_fora_do_painel,True,RRAGC,4,4,0,0,0,,
OMIM:620610,Oocyte/zygote/embryo maturation arrest 21,snv_fora_do_painel,True,CHEK1,4,3,0,0,0,,
OMIM:620629,Optic atrophy 16,snv_fora_do_painel,True,MECR,3,2,0,0,0,,
OMIM:620632,Immunodeficiency 115 with autoinflammation,snv_fora_do_painel,True,RNF31,2,2,0,0,0,,
OMIM:620635,"Cardiomyopathy, dilated, 2J",snv_fora_do_painel,True,FLII,5,3,0,0,0,,
OMIM:620636,"Neurodegeneration, childhood-onset, with cerebellar ataxia and cognitive decline",snv_fora_do_painel,True,CAPRIN1,1,1,0,0,0,,
OMIM:620639,"Osteogenesis imperfecta, type XXIII",sem_snv,True,PHLDB1,2,0,0,0,0,,
OMIM:620641,Tan-Almurshedi syndrome,snv_fora_do_painel,True,DRG1,4,3,0,0,0,,
OMIM:620642,"Ciliary dyskinesia, primary, 53",snv_fora_do_painel,True,CLXN,4,2,0,0,0,,
OMIM:620646,Combined oxidative phosphorylation deficiency 59,snv_fora_do_painel,True,MRPL39,3,3,0,0,0,,
OMIM:620647,"Progressive external ophthalmoplegia with mitochondrial DNA deletions, autosomal recessive 6",snv_fora_do_painel,True,RRM1,2,2,0,0,0,,
OMIM:620651,"Diabetes, deafness, developmental delay, and short stature syndrome",snv_fora_do_painel,True,MANF,3,2,0,0,0,,
OMIM:620653,"Intellectual developmental disorder, autosomal recessive 80, with variant lissencephaly",snv_fora_do_painel,True,CASP2,4,3,0,0,0,,
OMIM:620654,Thrombocytopenia 11 with multiple congenital anomalies and dysmorphic facies,snv_fora_do_painel,True,RAP1B,6,6,0,0,0,,
OMIM:620655,Alfadhel syndrome,snv_fora_do_painel,True,RAP1GDS1,2,1,0,0,0,,
OMIM:620657,"Amyloidosis, hereditary systemic 3",snv_fora_do_painel,True,APOA1,8,7,0,0,0,,
OMIM:620658,"Amyloidosis, hereditary systemic 5",snv_fora_do_painel,True,LYZ,2,2,0,0,0,,
OMIM:620659,"Amyloidosis, hereditary systemic 6",snv_fora_do_painel,True,B2M,1,1,0,0,0,,
OMIM:620662,Hoxha-Aliu syndrome,snv_fora_do_painel,True,ERI1,4,4,0,0,0,,
OMIM:620663,"Spondyloepimetaphyseal dysplasia, Guo-Campeau type",snv_fora_do_painel,True,ERI1,8,8,0,0,0,,
OMIM:620666,"Spastic ataxia 10, autosomal recessive",snv_fora_do_painel,True,COQ4,10,7,0,0,0,,
OMIM:620668,"Immunodeficiency 117, mycobacteriosis, autosomal recessive",snv_fora_do_painel,True,IRF1,2,2,0,0,0,,
OMIM:620669,Neurodegeneration with brain iron accumulation 9,sem_snv,True,FTH1,3,0,0,0,0,,
OMIM:620670,"Immunodeficiency, common variable, 15",snv_fora_do_painel,True,SEC61A1,2,2,0,0,0,,
OMIM:620674,"Neutropenia, severe congenital, 11, autosomal dominant",snv_fora_do_painel,True,SEC61A1,1,1,0,0,0,,
OMIM:620675,"Leukodystrophy, hypomyelinating, 27",snv_fora_do_painel,True,POLR1A,3,2,0,0,0,,
OMIM:620679,"Lipodystrophy, familial partial, type 8",snv_fora_do_painel,True,ADRA2A,1,1,0,0,0,,
OMIM:620680,"Lipodystrophy, congenital generalized, type 5",snv_fora_do_painel,True,PCYT1A,4,4,0,0,0,,
OMIM:620681,Myoclonic epilepsy of Lafora 2,snv_fora_do_painel,True,NHLRC1,12,8,0,0,0,,
OMIM:620683,"Lipodystrophy, familial partial, type 9",snv_fora_do_painel,True,PLAAT3,4,2,0,0,0,,
OMIM:620686,Premature ovarian failure 23,snv_fora_do_painel,True,MEIOB,5,3,0,0,0,,
OMIM:620687,Moyamoya disease 7,snv_fora_do_painel,True,ANO1,2,2,0,0,0,,
OMIM:620688,"Intellectual developmental disorder, autosomal dominant 74",sem_snv,True,HNRNPC,2,0,0,0,0,,
OMIM:620690,Developmental dysplasia of the hip 3,snv_fora_do_painel,True,LRP1,4,4,0,0,0,,
OMIM:620698,"Maple syrup urine disease, type Ib",snv_fora_do_painel,True,BCKDHB,106,73,0,0,0,,
OMIM:620699,"Maple syrup urine disease, type II",snv_fora_do_painel,True,DBT,42,33,0,0,0,,
OMIM:620700,"Intellectual developmental disorder, autosomal recessive 81",snv_fora_do_painel,True,ASCC3,12,10,0,0,0,,
OMIM:620703,Yuksel-Vogel-Bauser syndrome,snv_fora_do_painel,True,DLG5,2,1,0,0,0,,
OMIM:620704,"Encephalopathy, porphyria-related",snv_fora_do_painel,True,HMBS,5,5,0,0,0,,
OMIM:620705,Spermatogenic failure 89,snv_fora_do_painel,True,AK9,5,2,0,0,0,,
OMIM:620707,"Epidermolytic hyperkeratosis 2B, autosomal recessive",snv_fora_do_painel,True,KRT10,5,4,0,0,0,,
OMIM:620711,"Leukoencephalopathy, porphyria-related",snv_fora_do_painel,True,HMBS,3,3,0,0,0,,
OMIM:620712,Polydactyly-macrocephaly syndrome,sem_variante_patogenica,True,MAX,0,0,0,0,0,,
OMIM:620714,"Deafness, autosomal recessive 122",snv_fora_do_painel,True,TMTC4,2,2,0,0,0,,
OMIM:620715,"Bleeding disorder, vascular-type",sem_variante_patogenica,True,APOLD1,0,0,0,0,0,,
OMIM:620718,Orofaciodigital syndrome XX,snv_fora_do_painel,True,RAB34,4,4,0,0,0,,
OMIM:620719,"Neurodevelopmental disorder with motor abnormalities, seizures, and facial dysmorphism",snv_fora_do_painel,True,PUM1,9,6,0,0,0,,
OMIM:620722,"Deafness, autosomal dominant 90",snv_fora_do_painel,True,MYO3A,3,3,0,0,0,,
OMIM:620725,Bethlem myopathy 1B,snv_fora_do_painel,True,COL6A2,19,15,0,0,0,,
OMIM:620726,Bethlem myopathy 1C,snv_fora_do_painel,True,COL6A3,12,8,0,0,0,,
OMIM:620727,Ullrich congenital muscular dystrophy 1B,snv_fora_do_painel,True,COL6A2,24,16,0,0,0,,
OMIM:620728,Ullrich congenital muscular dystrophy 1C,snv_fora_do_painel,True,COL6A3,9,8,0,0,0,,
OMIM:620729,Hyperferritinemia,sem_variante_patogenica,True,STAB1,0,0,0,0,0,,
OMIM:620731,Microphthalmia/coloboma 11,snv_fora_do_painel,True,FZD5,7,2,0,0,0,,
OMIM:620732,"Neurodevelopmental disorder with hyperkinetic movements, seizures and structural brain abnormalities",snv_fora_do_painel,True,PI4K2A,3,3,0,0,0,,
OMIM:620734,"Cardiomyopathy, familial hypertrophic, 30, atrial",sem_snv,True,CORIN,1,0,0,0,0,,
OMIM:620744,Spermatogenic failure 90,snv_fora_do_painel,True,ARMC12,3,3,0,0,0,,
OMIM:620745,"Deafness, autosomal recessive 123",snv_fora_do_painel,True,STX4,1,1,0,0,0,,
OMIM:620746,Neurodevelopmental disorder with hypotonia and characteristic brain abnormalities,snv_fora_do_painel,True,SLC4A10,11,9,0,0,0,,
OMIM:620747,Neurodevelopmental disorder with early-onset parkinsonism and behavioral abnormalities,snv_fora_do_painel,True,PTRHD1,4,3,0,0,0,,
OMIM:620748,Megalencephaly-polydactyly syndrome,snv_fora_do_painel,True,MYCN,5,3,0,0,0,,
OMIM:620755,"Generalized epilepsy with febrile seizures plus, type 12",snv_fora_do_painel,True,SLC32A1,2,2,0,0,0,,
OMIM:620757,Thrombocytopenia 12 with or without myopathy,snv_fora_do_painel,True,GNE,33,27,0,0,0,,
OMIM:620762,Macular dystrophy with or without cone dysfunction,snv_fora_do_painel,True,SAMD7,3,3,0,0,0,,
OMIM:620763,Lisch epithelial corneal dystrophy,snv_fora_do_painel,True,MCOLN1,23,17,0,0,0,,
OMIM:620767,Seckel syndrome 11,snv_fora_do_painel,True,CEP295,7,4,0,0,0,,
OMIM:620771,Jeffries-Lakhani neurodevelopmental syndrome,sem_snv,True,CRELD1,1,0,0,0,0,,
OMIM:620772,Developmental and epileptic encephalopathy 113,snv_fora_do_painel,True,SV2A,3,3,0,0,0,,
OMIM:620774,Developmental and epileptic encephalopathy 114,snv_fora_do_painel,True,SLC32A1,2,2,0,0,0,,
OMIM:620775,"Neuromuscular disorder, congenital, with dysmorphic facies",snv_fora_do_painel,True,FILIP1,6,6,0,0,0,,
OMIM:620776,"Thrombocytopenia 13, syndromic",snv_fora_do_painel,True,GALE,21,13,0,0,0,,
OMIM:620777,"Pulmonary hypertension, primary, 6",snv_fora_do_painel,True,CAPNS1,3,3,0,0,0,,
OMIM:620779,"Intellectual developmental disorder, autosomal recessive 82",snv_fora_do_painel,True,NSUN6,3,1,0,0,0,,
OMIM:620780,"Cutis laxa, autosomal recessive, type ID",snv_fora_do_painel,True,EFEMP1,3,2,0,0,0,,
OMIM:620782,"Neurodevelopmental disorder with language impairment, autism, and attention deficit-hyperactivity disorder",snv_fora_do_painel,True,CAPRIN1,13,9,0,0,0,,
OMIM:620783,Developmental and epileptic encephalopathy 115,snv_fora_do_painel,True,SNF8,4,4,0,0,0,,
OMIM:620784,Neurodevelopmental disorder plus optic atrophy,snv_fora_do_painel,True,SNF8,3,2,0,0,0,,
OMIM:620785,Neurodevelopmental disorder with progressive movement abnormalities,snv_fora_do_painel,True,ACBD6,5,1,0,0,0,,
OMIM:620786,"Basal ganglia calcification, idiopathic, 9, autosomal recessive",snv_fora_do_painel,True,NAA60,6,5,0,0,0,,
OMIM:620789,Aplasia cutis-enamel dysplasia syndrome,snv_fora_do_painel,True,FOSL2,5,2,0,0,0,,
OMIM:620790,Neurodevelopmental disorder with hypotonia and seizures,snv_fora_do_painel,True,OTUD7A,2,1,0,0,0,,
OMIM:620792,Otosclerosis 12,sem_snv,True,SMARCA4,2,0,0,0,0,,
OMIM:620793,"Muscular dystrophy, limb-girdle, autosomal recessive 29",snv_fora_do_painel,True,SNUPN,3,1,0,0,0,,
OMIM:620794,"Deafness, autosomal recessive 124",snv_fora_do_painel,True,PKHD1L1,21,13,0,0,0,,
OMIM:620795,Autoinflammation with episodic fever and immune dysregulation,sem_snv,True,SHARPIN,2,0,0,0,0,,
OMIM:620796,Proteasome-associated autoinflammatory syndrome 6,snv_fora_do_painel,True,PSMB9,1,1,0,0,0,,
OMIM:620806,Developmental and epileptic encephalopathy 116,snv_fora_do_painel,True,GLUL,15,11,0,0,0,,
OMIM:620813,MHC class I deficiency 2,snv_fora_do_painel,True,TAP2,4,3,0,0,0,,
OMIM:620814,MHC class I deficiency 3,sem_snv,True,TAPBP,2,0,0,0,0,,
OMIM:620815,MHC class II deficiency 2,snv_fora_do_painel,True,RFXANK,14,8,0,0,0,,
OMIM:620816,MHC class II deficiency 3,snv_fora_do_painel,True,RFX5,11,6,0,0,0,,
OMIM:620817,MHC class II deficiency 4,snv_fora_do_painel,True,RFXAP,13,4,0,0,0,,
OMIM:620818,MHC class II deficiency 5,snv_fora_do_painel,True,RFX5,3,1,0,0,0,,
OMIM:620819,"Rothmund-Thomson syndrome, type 4",snv_fora_do_painel,True,DNA2,6,2,0,0,0,,
OMIM:620820,El Hayek-Chahrour neurodevelopmental syndrome,snv_fora_do_painel,True,KDM5A,7,4,0,0,0,,
OMIM:620825,Immunodeficiency 119,snv_fora_do_painel,True,ICOSLG,1,1,0,0,0,,
OMIM:620830,Auroneurodental syndrome,snv_fora_do_painel,True,NAA80,1,1,0,0,0,,
OMIM:620836,Immunodeficiency 120,sem_variante_patogenica,True,POLD1,0,0,0,0,0,,
OMIM:620838,Spermatogenic failure 91,snv_fora_do_painel,True,CCIN,5,5,0,0,0,,
OMIM:620840,Premature ovarian failure 24,snv_fora_do_painel,True,SYCP2L,4,2,0,0,0,,
OMIM:620848,Spermatogenic failure 92,snv_fora_do_painel,True,LRRC23,2,2,0,0,0,,
OMIM:620849,Spermatogenic failure 93,sem_snv,True,STK33,1,0,0,0,0,,
OMIM:620850,Spermatogenic failure 94,snv_fora_do_painel,True,CCDC146,5,3,0,0,0,,
OMIM:620851,ReNU syndrome,snv_fora_do_painel,True,RNU4-2,27,20,0,0,0,,
OMIM:620852,"Neurodevelopemental disorder with hypotonia, feeding difficulties, facial dysmorphism, and brain abnormalities",sem_snv,True,WBP4,2,0,0,0,0,,
OMIM:620854,"Neuronopathy, distal hereditary motor, autosomal recessive 11, with spasticity",snv_fora_do_painel,True,RTN2,4,1,0,0,0,,
OMIM:620865,"Ehlers-Danlos syndrome, classic-like, 3",snv_fora_do_painel,True,THBS2,1,1,0,0,0,,
OMIM:620869,Immunodeficiency 122,snv_fora_do_painel,True,POLD3,1,1,0,0,0,,
OMIM:620877,"Deafness, autosomal recessive 125",snv_fora_do_painel,True,GAS2,1,1,0,0,0,,
OMIM:620880,Autoinflammation with arthritis and vasculitis,snv_fora_do_painel,True,TBK1,3,3,0,0,0,,
OMIM:620887,Multiple mitochondrial dysfunctions syndrome 9B,snv_fora_do_painel,True,FDXR,7,5,0,0,0,,
OMIM:620888,Neurodevelopmental disorder with characteristic facial and ectodermal features and tetraparesis 1,snv_fora_do_painel,True,GTPBP1,4,3,0,0,0,,
OMIM:620894,"Cardiomyopathy, dilated, 2K",snv_fora_do_painel,True,MYZAP,8,6,0,0,0,,
OMIM:620897,Ovarian dysgenesis 11,snv_fora_do_painel,True,HROB,3,2,0,0,0,,
OMIM:620901,Immunodeficiency 123 with HPV-related verrucosis,sem_variante_patogenica,True,CD28,0,0,0,0,0,,
OMIM:620903,Polycystic kidney disease 8,snv_fora_do_painel,True,NEK8,10,8,0,0,0,,
OMIM:620908,Arterial tortuosity-bone fragility syndrome,snv_fora_do_painel,True,EMILIN1,5,2,0,0,0,,
OMIM:620910,Otofacial neurodevelopmental syndrome,snv_fora_do_painel,True,ZSCAN10,5,2,0,0,0,,
OMIM:620917,Spermatogenic failure 95,snv_fora_do_painel,True,CFAP57,2,2,0,0,0,,
OMIM:620923,"Parkinson disease 26, autosomal dominant, susceptibility to",sem_variante_patogenica,False,RAB32,0,0,0,0,0,,
OMIM:620926,Immunodeficiency 125,sem_snv,True,FLT3LG,1,0,0,0,0,,
OMIM:620931,Immunodeficiency 126,snv_fora_do_painel,True,PTCRA,2,1,0,0,0,,
OMIM:620937,Kariminejad neurodevelopmental syndrome,snv_fora_do_painel,True,RBSN,2,2,0,0,0,,
OMIM:620938,"Spastic paraplegia 93, autosomal recessive",snv_fora_do_painel,True,NFU1,8,8,0,0,0,,
OMIM:620939,"Myelofibrosis, congenital, with anemia, neutropenia, developmental delay, and ocular abnormalities",snv_fora_do_painel,True,RBSN,1,1,0,0,0,,
OMIM:620940,"Methylmalonic aciduria and homocystinuria, cblL type",snv_fora_do_painel,True,THAP11,1,1,0,0,0,,
OMIM:620943,Brain malformation renal syndrome,sem_snv,True,EXOC3L2,1,0,0,0,0,,
OMIM:620947,Spinocerebellar ataxia 51,sem_variante_patogenica,True,THAP11,0,0,0,0,0,,
OMIM:620950,"Encephalopathy, acute transient",snv_fora_do_painel,True,ABCB1,2,2,0,0,0,,
OMIM:620952,"Homocystinuria-megaloblastic anemia, cblD type",snv_fora_do_painel,True,MMADHC,3,3,0,0,0,,
OMIM:620953,"Methylmalonic aciduria, cblD type",snv_fora_do_painel,True,MMADHC,3,1,0,0,0,,
OMIM:620958,Foveal hypoplasia 3,snv_fora_do_painel,True,AHR,3,2,0,0,0,,
OMIM:620962,"Cholestasis, progressive familial intrahepatic, 13",snv_fora_do_painel,True,PSKH1,4,4,0,0,0,,
OMIM:620964,Congenital myopathy 25,snv_fora_do_painel,True,JPH1,4,1,0,0,0,,
OMIM:620968,Microphthalmia/coloboma 13,snv_fora_do_painel,True,NHEJ1,1,1,0,0,0,,
OMIM:620969,"Anemia, congenital dyserythropoietic, type IVb",snv_fora_do_painel,True,KLF1,7,4,0,0,0,,
OMIM:620971,"Myopathy with myalgia, increased serum creatine kinase, and with or without episodic rhabdomyolysis 2",snv_fora_do_painel,True,DTNA,1,1,0,0,0,,
OMIM:620977,Immunodeficiency 127,sem_variante_patogenica,True,TNF,0,0,0,0,0,,
OMIM:620978,"Leukodystrophy, hypomyelinating, 28",sem_variante_patogenica,True,MAL,0,0,0,0,0,,
OMIM:620983,Immunodeficiency 128,sem_variante_patogenica,True,COPG1,0,0,0,0,0,,
OMIM:620984,Bronchiectasis and nasal polyposis,snv_fora_do_painel,True,WFDC2,2,2,0,0,0,,
OMIM:620985,Karayol-Borroto-Haghshenas neurodevelopmental syndrome,snv_fora_do_painel,True,MSL2,6,3,0,0,0,,
OMIM:620987,"Neurodegeneration, infantile-onset, with optic atrophy and brain abnormalities",snv_fora_do_painel,True,BORCS8,4,3,0,0,0,,
OMIM:620988,"Intellectual developmental disorder, autosomal dominant 75",snv_fora_do_painel,True,DHX9,5,4,0,0,0,,
OMIM:620990,ACTH-independent macronodular adrenal hyperplasia 3,snv_fora_do_painel,False,KDM1A,4,3,0,0,0,,
OMIM:620991,Pancreatic agenesis 3,snv_fora_do_painel,True,ZNF808,7,1,0,0,0,,
OMIM:620996,Retinitis pigmentosa 98,snv_fora_do_painel,True,TMEM216,2,2,0,0,0,,
OMIM:620999,"Fibromatosis, gingival 6",snv_fora_do_painel,True,ZNF862,1,1,0,0,0,,
OMIM:621001,Spermatogenic failure 96,snv_fora_do_painel,True,SPATA22,2,2,0,0,0,,
OMIM:621002,Premature ovarian failure 25,snv_fora_do_painel,True,SPATA22,4,4,0,0,0,,
OMIM:621004,Autoimmune disease with susceptibility to mycobacterium tuberculosis,sem_variante_patogenica,True,PDCD1,0,0,0,0,0,,
OMIM:621010,Morimoto-Ryu-Malicdan neuromuscular syndrome,snv_fora_do_painel,True,RFC4,11,3,0,0,0,,
OMIM:621012,"Neurodevelopmental disorder with dysmorphic facies, absent speech and ambulation, and brain abnormalities",sem_variante_patogenica,True,CHASERR,0,0,0,0,0,,
OMIM:621016,Neurodevelopmental disorder with variable familial hypercholanemia,snv_fora_do_painel,True,WDR83OS,3,3,0,0,0,,
OMIM:621018,"Basal ganglia calcification, idiopathic, 10, autosomal recessive",snv_fora_do_painel,True,CMPK2,4,3,0,0,0,,
OMIM:621021,Intellectual developmental disorder with polymicrogyria and seizures,snv_fora_do_painel,True,TCP1,6,1,0,0,0,,
OMIM:621030,"Autoinflammation, panniculitis, and dermatosis syndrome, autosomal dominant",snv_fora_do_painel,True,OTULIN,1,1,0,0,0,,
OMIM:621032,Cerebral cavernous malformations 5,sem_variante_patogenica,True,MAP3K3,0,0,0,0,0,,
OMIM:621034,Neurodevelopmental disorder with speech or visual impairment and brain hypomyelination,sem_snv,True,CCT3,1,0,0,0,0,,
OMIM:621049,Pan-Chung-Bellen syndrome,snv_fora_do_painel,True,FRYL,11,6,0,0,0,,
OMIM:621056,TIMES syndrome,snv_fora_do_painel,True,LRRC8C,2,1,0,0,0,,
OMIM:621057,Spermatogenic failure 97,sem_snv,True,NUP210L,1,0,0,0,0,,
OMIM:621060,"Neurodevelopmental disorder with microcephaly, absent speech, and hypotonia",snv_fora_do_painel,True,FLVCR1,4,3,0,0,0,,
OMIM:621063,Muggenthaler-Chowdhury-Chioza syndrome,snv_fora_do_painel,True,HYAL2,8,7,0,0,0,,
OMIM:621065,Premature ovarian failure 26,snv_fora_do_painel,True,MGA,3,1,0,0,0,,
OMIM:621067,"Neurodevelopmental disorder with poor growth, absent speech, progressive ataxia, and dysmorphic facies",sem_variante_patogenica,True,SEL1L,0,0,0,0,0,,
OMIM:621068,"Neurodevelopmental disorder with hypotonia, poor growth, dysmorphic facies, and agammaglobulinemia",snv_fora_do_painel,True,SEL1L,1,1,0,0,0,,
OMIM:621071,Mitochondrial DNA depletion syndrome 21,snv_fora_do_painel,True,GUK1,4,4,0,0,0,,
OMIM:621078,"Myopathy, myofibrillar, 13, with rimmed vacuoles",sem_snv,True,HSPB8,8,0,0,0,0,,
OMIM:621079,"Heterotaxy, visceral, 13, autosomal",sem_variante_patogenica,True,DAND5,0,0,0,0,0,,
OMIM:621080,"Heterotaxy, visceral, 14",snv_fora_do_painel,True,CIROZ,4,3,0,0,0,,
OMIM:621091,Ocular pterygium-digital keloid dysplasia syndrome,sem_variante_patogenica,True,PDGFRB,0,0,0,0,0,,
OMIM:621093,Oocyte/zygote/embryo maturation arrest 22,snv_fora_do_painel,True,PABPC1L,8,7,0,0,0,,
OMIM:621094,"Neuronopathy, distal hereditary motor, autosomal dominant 15",sem_snv,True,BAG3,1,0,0,0,0,,
OMIM:621095,"Charcot-Marie-Tooth disease, axonal, type 2JJ",sem_variante_patogenica,True,BAG3,0,0,0,0,0,,
OMIM:621096,Immunodeficiency 132B,snv_fora_do_painel,True,TRAF3,2,1,0,0,0,,
OMIM:621097,Immunodeficiency 131,snv_fora_do_painel,True,IRF4,3,3,0,0,0,,
OMIM:621099,"Spondyloepimetaphyseal dysplasia, Li-Shao-Li type",snv_fora_do_painel,True,CCN2,1,1,0,0,0,,
OMIM:621100,"Intellectual developmental disorder, autosomal recessive 83",snv_fora_do_painel,True,KICS2,5,3,0,0,0,,
OMIM:621101,Perrault syndrome 7,snv_fora_do_painel,True,DAP3,2,2,0,0,0,,
OMIM:621102,Neurodevelopmental disorder with progressive spasticity and brain abnormalities,snv_fora_do_painel,True,EEFSEC,4,3,0,0,0,,
OMIM:621106,"Tubulointerstitial kidney disease, autosomal dominant 6",snv_fora_do_painel,True,APOA4,2,2,0,0,0,,
OMIM:621122,Paul-Chao neurodevelopmental syndrome,snv_fora_do_painel,True,PPFIA3,6,5,0,0,0,,
OMIM:621123,Achalasia-progeroid syndrome,snv_fora_do_painel,True,BUD13,1,1,0,0,0,,
OMIM:621124,Spermatogenic failure 98,snv_fora_do_painel,True,CFAP54,7,5,0,0,0,,
OMIM:621125,"Ciliary dyskinesia, primary, 54",snv_fora_do_painel,True,CFAP54,3,1,0,0,0,,
OMIM:621129,"Neurodegeneration, early-childhood-onset, with retinitis pigmentosa, sensorineural hearing loss, and demyelinating peripheral neuropathy",snv_fora_do_painel,True,KLC4,2,1,0,0,0,,
OMIM:621130,Fischer-Zirnsak progeroid syndrome,snv_fora_do_painel,True,SUPT7L,2,1,0,0,0,,
OMIM:621140,Congenital disorder of glycosylation type 1EE with or without immunodeficiency,snv_fora_do_painel,True,MAN2B2,3,3,0,0,0,,
OMIM:621152,Neurodevelopmental disorder with white matter abnormalities and gait disturbance,snv_fora_do_painel,True,FAM177A1,2,1,0,0,0,,
OMIM:621154,"Neurodevelopmental disorder with poor growth, seizures, and brain abnormalities",snv_fora_do_painel,True,SPOUT1,2,2,0,0,0,,
OMIM:621160,"Diarrhea 14, congenital",snv_fora_do_painel,True,GRWD1,2,2,0,0,0,,
OMIM:621164,"Polycystic kidney disease 9, susceptibility to",snv_fora_do_painel,False,IFT140,7,5,0,0,0,,
OMIM:621169,Monilethrix 2,snv_fora_do_painel,True,KRT81,2,2,0,0,0,,
OMIM:621170,Monilethrix 3,snv_fora_do_painel,True,KRT83,2,2,0,0,0,,
OMIM:621179,"Diarrhea 15, congenital",snv_fora_do_painel,True,MYO1A,1,1,0,0,0,,
OMIM:621180,Cranioectodermal dysplasia 5,snv_fora_do_painel,True,IFT140,2,1,0,0,0,,
OMIM:621182,"Neurodevelopmental disorder with poor or absent speech, dysmorphic facies, and behavioral abnormalities",snv_fora_do_painel,True,NAV3,3,2,0,0,0,,
OMIM:621184,Tayoun-Maawali syndrome,sem_snv,True,FBXO22,4,0,0,0,0,,
OMIM:621185,Houge-Janssens syndrome 4,snv_fora_do_painel,True,PPP2R5C,1,1,0,0,0,,
OMIM:621191,Leukodystrophy and cerebellar atrophy,snv_fora_do_painel,True,LSM7,1,1,0,0,0,,
OMIM:621192,Craniofaciocardiohepatic syndrome,snv_fora_do_painel,True,AMOTL1,5,5,0,0,0,,
OMIM:621196,"Maturity-onset diabetes of the young, type 12",snv_fora_do_painel,True,ABCC8,2,2,0,0,0,,
OMIM:621199,Neurodevelopmental disorder with ataxia and brain abnormalities,snv_fora_do_painel,True,PTPMT1,1,1,0,0,0,,
OMIM:621201,"Neurodevelopmental disorder with dysmorphic facies, brain anomalies, and seizures",snv_fora_do_painel,True,GTF3C3,10,10,0,0,0,,
OMIM:621209,Spermatogenic failure 100,snv_fora_do_painel,True,DNAH12,2,2,0,0,0,,
OMIM:621212,Li-Takada-Miyake syndrome,snv_fora_do_painel,True,GON4L,3,1,0,0,0,,
OMIM:621214,"Leukodystrophy, adult-onset, autosomal dominant, without amyloid angiopathy",sem_variante_patogenica,True,CST3,0,0,0,0,0,,
OMIM:621220,Guillouet-Gordon syndrome,snv_fora_do_painel,True,MED16,13,10,0,0,0,,
OMIM:621224,Ectodermal dysplasia 17 with or without limb malformations,sem_snv,True,LEF1,5,0,0,0,0,,
OMIM:621225,Congenital myopathy 26,snv_fora_do_painel,True,TUBA4A,1,1,0,0,0,,
OMIM:621226,"Spastic ataxia 11, autosomal dominant",snv_fora_do_painel,True,TUBA4A,3,3,0,0,0,,
OMIM:621231,Oocyte/zygote/embryo maturation arrest 23,snv_fora_do_painel,True,TUBA4A,5,5,0,0,0,,
OMIM:621232,Oocyte/zygote/embryo maturation arrest 24,sem_variante_patogenica,True,TUBA1C,0,0,0,0,0,,
OMIM:621233,Immunodysregulation with variable immunodeficiency and autoimmunity,sem_variante_patogenica,True,IKZF2,0,0,0,0,0,,
OMIM:621234,"Immunodysregulation, craniofacial anomalies, hearing impairment, athelia, and developmental delay",sem_variante_patogenica,True,IKZF2,0,0,0,0,0,,
OMIM:621235,"Autoimmune disease, multisystem, infantile-onset, 5",sem_variante_patogenica,True,CD274,0,0,0,0,0,,
OMIM:621236,"Rhabdomyolysis, susceptibility to, 2",sem_variante_patogenica,False,ATP2A2,0,0,0,0,0,,
OMIM:621237,"Cardiomyopathy, dilated, 2L",snv_fora_do_painel,True,LDB3,5,2,0,0,0,,
OMIM:621248,"Pulmonary hypertension, primary, 7",snv_fora_do_painel,True,SOX17,2,2,0,0,0,,
OMIM:621250,Developmental and epileptic encephalopathy 118,snv_fora_do_painel,True,TMEM63B,4,4,0,0,0,,
OMIM:621251,"Cardiomyopathy, dilated, 1QQ",snv_fora_do_painel,True,C10orf71,4,1,0,0,0,,
OMIM:621252,CAOP syndrome,sem_variante_patogenica,True,MBTPS1,0,0,0,0,0,,
OMIM:621254,Immunodeficiency 133 with ectodermal dysplasia with or without peripheral neuropathy,snv_fora_do_painel,True,ITPR3,3,3,0,0,0,,
OMIM:621258,"Fanconi anemia, complementation group X",snv_fora_do_painel,True,FAAP100,4,3,0,0,0,,
OMIM:621259,Stargardt disease 5,snv_fora_do_painel,True,RDH8,2,1,0,0,0,,
OMIM:621260,Short-rib thoracic dysplasia 22 without polydactyly,snv_fora_do_painel,True,FGF4,1,1,0,0,0,,
OMIM:621261,"Cardiomyopathy, dilated, 2M, autosomal recessive",snv_fora_do_painel,True,NEXN,3,1,0,0,0,,
OMIM:621262,Diamond-Blackfan anemia 22,sem_variante_patogenica,True,RPL17,0,0,0,0,0,,
OMIM:621263,"Neurodevelopmental disorder with behavioral, ear, and skeletal abnormalities",snv_fora_do_painel,True,FEM1B,1,1,0,0,0,,
OMIM:621265,Nil-Deshwar neurodevelopmental syndrome,snv_fora_do_painel,True,DOT1L,8,8,0,0,0,,
OMIM:621268,Exudative vitreoretinopathy 8,sem_variante_patogenica,True,LRP6,0,0,0,0,0,,
OMIM:621269,Spermatogenic failure 101,snv_fora_do_painel,True,ATG4D,5,4,0,0,0,,
OMIM:621270,"Cardiomyopathy, familial hypertrophic, 31",snv_fora_do_painel,True,TRIM63,2,1,0,0,0,,
OMIM:621277,Oculovertebral syndrome,snv_fora_do_painel,True,NR6A1,6,4,0,0,0,,
OMIM:621280,Retinitis pigmentosa 100,snv_fora_do_painel,True,TBC1D32,4,3,0,0,0,,
OMIM:621285,"Intellectual developmental disorder, autosomal dominant 76",snv_fora_do_painel,True,MARK2,10,6,0,0,0,,
OMIM:621295,"Cerebral arteriopathy, autosomal recessive, with subcortical infarcts and leukoencephalopathy 1",snv_fora_do_painel,True,NOTCH3,5,1,0,0,0,,
OMIM:621302,Neurodevelopmental disorder with seizures and joint laxity,snv_fora_do_painel,True,RNU5B-1,1,1,0,0,0,,
OMIM:621304,Developmental and epileptic encephalopathy 119,snv_fora_do_painel,True,RNU2-2,3,2,0,0,0,,
OMIM:621307,Alsahan-Harris syndrome,snv_fora_do_painel,True,TBC1D32,2,1,0,0,0,,
OMIM:621311,Developmental dysplasia of the hip 4,sem_snv,True,TRIM33,1,0,0,0,0,,
OMIM:621313,Brain small vessel disease 4,sem_snv,True,NIT1,1,0,0,0,0,,
OMIM:621314,"Pompe disease, late-onset",snv_fora_do_painel,True,GAA,12,9,0,0,0,,
OMIM:621325,Ververi-Brady syndrome 2,snv_fora_do_painel,True,SEPHS1,3,3,0,0,0,,
OMIM:621328,"Neurodevelopmental disorder with achalasia, polyneuropathy, and alacrima",snv_fora_do_painel,True,NDC1,1,1,0,0,0,,
OMIM:621331,Brain small vessel disease 5 with osteoporosis,sem_variante_patogenica,True,ARHGEF15,0,0,0,0,0,,
OMIM:621332,Wilms tumor 7,snv_fora_do_painel,True,TRIM28,7,3,0,0,0,,
OMIM:621333,Infection-induced acute-onset axonal neuropathy,snv_fora_do_painel,True,RCC1,2,2,0,0,0,,
OMIM:621336,"Short sleep, familial natural, 3",sem_variante_patogenica,True,NPSR1,0,0,0,0,0,,
OMIM:621337,Cranioectodermal dysplasia 6,sem_snv,True,CILK1,1,0,0,0,0,,
OMIM:621343,Congenital myopathy 27,snv_fora_do_painel,True,PACSIN3,3,1,0,0,0,,
OMIM:621344,Dursun-Ozgul neurodevelopmental syndrome,snv_fora_do_painel,True,ELFN1,5,1,0,0,0,,
OMIM:621345,"Spondylopeiphyseal dysplasia, Holling type",sem_variante_patogenica,True,BNIP1,0,0,0,0,0,,
OMIM:621354,"Neurodevelopmental disorder with growth impairment, quadriparesis, and poor or absent speech",snv_fora_do_painel,True,INPP4A,6,3,0,0,0,,
OMIM:621367,Cardiac conduction disease with or without cardiomyopathy 2,sem_variante_patogenica,True,POPDC2,0,0,0,0,0,,
OMIM:621369,Systemic lupus erythematosus 18,sem_variante_patogenica,True,PLD4,0,0,0,0,0,,
OMIM:621371,Enhanced S-cone syndrome 2,snv_fora_do_painel,True,NRL,3,1,0,0,0,,
OMIM:621372,Neurodevelopmental disorder with speech delay and behavioral abnormalities,snv_fora_do_painel,True,UBR5,6,3,0,0,0,,
OMIM:621373,"Molybdenum cofactor deficiency, type B2",sem_variante_patogenica,True,MOCS3,0,0,0,0,0,,
OMIM:621375,"Immune dysregulation, neurodevelopmental defects, and colitis",snv_fora_do_painel,True,ITGAV,4,3,0,0,0,,
OMIM:621377,Harel-Tora neurodevelopmental syndrome,snv_fora_do_painel,True,ATXN7L3,1,1,0,0,0,,
OMIM:621379,Neurocardiorenal malformation syndrome,snv_fora_do_painel,True,TM2D3,3,2,0,0,0,,
OMIM:621381,"Congenital disorder of glycosylation, type IICC",snv_fora_do_painel,True,UGGT1,9,5,0,0,0,,
OMIM:621382,Neurodevelopmental disorder with behavioral abnormalities and childhood onset spastic paraplegia,sem_variante_patogenica,True,TBCB,0,0,0,0,0,,
OMIM:621384,Developmental delay with variable cardiac and renal congenital anomalies and dysmorphic facies,snv_fora_do_painel,True,PAN2,5,3,0,0,0,,
OMIM:621386,Valence-Farazi cerebellar ataxia syndrome,snv_fora_do_painel,True,SKOR2,1,1,0,0,0,,
OMIM:621387,Spermatogenic failure 102,sem_snv,True,CFAP206,1,0,0,0,0,,
OMIM:621390,"Neurodevelopmental disorder with early-onset seizures, facial dysmorphism, and behavioral abnormalities",snv_fora_do_painel,True,KLHL20,5,5,0,0,0,,
OMIM:621393,Neurodevelopmental disorder with structural brain abnormalities and craniofacial abnormalities,snv_fora_do_painel,True,SNAPIN,5,5,0,0,0,,
OMIM:621394,Brain small vessel disease 6 with leukoencephalopathy,sem_variante_patogenica,True,CTSA,0,0,0,0,0,,
OMIM:621400,"Dyschromatosis, ichthyosis, deafness, and atopic disease",sem_variante_patogenica,True,OSBPL2,0,0,0,0,0,,
OMIM:621402,Developmental delay with sleep apnea,sem_variante_patogenica,True,KCNK3,0,0,0,0,0,,
OMIM:621405,Immunodeficiency 134 (Epstein-Barr virus-specific),sem_variante_patogenica,True,IL27RA,0,0,0,0,0,,
OMIM:621407,"Schizophrenia, susceptibility to, 17",sem_variante_patogenica,False,NRXN1,0,0,0,0,0,,
OMIM:621409,"Autoinflammation and autoimmunity, systemic, with immune dysregulation 2",snv_fora_do_painel,True,OAS2,1,1,0,0,0,,
OMIM:621414,"Brain small vessel disease 2B, autosomal recessive",snv_fora_do_painel,True,COL4A2,2,1,0,0,0,,
OMIM:621415,"Intellectual developmental disorder, autosomal dominant 77",snv_fora_do_painel,True,LRRC7,2,2,0,0,0,,
OMIM:621417,Apolipoprotein A-II deficiency],snv_fora_do_painel,True,APOA2,1,1,0,0,0,,
OMIM:621421,Ramond-Elliott neurodevelopmental syndrome,snv_fora_do_painel,True,TRA2B,5,3,0,0,0,,
OMIM:621424,"Leukoencephalopathy without lacunae, adult-onset",sem_snv,True,LAMB1,3,0,0,0,0,,
OMIM:621428,"Scoliosis, isolated, susceptibility to, 6",sem_variante_patogenica,False,SLC6A9,0,0,0,0,0,,
OMIM:621431,"Mitochondrial complex IV deficiency, nuclear type 24",snv_fora_do_painel,True,FASTKD5,5,3,0,0,0,,
OMIM:621433,Congenital myopathy 28 with rigid spine,snv_fora_do_painel,True,HMGCS1,5,4,0,0,0,,
OMIM:621434,Dental radicular dysplasia,sem_variante_patogenica,True,KCTD1,0,0,0,0,0,,
OMIM:621435,"Xeroderma pigmentosum, complementation group J",sem_variante_patogenica,True,GTF2H4,0,0,0,0,0,,
OMIM:621436,"Microcephaly, progressive, with simplified gyral pattern and cerebellar hypoplasia",snv_fora_do_painel,True,CRNKL1,3,3,0,0,0,,
OMIM:621439,"Neutropenia, severe congenital, 12, autosomal recessive",sem_snv,True,COPZ1,1,0,0,0,0,,
OMIM:621440,"Dentin dysplasia, type IB",sem_variante_patogenica,True,VPS4B,0,0,0,0,0,,
OMIM:621446,Oculopharyngodistal myopathy 5,sem_variante_patogenica,True,ABCD3,0,0,0,0,0,,
OMIM:621449,"Osteopetrosis, autosomal dominant 4",snv_fora_do_painel,True,LRP6,1,1,0,0,0,,
OMIM:621452,"Basal ganglia calcification, idiopathic, 11, autosomal recessive",snv_fora_do_painel,True,RRP12,2,2,0,0,0,,
OMIM:621455,"Neurodevelopmental disorder with hypotonia, epilepsy, and absent speech",snv_fora_do_painel,True,UNC13A,3,2,0,0,0,,
OMIM:621456,"Neurodevelopmental disorder with speech delay, movement abnormalities, and seizures",snv_fora_do_painel,True,UNC13A,3,3,0,0,0,,
OMIM:621457,Intellectual development disorder with seizures and dysmorphic facies,sem_snv,True,UNC13A,1,0,0,0,0,,
OMIM:621460,"Neurodevelopmental disorder with spasticity, thin corpus callosum, and decreased brain white matter",snv_fora_do_painel,True,RPS6KC1,5,2,0,0,0,,
OMIM:621466,"Charcot-Marie-Tooth disease, axonal, type 2KK",snv_fora_do_painel,True,ARHGAP19,4,2,0,0,0,,
OMIM:621468,Developmental and epileptic encephalopathy 120,snv_fora_do_painel,True,BAIAP2,6,6,0,0,0,,
OMIM:621469,Moyamoya disease 8,sem_variante_patogenica,True,NOS3,0,0,0,0,0,,
OMIM:621471,Ooxyte/zygote/embryo maturation arrest 25,snv_fora_do_painel,True,NLRP7,3,3,0,0,0,,
OMIM:621474,Neurodevelopmental disorder with congenital cardiac defects and variable renal and ocular abnormalities,snv_fora_do_painel,True,KDM2B,5,5,0,0,0,,
OMIM:621475,Developmental and epileptic encephalopathy 121,snv_fora_do_painel,True,LGI1,5,5,0,0,0,,
OMIM:621481,Mitochondrial DNA depletion syndrome 14A (encephalomyopathic type),snv_fora_do_painel,True,OPA1,2,2,0,0,0,,
OMIM:621482,"Neurodevelopmental disorder with seizures, hypotonia, and variable spasticity",snv_fora_do_painel,True,PGBD5,4,2,0,0,0,,
OMIM:621485,"Charcot-Marie-Tooth disease, axonal, type 2LL",snv_fora_do_painel,True,DARS2,5,4,0,0,0,,
OMIM:621487,"Mitochondrial complex IV deficiency, nuclear type 25",sem_variante_patogenica,True,COX18,0,0,0,0,0,,
OMIM:621488,"Charcot-Marie-Tooth disease, axonal, type 2MM",snv_fora_do_painel,True,COX18,3,3,0,0,0,,
OMIM:621490,Hypotichosis 16,sem_variante_patogenica,True,ADAM17,0,0,0,0,0,,
OMIM:621495,STAD syndrome,snv_fora_do_painel,True,PTBP1,6,6,0,0,0,,
OMIM:621499,Craniosynostosis-scoliosis syndrome,snv_fora_do_painel,True,DHRS3,1,1,0,0,0,,
OMIM:621500,"Epilepsy, idiopathic generalized 20",snv_fora_do_painel,True,ZFHX3,3,2,0,0,0,,
OMIM:621502,Dystonia 38,sem_variante_patogenica,False,ATP5F1B,0,0,0,0,0,,
OMIM:621506,Neurodevelopmental disorder with parkinsonism or other movement abnormalities,snv_fora_do_painel,True,EPG5,3,3,0,0,0,,
OMIM:621507,"Microcephaly 31, primary, autosomal recessive",sem_snv,True,CDK4,1,0,0,0,0,,
OMIM:621512,Meier-Gorlin syndrome 9,snv_fora_do_painel,True,GINS3,2,2,0,0,0,,
OMIM:621523,"Spondylocostal dysostosis 7, autosomal recessive",sem_snv,True,DMRT2,1,0,0,0,0,,
OMIM:621528,Meier-Gorlin syndrome 10,snv_fora_do_painel,True,DONSON,1,1,0,0,0,,
OMIM:621533,Neurodevelopmental disorder with seizures and impaired intellectual and language development,snv_fora_do_painel,True,JKAMP,2,2,0,0,0,,
OMIM:621535,Spinocerebellar ataxia 52,sem_variante_patogenica,True,RAB3A,0,0,0,0,0,,
OMIM:621539,Ebstein-Bezieau neurodevelopmental syndrome,snv_fora_do_painel,True,PSMC3,7,7,0,0,0,,
OMIM:621548,Retinitis pigmentosa 101,snv_fora_do_painel,True,CLN3,6,5,0,0,0,,
OMIM:621552,Luo-Agrawal neurodevelopmental syndrome,snv_fora_do_painel,True,WSB2,1,1,0,0,0,,
OMIM:621566,Davis-Wells syndrome,snv_fora_do_painel,True,CACHD1,7,5,0,0,0,,
OMIM:621567,"Congenital disorder of glycosylation, type 1bb",snv_fora_do_painel,True,DHDDS,2,2,0,0,0,,
OMIM:621570,Cornelia de Lange syndrome 7,snv_fora_do_painel,True,MAU2,6,3,0,0,0,,
OMIM:621585,Mendez-Johnson immunoneurologic syndrome,sem_variante_patogenica,True,RNU6ATAC,0,0,0,0,0,,
OMIM:621595,"Cardiomopathy, dilated, 2N",snv_fora_do_painel,True,NRAP,4,3,0,0,0,,
OMIM:621600,"Paget disease of bone 7, early-onset",snv_fora_do_painel,True,PFN1,1,1,0,0,0,,
OMIM:621608,Developmental and epileptic encephalopathy 122,snv_fora_do_painel,True,MDGA2,6,3,0,0,0,,
ORPHA:100,Ataxia-telangiectasia,snv_fora_do_painel,False,ATM,2433,987,0,0,0,,
ORPHA:1000,Ocular albinism with late-onset sensorineural deafness,sem_variante_patogenica,False,AP3D1,0,0,0,0,0,,
ORPHA:100006,"ABeta amyloidosis, Dutch type",snv_fora_do_painel,False,APP,7,6,0,0,0,,
ORPHA:100008,ACys amyloidosis,snv_fora_do_painel,False,CST3,1,1,0,0,0,,
ORPHA:100050,Hereditary angioedema type 1,snv_fora_do_painel,False,SERPING1,214,122,0,0,0,,
ORPHA:100057,Renin-angiotensin-aldosterone system-blocker-induced angioedema,sem_variante_patogenica,False,XPNPEP2,0,0,0,0,0,,
ORPHA:100069,Semantic dementia,sem_variante_patogenica,False,CHMP2B;GRN;MAPT;PSEN1;TMEM106B;TREM2,0,0,0,0,0,,
ORPHA:100070,Progressive non-fluent aphasia,snv_fora_do_painel,False,CHMP2B;GRN;MAPT;PSEN1;TMEM106B;TREM2;VCP,96,47,0,0,0,,
ORPHA:100075,Neuroendocrine tumor of stomach,sem_variante_patogenica,False,ATRX,0,0,0,0,0,,
ORPHA:100093,Carcinoid syndrome,sem_variante_patogenica,False,SDHD,0,0,0,0,0,,
ORPHA:1001,2q37 microdeletion syndrome,snv_fora_do_painel,False,HDAC4,2,1,0,0,0,,
ORPHA:100924,Porphyria due to ALA dehydratase deficiency,snv_fora_do_painel,False,ALAD,5,5,0,0,0,,
ORPHA:100973,FRAXE intellectual disability,alelo_patogenico_ensaiado,False,AFF2,8,6,1,1,0,2,17967
ORPHA:100974,FRAXF syndrome,sem_variante_patogenica,False,TMEM185A,0,0,0,0,0,,
ORPHA:100976,Bathing suit ichthyosis,sem_variante_patogenica,False,TGM1,0,0,0,0,0,,
ORPHA:100984,Autosomal dominant spastic paraplegia type 3,snv_fora_do_painel,False,ATL1,66,59,0,0,0,,
ORPHA:100985,Autosomal dominant spastic paraplegia type 4,snv_fora_do_painel,False,SPAST,437,254,0,0,0,,
ORPHA:100986,Autosomal recessive spastic paraplegia type 5A,snv_fora_do_painel,False,CYP7B1,29,23,0,0,0,,
ORPHA:100988,Autosomal dominant spastic paraplegia type 6,snv_fora_do_painel,False,NIPA1,4,4,0,0,0,,
ORPHA:100989,Autosomal dominant spastic paraplegia type 8,snv_fora_do_painel,False,WASHC5,28,19,0,0,0,,
ORPHA:100991,Autosomal dominant spastic paraplegia type 10,snv_fora_do_painel,False,KIF5A,26,25,0,0,0,,
ORPHA:100993,Autosomal dominant spastic paraplegia type 12,snv_fora_do_painel,False,RTN2;UBAP1,5,2,0,0,0,,
ORPHA:100994,Autosomal dominant spastic paraplegia type 13,snv_fora_do_painel,False,HSPD1,2,2,0,0,0,,
ORPHA:100996,Kjellin syndrome,snv_fora_do_painel,False,ZFYVE26,117,71,0,0,0,,
ORPHA:100998,Autosomal dominant spastic paraplegia type 17,snv_fora_do_painel,False,BSCL2,15,9,0,0,0,,
ORPHA:101,Dentatorubral pallidoluysian atrophy,sem_snv,False,ATN1,1,0,0,0,0,,
ORPHA:1010,Autosomal dominant palmoplantar keratoderma and congenital alopecia,snv_fora_do_painel,False,GJA1,1,1,0,0,0,,
ORPHA:101000,Autosomal recessive spastic paraplegia type 20,snv_fora_do_painel,False,SPART,13,6,0,0,0,,
ORPHA:101001,Autosomal recessive spastic paraplegia type 21,snv_fora_do_painel,False,SPG21,11,5,0,0,0,,
ORPHA:101003,Autosomal recessive spastic paraplegia type 23,sem_snv,False,DSTYK,1,0,0,0,0,,
ORPHA:101006,Autosomal recessive spastic paraplegia type 26,snv_fora_do_painel,False,B4GALNT1,13,7,0,0,0,,
ORPHA:101008,Autosomal recessive spastic paraplegia type 28,snv_fora_do_painel,False,DDHD1,25,9,0,0,0,,
ORPHA:101010,Autosomal spastic paraplegia type 30,snv_fora_do_painel,False,KIF1A,115,95,0,0,0,,
ORPHA:101011,Autosomal dominant spastic paraplegia type 31,snv_fora_do_painel,False,REEP1,53,38,0,0,0,,
ORPHA:101016,Romano-Ward syndrome,snv_fora_do_painel,False,AKAP9;ANK2;CACNA1C;CALM1;CALM2;CALM3;CAV3;KCNE1;KCNE2;KCNH2;KCNJ5;KCNQ1;NOS1AP;SCN10A;SCN4B;SCN5A;SNTA1;TBX5;TRDN,621,490,0,0,0,,
ORPHA:101023,Cleft hard palate,sem_variante_patogenica,False,GRHL3;UBB,0,0,0,0,0,,
ORPHA:101028,Transaldolase deficiency,snv_fora_do_painel,False,TALDO1,14,8,0,0,0,,
ORPHA:101041,Familial hypofibrinogenemia,sem_variante_patogenica,False,FGA;FGB;FGG,0,0,0,0,0,,
ORPHA:101046,Epilepsy with auditory features,snv_fora_do_painel,False,LGI1;MICAL1;RELN,124,79,0,0,0,,
ORPHA:101070,Bilateral frontoparietal polymicrogyria,snv_fora_do_painel,False,ADGRG1,73,47,0,0,0,,
ORPHA:101075,X-linked Charcot-Marie-Tooth disease type 1,snv_fora_do_painel,False,GJB1,120,104,0,0,0,,
ORPHA:101078,X-linked Charcot-Marie-Tooth disease type 4,snv_fora_do_painel,False,AIFM1,4,4,0,0,0,,
ORPHA:101081,Charcot-Marie-Tooth disease type 1A,snv_fora_do_painel,False,PMP22,18,13,0,0,0,,
ORPHA:101082,Charcot-Marie-Tooth disease type 1B,snv_fora_do_painel,False,MPZ,50,43,0,0,0,,
ORPHA:101085,Charcot-Marie-Tooth disease type 1F,snv_fora_do_painel,False,NEFL,10,9,0,0,0,,
ORPHA:101097,Autosomal recessive Charcot-Marie-Tooth disease with hoarseness,snv_fora_do_painel,False,GDAP1,42,29,0,0,0,,
ORPHA:101108,Spinocerebellar ataxia type 23,snv_fora_do_painel,False,PDYN,2,2,0,0,0,,
ORPHA:101109,Spinocerebellar ataxia type 28,snv_fora_do_painel,False,AFG3L2,25,22,0,0,0,,
ORPHA:101111,Spinocerebellar ataxia type 25,snv_fora_do_painel,False,PNPT1,9,6,0,0,0,,
ORPHA:101112,Spinocerebellar ataxia type 26,snv_fora_do_painel,False,EEF2,2,2,0,0,0,,
ORPHA:101150,Autosomal recessive dopa-responsive dystonia,snv_fora_do_painel,False,TH;TSPOAP1,141,90,0,0,0,,
ORPHA:1018,X-linked Alport syndrome-diffuse leiomyomatosis,sem_variante_patogenica,False,COL4A5;COL4A6,0,0,0,0,0,,
ORPHA:1020,Early-onset autosomal dominant Alzheimer disease,snv_fora_do_painel,False,APP;PSEN1;PSEN2;SORL1;TOMM40;TREM2,136,129,0,0,0,,
ORPHA:1031,Enamel-renal syndrome,snv_fora_do_painel,False,FAM20A,39,18,0,0,0,,
ORPHA:103909,Trehalase deficiency,sem_variante_patogenica,False,TREH,0,0,0,0,0,,
ORPHA:103918,Tropical pancreatitis,snv_fora_do_painel,False,CTRC;SPINK1,2,2,0,0,0,,
ORPHA:104,Leber hereditary optic neuropathy,snv_fora_do_painel,False,DNAJC30;MT-ATP6;MT-CO1;MT-CO3;MT-CYB;MT-ND1;MT-ND2;MT-ND4;MT-ND4L;MT-ND5;MT-ND6;NDUFS2,30,28,0,0,0,,
ORPHA:1040,Metaphyseal anadysplasia,snv_fora_do_painel,False,MMP13;MMP9,8,7,0,0,0,,
ORPHA:1052,Mosaic variegated aneuploidy syndrome,snv_fora_do_painel,False,BUB1;BUB1B;BUB3;CEP57;TRIP13,94,53,0,0,0,,
ORPHA:1053,Vein of Galen malformation,snv_fora_do_painel,False,EPHB4,1,1,0,0,0,,
ORPHA:1059,Blue rubber bleb nevus,snv_fora_do_painel,False,TEK,3,3,0,0,0,,
ORPHA:1063,Tufted angioma,sem_variante_patogenica,False,GNA14,0,0,0,0,0,,
ORPHA:1065,Aniridia-cerebellar ataxia-intellectual disability syndrome,snv_fora_do_painel,False,ITPR1;PAX6,23,17,0,0,0,,
ORPHA:107,BOR syndrome,snv_fora_do_painel,False,EYA1;SIX1;SIX5,148,88,0,0,0,,
ORPHA:1072,Ankyloblepharon filiforme adnatum-cleft palate syndrome,sem_variante_patogenica,False,TP63,0,0,0,0,0,,
ORPHA:109,Bannayan-Riley-Ruvalcaba syndrome,snv_fora_do_painel,False,PTEN,5,3,0,0,0,,
ORPHA:110,Bardet-Biedl syndrome,snv_fora_do_painel,False,ARL6;BBIP1;BBS1;BBS10;BBS12;BBS2;BBS4;BBS5;BBS7;BBS9;CEP19;CEP290;CFAP418;IFT172;IFT27;IFT74;LZTFL1;MKKS;MKS1;NPHP1;SCAPER;SCLT1;SDCCAG8;TRIM32;TTC8;WDPCP,1917,983,0,0,0,,
ORPHA:1106,Microphthalmia with limb anomalies,snv_fora_do_painel,False,SMOC1,14,13,0,0,0,,
ORPHA:111,Barth syndrome,snv_fora_do_painel,False,TAFAZZIN,81,51,0,0,0,,
ORPHA:1114,Aplasia cutis congenita,snv_fora_do_painel,False,BMS1;DLL4;ITGB4;PLEC;UBA2,1,1,0,0,0,,
ORPHA:1143,Neurogenic arthrogryposis multiplex congenita,snv_fora_do_painel,False,COL25A1;ERGIC1;SCYL2,3,3,0,0,0,,
ORPHA:1145,Infantile-onset X-linked spinal muscular atrophy,sem_variante_patogenica,False,UBA1,0,0,0,0,0,,
ORPHA:1146,Distal arthrogryposis type 1,snv_fora_do_painel,False,MYBPC1;MYH3;NALCN;TNNI2;TNNT3;TPM2,32,25,0,0,0,,
ORPHA:1147,Sheldon-Hall syndrome,snv_fora_do_painel,False,MYH3;NALCN;TNNI2;TNNT3;TPM2,15,12,0,0,0,,
ORPHA:1149,Kuskokwim syndrome,snv_fora_do_painel,False,FKBP10,27,11,0,0,0,,
ORPHA:115,Congenital contractural arachnodactyly,snv_fora_do_painel,False,FBN2,97,91,0,0,0,,
ORPHA:1154,Arthrogryposis-oculomotor limitation-electroretinal anomalies syndrome,snv_fora_do_painel,False,PIEZO2,18,14,0,0,0,,
ORPHA:1159,Progressive pseudorheumatoid dysplasia,snv_fora_do_painel,False,CCN6,36,20,0,0,0,,
ORPHA:1168,Ataxia-oculomotor apraxia type 1,snv_fora_do_painel,False,APTX,24,15,0,0,0,,
ORPHA:117,Behçet disease,snv_fora_do_painel,False,C4A;CCR1;ERAP1;FAS;HLA-B;IFNGR1;IL10;IL12A;IL12A-AS1;IL23R;KLRC4;MEFV;STAT4;TLR4;UBAC2,5,5,0,0,0,,
ORPHA:1170,Autosomal recessive cerebelloparenchymal disorder type 3,snv_fora_do_painel,False,PMPCA,7,7,0,0,0,,
ORPHA:1171,Cerebellar ataxia-areflexia-pes cavus-optic atrophy-sensorineural hearing loss syndrome,snv_fora_do_painel,False,ATP1A3,22,22,0,0,0,,
ORPHA:1173,Cerebellar ataxia-hypogonadism syndrome,snv_fora_do_painel,False,PNPLA6;RNF216,13,11,0,0,0,,
ORPHA:1175,X-linked progressive cerebellar ataxia,snv_fora_do_painel,False,GJB1,4,4,0,0,0,,
ORPHA:118,Beta-mannosidosis,snv_fora_do_painel,False,MANBA,107,66,0,0,0,,
ORPHA:1180,Ataxia-hypogonadism-choroidal dystrophy syndrome,snv_fora_do_painel,False,PNPLA6,16,14,0,0,0,,
ORPHA:1186,Infantile-onset spinocerebellar ataxia,snv_fora_do_painel,False,TWNK,20,16,0,0,0,,
ORPHA:1187,Lethal ataxia with deafness and optic atrophy,snv_fora_do_painel,False,PRPS1,9,9,0,0,0,,
ORPHA:119,Beta-sarcoglycan-related limb-girdle muscular dystrophy R4,snv_fora_do_painel,False,SGCB,114,49,0,0,0,,
ORPHA:1190,Atelosteogenesis type I,snv_fora_do_painel,False,FLNB,8,7,0,0,0,,
ORPHA:1194,TMEM70-related mitochondrial encephalo-cardio-myopathy,snv_fora_do_painel,False,TMEM70,35,12,0,0,0,,
ORPHA:1195,Congenital atransferrinemia,snv_fora_do_painel,False,TF,15,11,0,0,0,,
ORPHA:1200,Burn-McKeown syndrome,snv_fora_do_painel,False,POLR1A;TXNL4A,14,7,0,0,0,,
ORPHA:1215,Autosomal dominant optic atrophy plus syndrome,sem_variante_patogenica,False,OPA1,0,0,0,0,0,,
ORPHA:1216,Autosomal dominant congenital benign spinal muscular atrophy,snv_fora_do_painel,False,TRPV4,7,6,0,0,0,,
ORPHA:122,Birt-Hogg-Dubé syndrome,snv_fora_do_painel,False,FLCN;PRDM10,318,121,0,0,0,,
ORPHA:1225,Baller-Gerold syndrome,snv_fora_do_painel,False,RECQL4,363,168,0,0,0,,
ORPHA:1226,Bamforth-Lazarus syndrome,snv_fora_do_painel,False,FOXE1,4,3,0,0,0,,
ORPHA:1229,Pseudo-TORCH syndrome type 1,snv_fora_do_painel,False,OCLN,15,8,0,0,0,,
ORPHA:123,Björnstad syndrome,snv_fora_do_painel,False,BCS1L,51,39,0,0,0,,
ORPHA:1231,Barber-Say syndrome,snv_fora_do_painel,False,TWIST2,3,2,0,0,0,,
ORPHA:1234,Bartsocas-Papas syndrome,snv_fora_do_painel,False,RIPK4,6,4,0,0,0,,
ORPHA:124,Diamond-Blackfan anemia,snv_fora_do_painel,False,ADA2;GATA1;HEATR3;RPL11;RPL15;RPL18;RPL26;RPL27;RPL31;RPL35;RPL35A;RPL5;RPL8;RPL9;RPS10;RPS15A;RPS17;RPS19;RPS20;RPS24;RPS26;RPS27;RPS28;RPS29;RPS7;TSR2,338,174,0,0,0,,
ORPHA:1243,Best vitelliform macular dystrophy,snv_fora_do_painel,False,BEST1,85,75,0,0,0,,
ORPHA:125,Bloom syndrome,snv_fora_do_painel,False,BLM,480,181,0,0,0,,
ORPHA:1263,Boomerang dysplasia,snv_fora_do_painel,False,FLNB,5,5,0,0,0,,
ORPHA:127,Borjeson-Forssman-Lehmann syndrome,snv_fora_do_painel,False,PHF6,33,27,0,0,0,,
ORPHA:1270,Bowen-Conradi syndrome,snv_fora_do_painel,False,EMG1,1,1,0,0,0,,
ORPHA:1272,Aymé-Gripp syndrome,snv_fora_do_painel,False,MAF,1,1,0,0,0,,
ORPHA:1275,Brachydactyly-elbow wrist dysplasia syndrome,sem_variante_patogenica,False,MACROH2A1;PITX1,0,0,0,0,0,,
ORPHA:1276,Brachydactyly-arterial hypertension syndrome,snv_fora_do_painel,False,PDE3A,9,8,0,0,0,,
ORPHA:1297,Branchio-oculo-facial syndrome,snv_fora_do_painel,False,TFAP2A,39,30,0,0,0,,
ORPHA:1299,Branchioskeletogenital syndrome,snv_fora_do_painel,False,CDH11,6,5,0,0,0,,
ORPHA:13,6-pyruvoyl-tetrahydropterin synthase deficiency,snv_fora_do_painel,False,PTS,100,83,0,0,0,,
ORPHA:130,Brugada syndrome,snv_fora_do_painel,False,ABCC9;AKAP9;CACNA1C;CACNA2D1;CACNB2;GPD1L;HCN4;KCND3;KCNE3;KCNE5;KCNJ8;PKP2;RANGRF;SCN10A;SCN1B;SCN2B;SCN3B;SCN5A;SCNN1A;SEMA3A;SLMAP;TRPM4,194,132,0,0,0,,
ORPHA:1300,Autosomal dominant popliteal pterygium syndrome,snv_fora_do_painel,False,IRF6,7,6,0,0,0,,
ORPHA:1308,C syndrome,snv_fora_do_painel,False,CD96,5,4,0,0,0,,
ORPHA:1309,Medullary sponge kidney,sem_variante_patogenica,False,HNF1B,0,0,0,0,0,,
ORPHA:131,Budd-Chiari syndrome,snv_fora_do_painel,False,CALR;F5;JAK2,11,4,0,0,0,,
ORPHA:1310,Caffey disease,snv_fora_do_painel,False,COL1A1,13,13,0,0,0,,
ORPHA:132,Hereditary butyrylcholinesterase deficiency,snv_fora_do_painel,False,BCHE,29,19,0,0,0,,
ORPHA:1328,Camurati-Engelmann disease,snv_fora_do_painel,False,TGFB1,6,6,0,0,0,,
ORPHA:133,Chronic beryllium disease,sem_variante_patogenica,False,HLA-DPB1,0,0,0,0,0,,
ORPHA:1333,Familial pancreatic carcinoma,snv_fora_do_painel,False,BRCA1;BRCA2;CDKN2A;KRAS;PALB2;PALLD;RABL3;SMAD4;TP53,264,122,0,0,0,,
ORPHA:1334,Chronic mucocutaneous candidiasis,snv_fora_do_painel,False,CLEC7A;IL17F;IL17RA;IL17RC;TRAF3IP2,55,29,0,0,0,,
ORPHA:1338,Heart defect-tongue hamartoma-polysyndactyly syndrome,snv_fora_do_painel,False,WDPCP,16,10,0,0,0,,
ORPHA:134,Beta-ketothiolase deficiency,snv_fora_do_painel,False,ACAT1,194,110,0,0,0,,
ORPHA:1340,Cardiofaciocutaneous syndrome,snv_fora_do_painel,False,BRAF;KRAS;MAP2K1;MAP2K2,129,123,0,0,0,,
ORPHA:1344,Isolated atrial standstill,snv_fora_do_painel,False,NPPA;SCN5A,2,1,0,0,0,,
ORPHA:1349,Mitochondrial DNA-related cardiomyopathy and hearing loss,sem_variante_patogenica,False,MT-TK,0,0,0,0,0,,
ORPHA:1358,Carey-Fineman-Ziter syndrome,snv_fora_do_painel,False,MYMK;MYMX,6,6,0,0,0,,
ORPHA:1359,Carney complex,snv_fora_do_painel,False,PDE11A;PRKAR1A,75,35,0,0,0,,
ORPHA:136,Cerebral autosomal dominant arteriopathy-subcortical infarcts-leukoencephalopathy,snv_fora_do_painel,False,NOTCH3,116,110,0,0,0,,
ORPHA:1366,Autosomal recessive palmoplantar keratoderma and congenital alopecia,sem_variante_patogenica,False,LSS,0,0,0,0,0,,
ORPHA:1369,Congenital cataract-hypertrophic cardiomyopathy-mitochondrial myopathy syndrome,snv_fora_do_painel,False,AGK;SLC25A4;TKFC,54,39,0,0,0,,
ORPHA:137605,Legius syndrome,snv_fora_do_painel,False,SPRED1,140,61,0,0,0,,
ORPHA:137608,Segmental outgrowth-lipomatosis-arteriovenous malformation-epidermal nevus syndrome,snv_fora_do_painel,False,PTEN,1,1,0,0,0,,
ORPHA:137625,Glycogen storage disease due to muscle and heart glycogen synthase deficiency,snv_fora_do_painel,False,GYS1,40,24,0,0,0,,
ORPHA:137634,Overgrowth-macrocephaly-facial dysmorphism syndrome,sem_snv,False,RNF135,1,0,0,0,0,,
ORPHA:137675,Histiocytoid cardiomyopathy,snv_fora_do_painel,False,MT-CYB,3,3,0,0,0,,
ORPHA:137681,Hepatoencephalopathy due to combined oxidative phosphorylation defect type 1,snv_fora_do_painel,False,GFM1,111,57,0,0,0,,
ORPHA:1377,Cataract-microcornea syndrome,snv_fora_do_painel,False,CRYAA;CRYBA4;CRYBB1;CRYBB2;CRYGC;CRYGD;GJA8;MAF,79,74,0,0,0,,
ORPHA:137754,Aminoacylase 1 deficiency,snv_fora_do_painel,False,ACY1,11,6,0,0,0,,
ORPHA:137831,X-linked intellectual disability-cerebellar hypoplasia syndrome,snv_fora_do_painel,False,OPHN1,45,28,0,0,0,,
ORPHA:137834,Frank-Ter Haar syndrome,snv_fora_do_painel,False,SH3PXD2B,7,5,0,0,0,,
ORPHA:137888,Auriculocondylar syndrome,snv_fora_do_painel,False,EDN1;GNAI3;PLCB4,25,23,0,0,0,,
ORPHA:137898,Leukoencephalopathy with brain stem and spinal cord involvement-high lactate syndrome,snv_fora_do_painel,False,DARS2,55,38,0,0,0,,
ORPHA:138,CHARGE syndrome,snv_fora_do_painel,False,CHD7;SEMA3E,542,268,0,0,0,,
ORPHA:1387,Cataract-intellectual disability-hypogonadism syndrome,snv_fora_do_painel,False,RAB3GAP1;RAB3GAP2,21,12,0,0,0,,
ORPHA:1388,Catel-Manzke syndrome,snv_fora_do_painel,False,TGDS,14,12,0,0,0,,
ORPHA:139,CHILD syndrome,snv_fora_do_painel,False,NSDHL,13,10,0,0,0,,
ORPHA:1393,Cerebrocostomandibular syndrome,snv_fora_do_painel,False,SNRPB,7,6,0,0,0,,
ORPHA:139396,X-linked cerebral adrenoleukodystrophy,sem_snv,False,ABCD1,1,0,0,0,0,,
ORPHA:139399,Adrenomyeloneuropathy,sem_variante_patogenica,False,ABCD1,0,0,0,0,0,,
ORPHA:1394,Cerebrofaciothoracic dysplasia,snv_fora_do_painel,False,TMCO1,12,8,0,0,0,,
ORPHA:139406,Encephalopathy due to prosaposin deficiency,snv_fora_do_painel,False,PSAP,19,14,0,0,0,,
ORPHA:139411,Carney triad,snv_fora_do_painel,False,SDHA;SDHB;SDHC,6,5,0,0,0,,
ORPHA:139466,SERKAL syndrome,snv_fora_do_painel,False,WNT4,2,2,0,0,0,,
ORPHA:139471,Microphthalmia with brain and digit anomalies,snv_fora_do_painel,False,BMP4,11,3,0,0,0,,
ORPHA:139474,17q11.2 microduplication syndrome,snv_fora_do_painel,False,NF1,2,1,0,0,0,,
ORPHA:139480,Autosomal recessive spastic paraplegia type 39,snv_fora_do_painel,False,PNPLA6,93,62,0,0,0,,
ORPHA:139485,Autosomal recessive ataxia due to ubiquinone deficiency,snv_fora_do_painel,False,COQ8A,60,37,0,0,0,,
ORPHA:139536,Distal hereditary motor neuropathy type 5,snv_fora_do_painel,False,BSCL2;GARS1;REEP1,16,15,0,0,0,,
ORPHA:139578,Mutilating hereditary sensory neuropathy with spastic paraplegia,snv_fora_do_painel,False,CCT5,1,1,0,0,0,,
ORPHA:14,Abetalipoproteinemia,snv_fora_do_painel,False,MTTP,64,37,0,0,0,,
ORPHA:140,Campomelic dysplasia,snv_fora_do_painel,False,SOX9,75,51,0,0,0,,
ORPHA:1401,CHAND syndrome,snv_fora_do_painel,False,RIPK4,1,1,0,0,0,,
ORPHA:140905,Hyperlipidemia due to hepatic triacylglycerol lipase deficiency,snv_fora_do_painel,False,LIPC,2,1,0,0,0,,
ORPHA:140908,Brachydactyly type B2,snv_fora_do_painel,False,NOG,5,4,0,0,0,,
ORPHA:140927,Self-limited neonatal-infantile epilepsy,snv_fora_do_painel,False,KCNQ2;SCN2A,316,252,0,0,0,,
ORPHA:140941,Short stature due to primary acid-labile subunit deficiency,snv_fora_do_painel,False,IGFALS,6,3,0,0,0,,
ORPHA:140944,CLOVES syndrome,snv_fora_do_painel,False,PIK3CA,16,15,0,0,0,,
ORPHA:140952,Syndactyly-telecanthus-anogenital and renal malformations syndrome,snv_fora_do_painel,False,CCNQ,7,5,0,0,0,,
ORPHA:140957,Autosomal dominant macrothrombocytopenia,snv_fora_do_painel,False,ACTN1;GFI1B;GP1BA;GP1BB;ITGA2B;ITGB3;TPM4;TRPM7;TUBA8;TUBB1,42,36,0,0,0,,
ORPHA:140966,"Palmoplantar keratoderma, Nagashima type",snv_fora_do_painel,False,SERPINB7,7,3,0,0,0,,
ORPHA:140976,RHYNS syndrome,snv_fora_do_painel,False,TMEM67,7,5,0,0,0,,
ORPHA:1410,Uncombable hair syndrome,snv_fora_do_painel,False,PADI3;TGM3,4,4,0,0,0,,
ORPHA:1412,Tarsal-carpal coalition syndrome,snv_fora_do_painel,False,NOG,4,3,0,0,0,,
ORPHA:141291,Cleft lip and alveolus,sem_variante_patogenica,False,IRF6;MSX1;NECTIN1;TP63,0,0,0,0,0,,
ORPHA:1415,Hardikar syndrome,snv_fora_do_painel,False,MED12,17,10,0,0,0,,
ORPHA:1416,Familial calcium pyrophosphate deposition,snv_fora_do_painel,False,ANKH;TNFRSF11B,6,5,0,0,0,,
ORPHA:1422,Chondrodysplasia-difference of sex development syndrome,snv_fora_do_painel,False,HHAT,3,3,0,0,0,,
ORPHA:1425,Desbuquois syndrome,snv_fora_do_painel,False,CANT1;CSGALNACT1;XYLT1,44,26,0,0,0,,
ORPHA:1426,Greenberg dysplasia,snv_fora_do_painel,False,LBR,11,8,0,0,0,,
ORPHA:1427,Autosomal recessive otospondylomegaepiphyseal dysplasia,snv_fora_do_painel,False,COL11A2,25,14,0,0,0,,
ORPHA:1429,Benign hereditary chorea,snv_fora_do_painel,False,ADCY5;NKX2-1,31,17,0,0,0,,
ORPHA:143,Parathyroid carcinoma,snv_fora_do_painel,False,CDC73,106,48,0,0,0,,
ORPHA:1435,Xq21 microdeletion syndrome,sem_variante_patogenica,False,POU3F4,0,0,0,0,0,,
ORPHA:144,Lynch syndrome,snv_fora_do_painel,False,EPCAM;KRAS;MLH1;MSH2;MSH6;PIK3CA;PMS1;PMS2;TGFBR2,3583,1460,0,0,0,,
ORPHA:145,Hereditary breast and/or ovarian cancer syndrome,snv_fora_do_painel,False,ATM;BARD1;BRCA1;BRCA2;BRIP1;CHEK2;MRE11;NBN;PALB2;PTEN;RAD50;RAD51;RAD51C;RAD51D;TP53,8669,2431,0,0,0,,
ORPHA:1451,CINCA syndrome,snv_fora_do_painel,False,NLRP3,12,11,0,0,0,,
ORPHA:1452,Cleidocranial dysplasia,snv_fora_do_painel,False,RUNX2,53,25,0,0,0,,
ORPHA:1454,Joubert syndrome with hepatic defect,snv_fora_do_painel,False,CC2D2A;INPP5E;RPGRIP1L;TMEM67,29,20,0,0,0,,
ORPHA:1458,CODAS syndrome,snv_fora_do_painel,False,LONP1,6,4,0,0,0,,
ORPHA:1465,Coffin-Siris syndrome,snv_fora_do_painel,False,ARID1A;ARID1B;ARID2;DPF2;SMARCA4;SMARCB1;SMARCC2;SMARCD1;SMARCE1;SOX11;SOX4,469,272,0,0,0,,
ORPHA:1466,COFS syndrome,sem_variante_patogenica,False,ERCC1;ERCC2;ERCC5;ERCC6,0,0,0,0,0,,
ORPHA:147,Carbamoyl-phosphate synthetase 1 deficiency,snv_fora_do_painel,False,CPS1,284,189,0,0,0,,
ORPHA:1473,Uveal coloboma-cleft lip and palate-intellectual disability,snv_fora_do_painel,False,YAP1,3,3,0,0,0,,
ORPHA:1475,Renal coloboma syndrome,snv_fora_do_painel,False,PAX2,79,48,0,0,0,,
ORPHA:1479,Atrial septal defect-atrioventricular conduction defects syndrome,snv_fora_do_painel,False,NKX2-5,88,37,0,0,0,,
ORPHA:1486,Lethal congenital contracture syndrome type 1,snv_fora_do_painel,False,GLE1,21,12,0,0,0,,
ORPHA:1490,Corneal dystrophy-perceptive deafness syndrome,snv_fora_do_painel,False,SLC4A11,99,58,0,0,0,,
ORPHA:1493,Vici syndrome,snv_fora_do_painel,False,EPG5,182,103,0,0,0,,
ORPHA:1496,Corpus callosum agenesis-neuronopathy syndrome,alelo_patogenico_ensaiado,False,SLC12A6,76,42,1,1,0,2,5327
ORPHA:1497,X-linked complicated corpus callosum dysgenesis,snv_fora_do_painel,False,L1CAM,16,10,0,0,0,,
ORPHA:15,Achondroplasia,snv_fora_do_painel,False,FGFR3,18,18,0,0,0,,
ORPHA:1501,Adrenocortical carcinoma,snv_fora_do_painel,False,CDKN2A;CTNNB1;PRKAR1A;TERT;TP53;ZNRF3,84,76,0,0,0,,
ORPHA:1507,Autosomal recessive Robinow syndrome,snv_fora_do_painel,False,NXN;ROR2,32,23,0,0,0,,
ORPHA:1509,Coxopodopatellar syndrome,snv_fora_do_painel,False,TBX4,22,15,0,0,0,,
ORPHA:1513,Craniodiaphyseal dysplasia,snv_fora_do_painel,False,SOST;SP7,2,2,0,0,0,,
ORPHA:1515,Cranioectodermal dysplasia,snv_fora_do_painel,False,IFT122;IFT43;IFT52;WDR19;WDR35,212,129,0,0,0,,
ORPHA:1517,Cantú syndrome,snv_fora_do_painel,False,ABCC9;KCNJ8,23,23,0,0,0,,
ORPHA:1519,SPECC1L-related hypertelorism syndrome,snv_fora_do_painel,False,SPECC1L,11,10,0,0,0,,
ORPHA:1520,Craniofrontonasal dysplasia,snv_fora_do_painel,False,EFNB1,38,26,0,0,0,,
ORPHA:1522,Craniometaphyseal dysplasia,snv_fora_do_painel,False,ANKH;GJA1,9,6,0,0,0,,
ORPHA:1525,Cranio-osteoarthropathy,snv_fora_do_painel,False,HPGD,19,13,0,0,0,,
ORPHA:1529,Craniofacial-deafness-hand syndrome,snv_fora_do_painel,False,PAX3,5,5,0,0,0,,
ORPHA:154,Familial isolated dilated cardiomyopathy,snv_fora_do_painel,False,ABCC9;ACTC1;ACTN2;ANKRD1;BAG3;BAG5;CAP2;CRYAB;CSRP3;DES;DMD;DOLK;DSG2;DSP;FHL2;FKTN;GATAD1;GET3;HAND2;JPH2;LAMA4;LDB3;LMNA;LMOD2;MYBPC3;MYH6;MYH7;MYPN;NEXN;PLN;PPCS;PRDM16;PSEN1;PSEN2;RAF1;RBM20;RPL3L;SCN5A;SDHA;SGCD;TAF1A;TAFAZZIN;TCAP;TMPO;TNNC1;TNNI3;TNNT2;TPM1;TTN;TXNRD2;VCL;VEZF1,5312,2404,0,0,0,,
ORPHA:1540,Jackson-Weiss syndrome,snv_fora_do_painel,False,FGFR2,7,7,0,0,0,,
ORPHA:1545,Crisponi syndrome,snv_fora_do_painel,False,CLCF1;CRLF1,27,14,0,0,0,,
ORPHA:1552,Currarino syndrome,snv_fora_do_painel,False,MNX1,19,13,0,0,0,,
ORPHA:1553,Curry-Jones syndrome,sem_variante_patogenica,False,SMO,0,0,0,0,0,,
ORPHA:1555,Cutis gyrata-acanthosis nigricans-craniosynostosis syndrome,snv_fora_do_painel,False,FGFR2,4,3,0,0,0,,
ORPHA:1556,Cutis marmorata telangiectatica congenita,sem_variante_patogenica,False,ARL6IP6;GNA11,0,0,0,0,0,,
ORPHA:155878,Submucosal cleft palate,sem_variante_patogenica,False,GRHL3;UBB,0,0,0,0,0,,
ORPHA:156,Carnitine palmitoyl transferase 1A deficiency,snv_fora_do_painel,False,CPT1A,131,79,0,0,0,,
ORPHA:156728,"Spondyloepimetaphyseal dysplasia, matrilin-3 type",snv_fora_do_painel,False,MATN3,4,4,0,0,0,,
ORPHA:1568,X-linked intellectual disability-Dandy-Walker malformation-basal ganglia disease-seizures syndrome,snv_fora_do_painel,False,AP1S2,17,11,0,0,0,,
ORPHA:1571,Knobloch syndrome,snv_fora_do_painel,False,COL18A1;PAK2,27,8,0,0,0,,
ORPHA:157215,Hereditary hypophosphatemic rickets with hypercalciuria,snv_fora_do_painel,False,SLC34A1;SLC34A3,62,39,0,0,0,,
ORPHA:1573,Hypotrichosis with juvenile macular degeneration,snv_fora_do_painel,False,CDH3,12,10,0,0,0,,
ORPHA:157794,Hereditary mixed polyposis syndrome,snv_fora_do_painel,False,BMPR1A;GREM1,22,8,0,0,0,,
ORPHA:157798,Serrated polyposis syndrome,snv_fora_do_painel,False,RNF43,5,2,0,0,0,,
ORPHA:1578,Pterin-4 alpha-carbinolamine dehydratase deficiency,snv_fora_do_painel,False,PCBD1,16,8,0,0,0,,
ORPHA:157801,Mesoaxial synostotic syndactyly with phalangeal reduction,snv_fora_do_painel,False,BHLHA9,4,4,0,0,0,,
ORPHA:157846,Neuroferritinopathy,snv_fora_do_painel,False,FTL,23,15,0,0,0,,
ORPHA:157941,Huntington disease-like 1,snv_fora_do_painel,False,PRNP,13,11,0,0,0,,
ORPHA:157954,ANE syndrome,snv_fora_do_painel,False,RBM28,2,1,0,0,0,,
ORPHA:157965,SLC39A13-related spondylodysplastic Ehlers-Danlos syndrome,sem_snv,False,SLC39A13,1,0,0,0,0,,
ORPHA:157973,Congenital muscular dystrophy due to LMNA mutation,snv_fora_do_painel,False,LMNA,22,19,0,0,0,,
ORPHA:158,Systemic primary carnitine deficiency,snv_fora_do_painel,False,SLC22A5,239,170,0,0,0,,
ORPHA:158668,Ectodermal dysplasia-skin fragility syndrome,snv_fora_do_painel,False,PKP1,8,6,0,0,0,,
ORPHA:158673,"Localized dystrophic epidermolysis bullosa, acral form",sem_variante_patogenica,False,COL7A1,0,0,0,0,0,,
ORPHA:158676,"Localized dystrophic epidermolysis bullosa, nails only",sem_variante_patogenica,False,COL7A1,0,0,0,0,0,,
ORPHA:158681,Epidermolysis bullosa simplex with circinate migratory erythema,sem_snv,False,KRT5,4,0,0,0,0,,
ORPHA:158684,Epidermolysis bullosa simplex with pyloric atresia,snv_fora_do_painel,False,ITGB4;PLEC,94,65,0,0,0,,
ORPHA:158687,Lethal acantholytic erosive disorder,snv_fora_do_painel,False,DSP;JUP,15,7,0,0,0,,
ORPHA:1587,Monosomy 13q14 syndrome,sem_variante_patogenica,False,RB1,0,0,0,0,0,,
ORPHA:159,Carnitine-acylcarnitine translocase deficiency,snv_fora_do_painel,False,SLC25A20,64,36,0,0,0,,
ORPHA:1596,Distal deletion 15q syndrome,sem_variante_patogenica,False,MCTP2,0,0,0,0,0,,
ORPHA:16,Blue cone monochromatism,snv_fora_do_painel,False,OPN1LW;OPN1MW,3,3,0,0,0,,
ORPHA:1606,1p36 deletion syndrome,sem_variante_patogenica,False,CASZ1;GABRD;HSPG2;KCNAB2;LUZP1;MMP23B;PDPN;PRDM16;PRKCZ;RERE;SKI;SPEN;UBE4B,0,0,0,0,0,,
ORPHA:1617,Developmental delay-language impairment-dopa responsive dystonia-parkinsonism syndrome due to 2q24 microdeletion,sem_variante_patogenica,False,NR4A2;TBR1,0,0,0,0,0,,
ORPHA:1627,Deletion 5q35 syndrome,sem_variante_patogenica,False,NKX2-5;NSD1,0,0,0,0,0,,
ORPHA:163,Hereditary hyperferritinemia-cataract syndrome,snv_fora_do_painel,False,FTL,23,18,0,0,0,,
ORPHA:163596,Hemoglobin Bart's fetalis syndrome,sem_variante_patogenica,False,HBA1;HBA2,0,0,0,0,0,,
ORPHA:163634,Maffucci syndrome,snv_fora_do_painel,False,IDH1;IDH2,3,3,0,0,0,,
ORPHA:163681,CNTNAP2-related developmental and epileptic encephalopathy,snv_fora_do_painel,False,CNTNAP2,76,43,0,0,0,,
ORPHA:163690,Hypotonia-cystinuria syndrome,sem_variante_patogenica,False,PREPL;SLC3A1,0,0,0,0,0,,
ORPHA:163693,2p21 microdeletion syndrome,sem_variante_patogenica,False,CAMKMT;PPM1B;PREPL;SLC3A1,0,0,0,0,0,,
ORPHA:163721,Rolandic epilepsy-speech dyspraxia syndrome,sem_variante_patogenica,False,GRIN2A;SRPX2,0,0,0,0,0,,
ORPHA:163727,Rolandic epilepsy-paroxysmal exercise-induced dystonia-writer's cramp syndrome,snv_fora_do_painel,False,TBC1D24,6,5,0,0,0,,
ORPHA:163746,Peripheral demyelinating neuropathy-central dysmyelinating leukodystrophy-Waardenburg syndrome-Hirschsprung disease,snv_fora_do_painel,False,SOX10,23,13,0,0,0,,
ORPHA:163937,"X-linked intellectual disability, Najm type",snv_fora_do_painel,False,CASK,95,62,0,0,0,,
ORPHA:163956,"X-linked intellectual disability, Nascimento type",snv_fora_do_painel,False,UBE2A,14,8,0,0,0,,
ORPHA:163966,"X-linked dominant chondrodysplasia, Chassaing-Lacombe type",snv_fora_do_painel,False,HDAC6,3,2,0,0,0,,
ORPHA:163976,"X-linked intellectual disability, Van Esch type",snv_fora_do_painel,False,POLA1,7,6,0,0,0,,
ORPHA:163985,Hyperekplexia-epilepsy syndrome,snv_fora_do_painel,False,ARHGEF9,35,27,0,0,0,,
ORPHA:1646,Chromosome Y microdeletion syndrome,snv_fora_do_painel,False,DAZ1;DAZ2;DAZ3;DAZ4;DDX3Y;RBMY1A1;TSPY1;USP9Y,3,1,0,0,0,,
ORPHA:1658,Absence of fingerprints-congenital milia syndrome,snv_fora_do_painel,False,SMARCAD1,2,2,0,0,0,,
ORPHA:166002,Multiple epiphyseal dysplasia due to collagen 9 anomaly,sem_variante_patogenica,False,COL9A1;COL9A2;COL9A3,0,0,0,0,0,,
ORPHA:166024,Multiple epiphyseal dysplasia-macrocephaly-facial dysmorphism syndrome,snv_fora_do_painel,False,KIF7,28,15,0,0,0,,
ORPHA:166035,Brachydactyly-short stature-retinitis pigmentosa syndrome,snv_fora_do_painel,False,CWC27,17,9,0,0,0,,
ORPHA:166063,Pontocerebellar hypoplasia type 4,snv_fora_do_painel,False,TSEN54,19,9,0,0,0,,
ORPHA:166100,Autosomal dominant otospondylomegaepiphyseal dysplasia,snv_fora_do_painel,False,COL11A2;COL2A1,22,14,0,0,0,,
ORPHA:166108,Birk-Barel syndrome,snv_fora_do_painel,False,KCNK9,8,8,0,0,0,,
ORPHA:166119,Isolated osteopoikilosis,sem_variante_patogenica,False,LEMD3,0,0,0,0,0,,
ORPHA:1662,Restrictive dermopathy,snv_fora_do_painel,False,LMNA;ZMPSTE24,9,4,0,0,0,,
ORPHA:166272,Odontochondrodysplasia,snv_fora_do_painel,False,TRIP11,16,10,0,0,0,,
ORPHA:1667,Wolcott-Rallison syndrome,snv_fora_do_painel,False,EIF2AK3,40,22,0,0,0,,
ORPHA:167,Chédiak-Higashi syndrome,snv_fora_do_painel,False,LYST,224,124,0,0,0,,
ORPHA:1675,Dihydropyrimidine dehydrogenase deficiency,snv_fora_do_painel,False,DPYD,43,30,0,0,0,,
ORPHA:168558,"46,XY difference of sex development-adrenal insufficiency due to CYP11A1 deficiency",snv_fora_do_painel,False,CYP11A1,31,18,0,0,0,,
ORPHA:168563,"46,XY gonadal dysgenesis-motor and sensory neuropathy syndrome",snv_fora_do_painel,False,DHH,5,4,0,0,0,,
ORPHA:168569,H syndrome,snv_fora_do_painel,False,SLC29A3,45,24,0,0,0,,
ORPHA:168572,Native American myopathy,snv_fora_do_painel,False,STAC3,14,7,0,0,0,,
ORPHA:168577,Hereditary cryohydrocytosis with reduced stomatin,snv_fora_do_painel,False,SLC2A1,14,11,0,0,0,,
ORPHA:168588,Hyperandrogenism due to cortisone reductase deficiency,snv_fora_do_painel,False,H6PD;HSD11B1,9,6,0,0,0,,
ORPHA:168593,Sudden infant death-dysgenesis of the testes syndrome,snv_fora_do_painel,False,TSPYL1,4,2,0,0,0,,
ORPHA:168624,"Familial scaphocephaly syndrome, McGillivray type",snv_fora_do_painel,False,FGFR2,2,2,0,0,0,,
ORPHA:168796,"Heart-hand syndrome, Slovenian type",snv_fora_do_painel,False,LMNA,3,3,0,0,0,,
ORPHA:168829,Primary peritoneal carcinoma,sem_variante_patogenica,False,BRCA1,0,0,0,0,0,,
ORPHA:168984,CLAPO syndrome,snv_fora_do_painel,False,PIK3CA,5,5,0,0,0,,
ORPHA:169079,Cernunnos-XLF deficiency,snv_fora_do_painel,False,NHEJ1,31,21,0,0,0,,
ORPHA:169095,Severe combined immunodeficiency due to FOXN1 deficiency,snv_fora_do_painel,False,FOXN1,69,19,0,0,0,,
ORPHA:169154,T-B+ severe combined immunodeficiency due to IL-7Ralpha deficiency,snv_fora_do_painel,False,IL7R,1,1,0,0,0,,
ORPHA:169160,T-B+ severe combined immunodeficiency due to CD3delta/CD3epsilon/CD3zeta,sem_variante_patogenica,False,CD247;CD3D;CD3E,0,0,0,0,0,,
ORPHA:169186,Autosomal recessive centronuclear myopathy,snv_fora_do_painel,False,BIN1;RYR1;SPEG;TTN,21,12,0,0,0,,
ORPHA:169189,Autosomal dominant centronuclear myopathy,snv_fora_do_painel,False,BIN1;DNM2;MTMR14;MYF6;RYR1,14,13,0,0,0,,
ORPHA:169802,Severe hemophilia A,snv_fora_do_painel,False,F8,3,2,0,0,0,,
ORPHA:169805,Moderate hemophilia A,sem_variante_patogenica,False,F8,0,0,0,0,0,,
ORPHA:17,Fatal infantile lactic acidosis with methylmalonic aciduria,snv_fora_do_painel,False,SUCLG1,27,20,0,0,0,,
ORPHA:170,Woolly hair,snv_fora_do_painel,False,KRT25;KRT71;KRT74;LIPH;LPAR6,6,5,0,0,0,,
ORPHA:171,Primary sclerosing cholangitis,sem_variante_patogenica,False,GPR35;MST1;SEMA4D;TCF4,0,0,0,0,0,,
ORPHA:1713,17p11.2 microduplication syndrome,snv_fora_do_painel,False,RAI1,10,6,0,0,0,,
ORPHA:171430,Severe congenital nemaline myopathy,snv_fora_do_painel,False,ACTA1;KLHL40;KLHL41;LMOD3;NEB,45,33,0,0,0,,
ORPHA:171433,Intermediate nemaline myopathy,snv_fora_do_painel,False,ACTA1;KLHL41;NEB;TPM3,23,19,0,0,0,,
ORPHA:171436,Typical nemaline myopathy,snv_fora_do_painel,False,ACTA1;CFL2;KLHL41;LMOD3;NEB;TPM2,6,3,0,0,0,,
ORPHA:171439,Childhood-onset nemaline myopathy,snv_fora_do_painel,False,ACTA1;KBTBD13;KLHL41;MYPN;NEB;TPM2;TPM3,27,22,0,0,0,,
ORPHA:171445,Muscle filaminopathy,snv_fora_do_painel,False,FLNC,453,191,0,0,0,,
ORPHA:171612,Autosomal dominant spastic paraplegia type 37,sem_variante_patogenica,False,KPNA3,0,0,0,0,0,,
ORPHA:171629,Autosomal recessive spastic paraplegia type 35,snv_fora_do_painel,False,FA2H,42,27,0,0,0,,
ORPHA:171680,Lissencephaly due to TUBA1A mutation,snv_fora_do_painel,False,TUBA1A,87,83,0,0,0,,
ORPHA:171695,Parkinsonian-pyramidal syndrome,snv_fora_do_painel,False,FBXO7;SNCA,46,25,0,0,0,,
ORPHA:171703,Microcephaly-polymicrogyria-corpus callosum agenesis syndrome,sem_variante_patogenica,False,EOMES,0,0,0,0,0,,
ORPHA:171706,Short stature-delayed bone age due to thyroid hormone metabolism deficiency,snv_fora_do_painel,False,SECISBP2,10,7,0,0,0,,
ORPHA:171829,6q16 microdeletion syndrome,sem_variante_patogenica,False,SIM1,0,0,0,0,0,,
ORPHA:171851,MEDNIK syndrome,snv_fora_do_painel,False,AP1B1;AP1S1,7,5,0,0,0,,
ORPHA:171863,Autosomal dominant spastic paraplegia type 42,snv_fora_do_painel,False,SLC33A1,1,1,0,0,0,,
ORPHA:171866,"Spondyloepimetaphyseal dysplasia, aggrecan type",snv_fora_do_painel,False,ACAN,11,8,0,0,0,,
ORPHA:171876,Generalized pseudohypoaldosteronism type 1,snv_fora_do_painel,False,SCNN1A;SCNN1B;SCNN1G,29,16,0,0,0,,
ORPHA:171881,Cap myopathy,snv_fora_do_painel,False,MYPN;TPM2;TPM3,23,19,0,0,0,,
ORPHA:1727,22q11.2 duplication syndrome,sem_variante_patogenica,False,TBX1,0,0,0,0,0,,
ORPHA:174,"Metaphyseal chondrodysplasia, Schmid type",snv_fora_do_painel,False,COL10A1,44,27,0,0,0,,
ORPHA:175,Cartilage-hair hypoplasia,snv_fora_do_painel,False,RMRP,183,25,0,0,0,,
ORPHA:1762,Proximal Xq28 duplication syndrome,snv_fora_do_painel,False,MECP2,29,19,0,0,0,,
ORPHA:1764,Familial dysautonomia,alelo_patogenico_ensaiado,False,ELP1,269,151,2,2,0,2,6085;6086
ORPHA:1766,Dysequilibrium syndrome,snv_fora_do_painel,False,ATP8A2;CA8;TUBB2B;VLDLR;WDR81,89,71,0,0,0,,
ORPHA:1770,XY type gonadal dysgenesis-associated anomalies syndrome,sem_variante_patogenica,False,PPP2R3C,0,0,0,0,0,,
ORPHA:1772,"45,X/46,XY mixed gonadal dysgenesis",sem_variante_patogenica,False,SRY,0,0,0,0,0,,
ORPHA:1775,Dyskeratosis congenita,snv_fora_do_painel,False,CTC1;DKC1;NHP2;NOP10;NPM1;PARN;RTEL1;TERC;TERT;TINF2;TYMS;USB1;WRAP53,248,148,0,0,0,,
ORPHA:177901,Prader-Willi syndrome due to paternal deletion of 15q11q13 type 1,sem_variante_patogenica,False,MAGEL2;NDN;OCA2;SNRPN,0,0,0,0,0,,
ORPHA:177904,Prader-Willi syndrome due to paternal deletion of 15q11q13 type 2,sem_variante_patogenica,False,MAGEL2;NDN;OCA2;SNRPN,0,0,0,0,0,,
ORPHA:177907,Prader-Willi syndrome due to translocation,sem_variante_patogenica,False,SNRPN,0,0,0,0,0,,
ORPHA:177910,Prader-Willi syndrome due to imprinting mutation,sem_variante_patogenica,False,MAGEL2;NDN;SNRPN,0,0,0,0,0,,
ORPHA:177926,Bleeding disorder in hemophilia A carriers,sem_variante_patogenica,False,F8,0,0,0,0,0,,
ORPHA:178145,Moderate multiminicore disease with hand involvement,sem_variante_patogenica,False,RYR1,0,0,0,0,0,,
ORPHA:1782,Dysosteosclerosis,snv_fora_do_painel,False,SLC29A3;TCIRG1;TNFRSF11A,1,1,0,0,0,,
ORPHA:178333,Åland Islands eye disease,snv_fora_do_painel,False,CACNA1F,14,6,0,0,0,,
ORPHA:178345,Aromatase excess syndrome,snv_fora_do_painel,False,CYP19A1,12,9,0,0,0,,
ORPHA:178377,Osteosclerosis-developmental delay-craniosynostosis syndrome,sem_variante_patogenica,False,LRP5,0,0,0,0,0,,
ORPHA:178400,Distal myopathy with anterior tibial onset,snv_fora_do_painel,False,DYSF,125,81,0,0,0,,
ORPHA:178464,Hereditary myopathy with early respiratory failure,snv_fora_do_painel,False,TTN,30,17,0,0,0,,
ORPHA:178509,Perry syndrome,snv_fora_do_painel,False,DCTN1,12,11,0,0,0,,
ORPHA:1788,"Acrofacial dysostosis, Rodríguez type",sem_variante_patogenica,False,SF3B4,0,0,0,0,0,,
ORPHA:179,Birdshot chorioretinopathy,sem_variante_patogenica,False,HLA-A,0,0,0,0,0,,
ORPHA:179494,Obesity due to leptin receptor gene deficiency,snv_fora_do_painel,False,LEPR,6,3,0,0,0,,
ORPHA:1797,Autosomal dominant spondylocostal dysostosis,sem_variante_patogenica,False,TBX6,0,0,0,0,0,,
ORPHA:180,Choroideremia,snv_fora_do_painel,False,CHM,86,51,0,0,0,,
ORPHA:1802,Ghosal hematodiaphyseal dysplasia,snv_fora_do_painel,False,TBXAS1,9,5,0,0,0,,
ORPHA:1807,Focal facial dermal dysplasia type III,snv_fora_do_painel,False,TWIST2,3,2,0,0,0,,
ORPHA:181,X-linked hypohidrotic ectodermal dysplasia,alelo_patogenico_ensaiado,False,EDA;EDA2R,245,165,2,1,0,2,11031
ORPHA:1810,Autosomal dominant hypohidrotic ectodermal dysplasia,alelo_patogenico_ensaiado,False,EDAR;EDARADD;KDF1;LRP6;TRAF6,66,47,5,5,0,2,4188;4189;5849;5852;5853
ORPHA:182050,MYH9-related syndromic thrombocytopenia,snv_fora_do_painel,False,MYH9,42,33,0,0,0,,
ORPHA:1824,Lowry-Wood syndrome,snv_fora_do_painel,False,RNU4ATAC,12,12,0,0,0,,
ORPHA:1826,Frontometaphyseal dysplasia,snv_fora_do_painel,False,FLNA;MAP3K7,147,76,0,0,0,,
ORPHA:1827,Acromelic frontonasal dysplasia,snv_fora_do_painel,False,ZSWIM6,1,1,0,0,0,,
ORPHA:1830,Schimke immuno-osseous dysplasia,snv_fora_do_painel,False,SMARCAL1,155,74,0,0,0,,
ORPHA:1832,Osteosclerotic bone dysplasia,snv_fora_do_painel,False,FAM20C,16,14,0,0,0,,
ORPHA:183675,Recurrent infections associated with rare immunoglobulin isotypes deficiency,snv_fora_do_painel,False,IGHG2;IGKC,2,2,0,0,0,,
ORPHA:183707,Infantile LAD-like disease due to RAC2 deficiency,snv_fora_do_painel,False,RAC2,4,4,0,0,0,,
ORPHA:184,Cherubism,snv_fora_do_painel,False,SH3BP2,9,9,0,0,0,,
ORPHA:1848,"Renal agenesis, bilateral",snv_fora_do_painel,False,FGF20;GFRA1;GREB1L;ITGA8;RET;WNT9B,4,3,0,0,0,,
ORPHA:1855,Spondyloenchondrodysplasia,snv_fora_do_painel,False,ACP5,36,16,0,0,0,,
ORPHA:1856,Spondyloperipheral dysplasia-short ulna syndrome,snv_fora_do_painel,False,COL2A1,20,18,0,0,0,,
ORPHA:186,Primary biliary cholangitis,sem_variante_patogenica,False,IL12A;IL12RB1;IRF5;MMEL1;POU2AF1;SPIB;TNFSF15;TNPO3,0,0,0,0,0,,
ORPHA:1860,Thanatophoric dysplasia type 1,snv_fora_do_painel,False,FGFR3,19,19,0,0,0,,
ORPHA:1865,"Dyssegmental dysplasia, Silverman-Handmaker type",snv_fora_do_painel,False,HSPG2,19,15,0,0,0,,
ORPHA:1871,Progressive cone dystrophy,snv_fora_do_painel,False,CNGB3;GNAT2;GUCA1A;PDE6C,36,27,0,0,0,,
ORPHA:1872,Cone rod dystrophy,snv_fora_do_painel,False,ABCA4;ADAM9;AIPL1;ATF6;CACNA1F;CACNA2D4;CDHR1;CFAP410;CFAP418;CNGA3;CRX;DRAM2;GUCA1A;GUCY2D;MFSD8;NMNAT1;OPN1LW;OPN1MW;PITPNM3;POC1B;PROM1;PRPH2;RAB28;RAX2;RIMS1;RPGR;RPGRIP1;SEMA4A;TLCD3B;TTLL5;UBAP1L;UNC119,784,498,0,0,0,,
ORPHA:1873,Jalili syndrome,snv_fora_do_painel,False,CNNM4,18,14,0,0,0,,
ORPHA:1878,TRIM32-related limb-girdle muscular dystrophy R8,snv_fora_do_painel,False,TRIM32,24,5,0,0,0,,
ORPHA:1879,Melorheostosis with osteopoikilosis,snv_fora_do_painel,False,LEMD3,2,2,0,0,0,,
ORPHA:1880,Ebstein malformation of the tricuspid valve,sem_variante_patogenica,False,MYH7,0,0,0,0,0,,
ORPHA:1885,Isolated ectopia lentis,snv_fora_do_painel,False,ADAMTSL4;FBN1,45,26,0,0,0,,
ORPHA:189,Hidrotic ectodermal dysplasia,snv_fora_do_painel,False,GJB6,5,5,0,0,0,,
ORPHA:189427,Cushing syndrome due to bilateral macronodular adrenocortical disease,snv_fora_do_painel,False,ARMC5;GNAS;KDM1A,18,11,0,0,0,,
ORPHA:1896,EEC syndrome,snv_fora_do_painel,False,TP63,21,18,0,0,0,,
ORPHA:1897,EEM syndrome,snv_fora_do_painel,False,CDH3,5,4,0,0,0,,
ORPHA:1899,Arthrochalasia Ehlers-Danlos syndrome,snv_fora_do_painel,False,COL1A1;COL1A2,11,11,0,0,0,,
ORPHA:190,Coats disease,snv_fora_do_painel,False,NDP,5,3,0,0,0,,
ORPHA:1900,Kyphoscoliotic Ehlers-Danlos syndrome due to lysyl hydroxylase 1 deficiency,snv_fora_do_painel,False,PLOD1,101,60,0,0,0,,
ORPHA:1901,Dermatosparaxis Ehlers-Danlos syndrome,snv_fora_do_painel,False,ADAMTS2;ADAMTSL2,100,43,0,0,0,,
ORPHA:192,Coffin-Lowry syndrome,snv_fora_do_painel,False,RPS6KA3,87,53,0,0,0,,
ORPHA:193,Cohen syndrome,snv_fora_do_painel,False,VPS13B,793,377,0,0,0,,
ORPHA:1930,Herpes simplex virus encephalitis,snv_fora_do_painel,False,TBK1;TICAM1;TLR3;TRAF3;UNC93B1,13,6,0,0,0,,
ORPHA:1933,"Mitochondrial DNA depletion syndrome, encephalomyopathic form with methylmalonic aciduria",snv_fora_do_painel,False,SUCLA2,26,17,0,0,0,,
ORPHA:1934,Early infantile developmental and epileptic encephalopathy,snv_fora_do_painel,False,ARX;CACNA1E;CASK;CDKL5;DMXL2;GNAO1;GRIN1;GRM7;KCNA1;NEUROD2;PIGP;PIGQ;PNKP;RHOBTB2;SCN1B;SCN2A;SIK1;SLC25A22;SLC32A1;TRIM8,2953,2119,0,0,0,,
ORPHA:1941,Juvenile absence epilepsy,sem_variante_patogenica,False,EFHC1,0,0,0,0,0,,
ORPHA:1942,Epilepsy with myoclonic-atonic seizures,snv_fora_do_painel,False,AP2M1;CHD2;NEXMIF;SCN1A;SLC2A1;SLC6A1;SYNGAP1,407,249,0,0,0,,
ORPHA:1945,Self-limited epilepsy with centrotemporal spikes,snv_fora_do_painel,False,GABRG2;GRIN2A;SRPX2,251,180,0,0,0,,
ORPHA:1946,Amelocerebrohypohidrotic syndrome,snv_fora_do_painel,False,ROGDI;SLC13A5,46,30,0,0,0,,
ORPHA:1947,Northern epilepsy,snv_fora_do_painel,False,CLN8,8,6,0,0,0,,
ORPHA:1949,Self-limited neonatal epilepsy,snv_fora_do_painel,False,KCNQ2;KCNQ3,189,147,0,0,0,,
ORPHA:1955,Spinocerebellar ataxia type 34,snv_fora_do_painel,False,ELOVL4,4,4,0,0,0,,
ORPHA:198,Occipital horn syndrome,snv_fora_do_painel,False,ATP7A,63,45,0,0,0,,
ORPHA:1980,Bilateral striopallidodentate calcinosis,snv_fora_do_painel,False,CMPK2;JAM2;MYORG;NAA60;PDGFB;PDGFRB;SLC20A2;XPR1,58,44,0,0,0,,
ORPHA:1986,Gollop-Wolfgang complex,sem_variante_patogenica,False,BHLHA9,0,0,0,0,0,,
ORPHA:199,Cornelia de Lange syndrome,snv_fora_do_painel,False,BRD4;HDAC8;NIPBL;RAD21;SMC1A;SMC3,783,474,0,0,0,,
ORPHA:199241,Pulmonary capillary hemangiomatosis,snv_fora_do_painel,False,EIF2AK4,39,26,0,0,0,,
ORPHA:199296,Congenital isolated ACTH deficiency,snv_fora_do_painel,False,TBX19,24,20,0,0,0,,
ORPHA:199302,Isolated cleft lip,sem_variante_patogenica,False,IRF6;MSX1;NECTIN1;TP63,0,0,0,0,0,,
ORPHA:199306,Cleft lip/palate,snv_fora_do_painel,False,ARHGAP29;ARHGEF38;BMP4;CDH1;COBLL1;DLG1;DLX4;IRF6;MSX1;NECTIN1;PDGFRA;RIC1;TP63,5,4,0,0,0,,
ORPHA:199318,15q13.3 microdeletion syndrome,sem_variante_patogenica,False,CHRNA7,0,0,0,0,0,,
ORPHA:199343,EAST syndrome,snv_fora_do_painel,False,KCNJ10,27,17,0,0,0,,
ORPHA:199351,Adult-onset dystonia-parkinsonism,snv_fora_do_painel,False,PLA2G6,45,35,0,0,0,,
ORPHA:199354,Cerebral autosomal recessive arteriopathy-subcortical infarcts-leukoencephalopathy,snv_fora_do_painel,False,HTRA1,13,12,0,0,0,,
ORPHA:1997,Blepharo-cheilo-odontic syndrome,snv_fora_do_painel,False,CDH1;CTNND1,7,4,0,0,0,,
ORPHA:20,3-hydroxy-3-methylglutaric aciduria,snv_fora_do_painel,False,HMGCL,77,41,0,0,0,,
ORPHA:201,Cowden syndrome,snv_fora_do_painel,False,AKT1;KLLN;PIK3CA;PTEN;SDHB;SDHC;SDHD;SEC23B;USF3,240,155,0,0,0,,
ORPHA:2020,Congenital fiber-type disproportion myopathy,snv_fora_do_painel,False,ACTA1;HACD1;ITGA7;MAP3K20;MYL2;SELENON;TPM2;TPM3,77,64,0,0,0,,
ORPHA:2021,Fibrochondrogenesis,snv_fora_do_painel,False,COL11A1;COL11A2,30,20,0,0,0,,
ORPHA:2024,Hereditary gingival fibromatosis,snv_fora_do_painel,False,REST;SOS1,16,15,0,0,0,,
ORPHA:2026,Gingival fibromatosis-hypertrichosis syndrome,snv_fora_do_painel,False,ABCA5,7,4,0,0,0,,
ORPHA:2028,Juvenile hyaline fibromatosis,snv_fora_do_painel,False,ANTXR2,36,20,0,0,0,,
ORPHA:2032,Idiopathic pulmonary fibrosis,snv_fora_do_painel,False,ABCA3;ATP11A;DPP9;DSP;FAM13A;MUC5B;PARN;RTEL1;SFTPA1;SFTPA2;SFTPC;STN1;TERC;TERT,387,228,0,0,0,,
ORPHA:2036,Scalp-ear-nipple syndrome,snv_fora_do_painel,False,KCTD1,9,9,0,0,0,,
ORPHA:2044,Floating-Harbor syndrome,snv_fora_do_painel,False,SRCAP,30,15,0,0,0,,
ORPHA:2050,Cole-Carpenter syndrome,snv_fora_do_painel,False,CRTAP;P4HB;SEC24D,20,14,0,0,0,,
ORPHA:2052,Fraser syndrome,snv_fora_do_painel,False,FRAS1;FREM2;GRIP1,171,105,0,0,0,,
ORPHA:2053,Freeman-Sheldon syndrome,snv_fora_do_painel,False,MYH3;NALCN,13,12,0,0,0,,
ORPHA:2056,Essential fructosuria,snv_fora_do_painel,False,KHK,1,1,0,0,0,,
ORPHA:2059,Fryns syndrome,sem_variante_patogenica,False,PIGN,0,0,0,0,0,,
ORPHA:206436,Infantile Krabbe disease,sem_variante_patogenica,False,GALC;PSAP,0,0,0,0,0,,
ORPHA:206443,Late-infantile/juvenile Krabbe disease,sem_variante_patogenica,False,GALC,0,0,0,0,0,,
ORPHA:206448,Adult Krabbe disease,sem_variante_patogenica,False,GALC,0,0,0,0,0,,
ORPHA:2065,Galloway-Mowat syndrome,snv_fora_do_painel,False,GON7;LAGE3;NUP107;NUP133;OSGEP;TP53RK;TPRKB;WDR4;WDR73;YRDC,31,18,0,0,0,,
ORPHA:206546,Symptomatic form of muscular dystrophy of Duchenne and Becker in female carriers,sem_variante_patogenica,False,DMD,0,0,0,0,0,,
ORPHA:206549,Anoctamin-5-related limb-girdle muscular dystrophy R12,snv_fora_do_painel,False,ANO5,149,103,0,0,0,,
ORPHA:206559,POMT2-related limb-girdle muscular dystrophy R14,snv_fora_do_painel,False,POMT2,109,62,0,0,0,,
ORPHA:206583,Adult polyglucosan body disease,snv_fora_do_painel,False,GBE1,34,28,0,0,0,,
ORPHA:206599,Isolated asymptomatic elevation of creatine phosphokinase,snv_fora_do_painel,False,ANO5;CAV3;DAG1,1,1,0,0,0,,
ORPHA:2066,Gamma-aminobutyric acid transaminase deficiency,snv_fora_do_painel,False,ABAT,24,20,0,0,0,,
ORPHA:2067,GAPO syndrome,snv_fora_do_painel,False,ANTXR1,8,5,0,0,0,,
ORPHA:207,Crouzon syndrome,snv_fora_do_painel,False,ERF;FGFR2,37,35,0,0,0,,
ORPHA:2072,Gaucher disease-ophthalmoplegia-cardiovascular calcification syndrome,snv_fora_do_painel,False,GBA1,22,20,0,0,0,,
ORPHA:2073,Narcolepsy type 1,snv_fora_do_painel,False,CTSH;HCRT;HLA-DQB1;HLA-DRB1;MOG;P2RY11;TNFSF4;ZNF365,2,2,0,0,0,,
ORPHA:2078,Geroderma osteodysplastica,snv_fora_do_painel,False,GORAB;PYCR1,15,10,0,0,0,,
ORPHA:2084,Glaucoma-ectopia lentis-microspherophakia-stiff joints-short stature syndrome,snv_fora_do_painel,False,FBN1,6,4,0,0,0,,
ORPHA:208441,Bilateral parasagittal parieto-occipital polymicrogyria,snv_fora_do_painel,False,FIG4,8,5,0,0,0,,
ORPHA:208447,Bilateral generalized polymicrogyria,sem_variante_patogenica,False,GRIN1,0,0,0,0,0,,
ORPHA:208513,Spinocerebellar ataxia type 29,snv_fora_do_painel,False,ITPR1,23,22,0,0,0,,
ORPHA:2088,Fanconi-Bickel syndrome,snv_fora_do_painel,False,SLC2A2,52,31,0,0,0,,
ORPHA:2089,Glycogen storage disease due to hepatic glycogen synthase deficiency,snv_fora_do_painel,False,GYS2,41,24,0,0,0,,
ORPHA:2092,Focal dermal hypoplasia,snv_fora_do_painel,False,PORCN,30,23,0,0,0,,
ORPHA:209335,Autosomal dominant adult-onset proximal spinal muscular atrophy,snv_fora_do_painel,False,VAPB,1,1,0,0,0,,
ORPHA:209370,MECP2-related severe neonatal encephalopathy,snv_fora_do_painel,False,MECP2,231,84,0,0,0,,
ORPHA:2095,Gorlin-Chaudhry-Moss syndrome,snv_fora_do_painel,False,SLC25A24,2,2,0,0,0,,
ORPHA:2098,"Acromesomelic dysplasia, Grebe type",snv_fora_do_painel,False,BMPR1B;GDF5,7,3,0,0,0,,
ORPHA:209902,Hypercholesterolemia due to cholesterol 7alpha-hydroxylase deficiency,sem_variante_patogenica,False,CYP7A1,0,0,0,0,0,,
ORPHA:209905,Brain-lung-thyroid syndrome,snv_fora_do_painel,False,NKX2-1,35,22,0,0,0,,
ORPHA:209908,Isolated childhood apraxia of speech,snv_fora_do_painel,False,FOXP2,21,17,0,0,0,,
ORPHA:209951,Autosomal spastic paraplegia type 18,snv_fora_do_painel,False,ERLIN2,6,2,0,0,0,,
ORPHA:209967,Episodic ataxia type 6,snv_fora_do_painel,False,SLC1A3,2,2,0,0,0,,
ORPHA:209981,IRIDA syndrome,snv_fora_do_painel,False,TMPRSS6,18,13,0,0,0,,
ORPHA:210110,Intermediate osteopetrosis,snv_fora_do_painel,False,CLCN7;PLEKHM1;TCIRG1,1,1,0,0,0,,
ORPHA:210122,Congenital alveolar capillary dysplasia,snv_fora_do_painel,False,FOXF1,50,33,0,0,0,,
ORPHA:210128,Urocanic aciduria,snv_fora_do_painel,False,UROC1,5,3,0,0,0,,
ORPHA:210548,Macrocephaly-intellectual disability-autism syndrome,snv_fora_do_painel,False,HEPACAM;PTEN,86,57,0,0,0,,
ORPHA:210571,Dystonia 16,snv_fora_do_painel,False,PRKRA,4,3,0,0,0,,
ORPHA:2108,Hallermann-Streiff syndrome,sem_variante_patogenica,False,CHD6,0,0,0,0,0,,
ORPHA:211,Familial cylindromatosis,snv_fora_do_painel,False,CYLD,25,13,0,0,0,,
ORPHA:211067,Episodic ataxia type 5,sem_variante_patogenica,False,CACNB4,0,0,0,0,0,,
ORPHA:2114,"Hip dysplasia, Beukes type",snv_fora_do_painel,False,UFSP2,2,2,0,0,0,,
ORPHA:2116,Hartnup disease,snv_fora_do_painel,False,CLTRN;SLC6A19,30,26,0,0,0,,
ORPHA:2117,Hartsfield syndrome,snv_fora_do_painel,False,FGFR1,11,10,0,0,0,,
ORPHA:2118,Hawkinsinuria,snv_fora_do_painel,False,HPD,32,16,0,0,0,,
ORPHA:212,Cystathioninuria,snv_fora_do_painel,False,CTH,4,2,0,0,0,,
ORPHA:2122,Kaposiform hemangioendothelioma,sem_variante_patogenica,False,GNA14,0,0,0,0,0,,
ORPHA:2126,Solitary fibrous tumor,sem_variante_patogenica,False,NAB2;STAT6,0,0,0,0,0,,
ORPHA:2128,Isolated hemihyperplasia,sem_variante_patogenica,False,H19;IGF2;KCNQ1OT1,0,0,0,0,0,,
ORPHA:2131,Alternating hemiplegia of childhood,snv_fora_do_painel,False,ATP1A2;ATP1A3;CACNA1A;MT-TL2;RHOBTB2;SCN2A;SLC1A3;SLC2A1,57,54,0,0,0,,
ORPHA:2133,Hemoglobin E disease,alelo_patogenico_ensaiado,False,HBB,1,1,1,1,0,2,15161
ORPHA:2136,Hennekam syndrome,snv_fora_do_painel,False,ADAMTS3;CCBE1;FAT4,20,11,0,0,0,,
ORPHA:2138,"46,XX ovotesticular difference of sex development",sem_variante_patogenica,False,NR5A1;SOX9;SRY,0,0,0,0,0,,
ORPHA:2140,Congenital diaphragmatic hernia,snv_fora_do_painel,False,GATA6;LONP1;ZFPM2,18,12,0,0,0,,
ORPHA:2143,Donnai-Barrow syndrome,snv_fora_do_painel,False,LRP2,81,54,0,0,0,,
ORPHA:2148,Lissencephaly type 1 due to doublecortin gene mutation,snv_fora_do_painel,False,DCX,40,32,0,0,0,,
ORPHA:215,Congenital stationary night blindness,snv_fora_do_painel,False,RHO,186,112,0,0,0,,
ORPHA:2151,Hirschsprung disease-ganglioneuroblastoma syndrome,snv_fora_do_painel,False,PHOX2B,3,1,0,0,0,,
ORPHA:2157,Histidinemia,sem_snv,False,HAL,1,0,0,0,0,,
ORPHA:216866,Classic pantothenate kinase-associated neurodegeneration,sem_variante_patogenica,False,PANK2,0,0,0,0,0,,
ORPHA:216873,Atypical pantothenate kinase-associated neurodegeneration,sem_variante_patogenica,False,PANK2,0,0,0,0,0,,
ORPHA:2169,Methylcobalamin deficiency type cblE,snv_fora_do_painel,False,MTRR,137,62,0,0,0,,
ORPHA:217012,Spinocerebellar ataxia type 31,sem_variante_patogenica,False,BEAN1,0,0,0,0,0,,
ORPHA:217059,Isolated nail clubbing,snv_fora_do_painel,False,HPGD,6,3,0,0,0,,
ORPHA:217266,BNAR syndrome,snv_fora_do_painel,False,FREM1,39,23,0,0,0,,
ORPHA:217335,RIN2 syndrome,sem_snv,False,RIN2,5,0,0,0,0,,
ORPHA:217377,Microduplication Xp11.22p11.23 syndrome,sem_variante_patogenica,False,IQSEC2,0,0,0,0,0,,
ORPHA:217385,17p13.3 microduplication syndrome,sem_variante_patogenica,False,PAFAH1B1;YWHAE,0,0,0,0,0,,
ORPHA:217390,Combined immunodeficiency due to DOCK8 deficiency,snv_fora_do_painel,False,DOCK8,109,55,0,0,0,,
ORPHA:217563,Neonatal acute respiratory distress syndrome,snv_fora_do_painel,False,ABCA3;SFTPB,11,6,0,0,0,,
ORPHA:2176,Infantile systemic hyalinosis,sem_variante_patogenica,False,ANTXR2,0,0,0,0,0,,
ORPHA:217622,Sensorineural deafness with dilated cardiomyopathy,snv_fora_do_painel,False,EYA4,39,23,0,0,0,,
ORPHA:2177,Hydranencephaly,snv_fora_do_painel,False,NDE1,1,1,0,0,0,,
ORPHA:218,Darier disease,snv_fora_do_painel,False,ATP2A2,29,18,0,0,0,,
ORPHA:2182,Hydrocephalus with stenosis of the aqueduct of Sylvius,snv_fora_do_painel,False,L1CAM,56,41,0,0,0,,
ORPHA:2189,Hydrolethalus,snv_fora_do_painel,False,HYLS1;KIF7,47,24,0,0,0,,
ORPHA:219,Delta-sarcoglycan-related limb-girdle muscular dystrophy R6,snv_fora_do_painel,False,SGCD,32,19,0,0,0,,
ORPHA:2196,Primary hypomagnesemia with hypercalciuria and nephrocalcinosis with severe ocular involvement,snv_fora_do_painel,False,CLDN19,25,20,0,0,0,,
ORPHA:2197,Idiopathic hypercalciuria,sem_variante_patogenica,False,ADCY10,0,0,0,0,0,,
ORPHA:2198,Palmoplantar keratoderma-esophageal carcinoma syndrome,snv_fora_do_painel,False,RHBDF2,1,1,0,0,0,,
ORPHA:2199,Epidermolytic palmoplantar keratoderma,snv_fora_do_painel,False,KRT1;KRT16;KRT9,14,14,0,0,0,,
ORPHA:22,Succinic semialdehyde dehydrogenase deficiency,snv_fora_do_painel,False,ALDH5A1,140,87,0,0,0,,
ORPHA:220,Denys-Drash syndrome,snv_fora_do_painel,False,WT1,76,50,0,0,0,,
ORPHA:2202,Palmoplantar keratoderma-deafness syndrome,snv_fora_do_painel,False,GJB2;MT-TS1,19,15,0,0,0,,
ORPHA:220295,Xeroderma pigmentosum-Cockayne syndrome complex,sem_snv,False,ERCC2;ERCC3;ERCC4;ERCC5,1,0,0,0,0,,
ORPHA:2203,Hyperlysinemia,snv_fora_do_painel,False,AASS,18,12,0,0,0,,
ORPHA:220386,Semilobar holoprosencephaly,snv_fora_do_painel,False,CDON;CRIPTO;DISP1;DLL1;FGF8;FGFR1;FOXH1;GAS1;GLI2;NODAL;PTCH1;SHH;SIX3;SMC1A;STAG2;STIL;TGIF1;ZIC2,4,4,0,0,0,,
ORPHA:220393,Diffuse cutaneous systemic sclerosis,sem_variante_patogenica,False,CAV1;CCN2;CCR6;HLA-DRB1;IRF5,0,0,0,0,0,,
ORPHA:220402,Limited cutaneous systemic sclerosis,sem_variante_patogenica,False,CAV1;CCN2;CCR6;HLA-DRB1;IRF5;KIAA0319L,0,0,0,0,0,,
ORPHA:220460,Attenuated familial adenomatous polyposis,snv_fora_do_painel,False,APC,382,197,0,0,0,,
ORPHA:220493,Joubert syndrome with ocular defect,snv_fora_do_painel,False,AHI1;CEP120;CEP41;INPP5E;MKS1,114,67,0,0,0,,
ORPHA:220497,Joubert syndrome with renal defect,snv_fora_do_painel,False,NPHP1;RPGRIP1L;TMEM237,157,98,0,0,0,,
ORPHA:2209,Maternal phenylketonuria syndrome,sem_variante_patogenica,False,PAH,0,0,0,0,0,,
ORPHA:221008,Rothmund-Thomson syndrome type 1,snv_fora_do_painel,False,ANAPC1,3,2,0,0,0,,
ORPHA:221016,Rothmund-Thomson syndrome type 2,snv_fora_do_painel,False,RECQL4,33,16,0,0,0,,
ORPHA:221061,Familial cerebral cavernous malformation,snv_fora_do_painel,False,CCM2;KRIT1;PDCD10;PIK3CA,411,202,0,0,0,,
ORPHA:221139,Combined immunodeficiency with facio-oculo-skeletal anomalies,snv_fora_do_painel,False,KNSTRN;PIK3CD,3,2,0,0,0,,
ORPHA:2224,Hypertryptophanemia,sem_variante_patogenica,False,TDO2,0,0,0,0,0,,
ORPHA:2228,Hypodontia-dysplasia of nails syndrome,snv_fora_do_painel,False,MSX1,11,4,0,0,0,,
ORPHA:2229,Dilated cardiomyopathy-hypergonadotropic hypogonadism syndrome,snv_fora_do_painel,False,LMNA,2,2,0,0,0,,
ORPHA:223,Arginine vasopressin resistance,snv_fora_do_painel,False,AQP2;AVPR2,126,82,0,0,0,,
ORPHA:2237,Hypoparathyroidism-sensorineural deafness-renal disease syndrome,snv_fora_do_painel,False,GATA3,59,22,0,0,0,,
ORPHA:2239,Familial isolated hypoparathyroidism due to agenesis of parathyroid gland,sem_variante_patogenica,False,GCM2,0,0,0,0,0,,
ORPHA:2241,Megacystis-microcolon-intestinal hypoperistalsis syndrome,snv_fora_do_painel,False,ACTG2;LMOD1;MYH11;MYLK,2,1,0,0,0,,
ORPHA:2248,Hypoplastic left heart syndrome,snv_fora_do_painel,False,GJA1;NKX2-5,9,5,0,0,0,,
ORPHA:2250,Hyposmia-nasal and ocular hypoplasia-hypogonadotropic hypogonadism syndrome,snv_fora_do_painel,False,SMCHD1,11,11,0,0,0,,
ORPHA:225154,Familial infantile bilateral striatal necrosis,snv_fora_do_painel,False,ADAR;MT-ATP6;NUP54;NUP62,1,1,0,0,0,,
ORPHA:2253,Foveal hypoplasia-presenile cataract syndrome,snv_fora_do_painel,False,PAX6,6,6,0,0,0,,
ORPHA:2254,Pontocerebellar hypoplasia type 1,snv_fora_do_painel,False,AGTPBP1;EXOSC3;EXOSC8;EXOSC9;SLC25A46;VRK1,137,67,0,0,0,,
ORPHA:2255,Pancreatic hypoplasia-diabetes-congenital heart disease syndrome,snv_fora_do_painel,False,GATA6,25,16,0,0,0,,
ORPHA:226,Dihydropteridine reductase deficiency,snv_fora_do_painel,False,QDPR,55,45,0,0,0,,
ORPHA:226307,Hypothyroidism due to deficient transcription factors involved in pituitary development or function,sem_variante_patogenica,False,HESX1;LHX3;LHX4;POU1F1;PROP1,0,0,0,0,0,,
ORPHA:226316,Genetic transient congenital hypothyroidism,snv_fora_do_painel,False,DUOX2,126,82,0,0,0,,
ORPHA:2268,ICF syndrome,snv_fora_do_painel,False,CDCA7;DNMT3B;HELLS;UHRF1;ZBTB24,101,59,0,0,0,,
ORPHA:2273,Ichthyosis follicularis-alopecia-photophobia syndrome,snv_fora_do_painel,False,MBTPS2,11,10,0,0,0,,
ORPHA:227510,"Multiple system atrophy, cerebellar type",snv_fora_do_painel,False,COQ2,1,1,0,0,0,,
ORPHA:228169,Autosomal dominant striatal neurodegeneration,snv_fora_do_painel,False,PDE8B,3,1,0,0,0,,
ORPHA:228302,"Carnitine palmitoyl transferase II deficiency, myopathic form",snv_fora_do_painel,False,CPT2,55,29,0,0,0,,
ORPHA:228305,"Carnitine palmitoyl transferase II deficiency, severe infantile form",snv_fora_do_painel,False,CPT2,71,34,0,0,0,,
ORPHA:228308,"Carnitine palmitoyl transferase II deficiency, neonatal form",snv_fora_do_painel,False,CPT2,56,29,0,0,0,,
ORPHA:228384,5q14.3 microdeletion syndrome,snv_fora_do_painel,False,MEF2C,84,56,0,0,0,,
ORPHA:228390,Frontonasal dysplasia-alopecia-genital anomalies syndrome,snv_fora_do_painel,False,ALX4,4,2,0,0,0,,
ORPHA:228402,2q23.1 microdeletion syndrome,snv_fora_do_painel,False,MBD5,96,41,0,0,0,,
ORPHA:228415,5q35 microduplication syndrome,sem_variante_patogenica,False,NSD1,0,0,0,0,0,,
ORPHA:228423,GATA2 deficiency spectrum,snv_fora_do_painel,False,GATA2,76,34,0,0,0,,
ORPHA:228426,Syndromic multisystem autoimmune disease due to Itch deficiency,snv_fora_do_painel,False,ITCH,17,10,0,0,0,,
ORPHA:2289,Neuronal intranuclear inclusion disease,sem_variante_patogenica,False,NOTCH2NLC,0,0,0,0,0,,
ORPHA:229,Familial aortic dissection,snv_fora_do_painel,False,MYH11,10,9,0,0,0,,
ORPHA:2290,Microvillus inclusion disease,snv_fora_do_painel,False,MYO5B;STX3,46,33,0,0,0,,
ORPHA:2297,Insulin-resistance syndrome type A,snv_fora_do_painel,False,INSR,12,12,0,0,0,,
ORPHA:23,Argininosuccinic aciduria,snv_fora_do_painel,False,ASL,194,153,0,0,0,,
ORPHA:230,Dopamine beta-hydroxylase deficiency,snv_fora_do_painel,False,DBH,9,5,0,0,0,,
ORPHA:2301,Congenital short bowel syndrome,snv_fora_do_painel,False,CLMP;FLNA,4,2,0,0,0,,
ORPHA:2307,IVIC syndrome,sem_snv,False,SALL4,3,0,0,0,0,,
ORPHA:2308,Jacobsen syndrome,sem_snv,False,FLI1,1,0,0,0,0,,
ORPHA:230839,Classical-like Ehlers-Danlos syndrome type 1,snv_fora_do_painel,False,TNXB,91,36,0,0,0,,
ORPHA:230851,Cardiac-valvular Ehlers-Danlos syndrome,snv_fora_do_painel,False,COL1A2,18,15,0,0,0,,
ORPHA:2309,Pachyonychia congenita,snv_fora_do_painel,False,KRT16;KRT17;KRT6A;KRT6B,52,46,0,0,0,,
ORPHA:2311,Autosomal recessive spondylocostal dysostosis,snv_fora_do_painel,False,DLL3;HES7;LFNG;MESP2;RIPPLY2;TBX6,89,37,0,0,0,,
ORPHA:231140,Silver-Russell syndrome due to an imprinting defect of 11p15,sem_variante_patogenica,False,H19;IGF2,0,0,0,0,0,,
ORPHA:231144,Silver-Russell syndrome due to 11p15 microduplication,sem_variante_patogenica,False,H19;IGF2,0,0,0,0,0,,
ORPHA:231154,Combined immunodeficiency due to partial RAG1 deficiency,snv_fora_do_painel,False,RAG1,78,56,0,0,0,,
ORPHA:231160,Familial cerebral saccular aneurysm,sem_variante_patogenica,False,ANGPTL6;COL3A1;ENG;TGFBR3;THSD1,0,0,0,0,0,,
ORPHA:231169,Usher syndrome type 1,posicao_alelo_diferente,False,CDH23;CIB2;ESPN;MYO7A;PCDH15;USH1C;USH1G,781,459,1,0,0,,
ORPHA:231178,Usher syndrome type 2,snv_fora_do_painel,False,ADGRV1;MYO7A;PDZD7;USH2A;WHRN,1029,662,0,0,0,,
ORPHA:231183,Usher syndrome type 3,snv_fora_do_painel,False,ARSG;CEP78;CLRN1;HARS1;MT-TS2,34,22,0,0,0,,
ORPHA:231214,Beta-thalassemia major,snv_fora_do_painel,False,HBB,7,6,0,0,0,,
ORPHA:231222,Beta-thalassemia intermedia,snv_fora_do_painel,False,HBB,11,11,0,0,0,,
ORPHA:231226,Unstable beta globin chain variant disease,alelo_patogenico_ensaiado,False,HBB,25,14,3,2,0,2,15161;15333
ORPHA:231237,Delta-beta-thalassemia,sem_variante_patogenica,False,HBB;HBD;HBG1,0,0,0,0,0,,
ORPHA:231242,Hemoglobin C-beta-thalassemia syndrome,sem_variante_patogenica,False,HBB,0,0,0,0,0,,
ORPHA:231249,Hemoglobin E-beta-thalassemia syndrome,alelo_patogenico_ensaiado,False,HBB,1,1,1,1,0,2,15161
ORPHA:231393,Beta-thalassemia-X-linked thrombocytopenia syndrome,snv_fora_do_painel,False,GATA1,4,4,0,0,0,,
ORPHA:2314,Autosomal dominant hyper-IgE syndrome due to STAT3 deficiency,snv_fora_do_painel,False,STAT3,69,66,0,0,0,,
ORPHA:231401,Alpha-thalassemia-myelodysplastic syndrome,snv_fora_do_painel,False,ATRX,7,7,0,0,0,,
ORPHA:2315,Johanson-Blizzard syndrome,snv_fora_do_painel,False,UBR1,21,17,0,0,0,,
ORPHA:231568,Autosomal dominant generalized dystrophic epidermolysis bullosa,snv_fora_do_painel,False,COL7A1,60,48,0,0,0,,
ORPHA:231720,Non-acquired combined pituitary hormone deficiency-sensorineural hearing loss-spine abnormalities syndrome,snv_fora_do_painel,False,LHX3,31,18,0,0,0,,
ORPHA:2318,Joubert syndrome with oculorenal defect,snv_fora_do_painel,False,CC2D2A;CEP290;TMEM138;TMEM216;TMEM231;TMEM237;ZNF423,407,209,0,0,0,,
ORPHA:2319,Juberg-Hayward syndrome,snv_fora_do_painel,False,ESCO2,38,7,0,0,0,,
ORPHA:232,Sickle cell anemia,alelo_patogenico_ensaiado,False,HBB,35,28,3,2,0,2,15161;15333
ORPHA:2322,Kabuki syndrome,snv_fora_do_painel,False,KDM6A;KMT2D,867,411,0,0,0,,
ORPHA:2323,Sanjad-Sakati syndrome,snv_fora_do_painel,False,TBCE,14,8,0,0,0,,
ORPHA:233,Duane retraction syndrome,snv_fora_do_painel,False,CHN1;MAFB;SALL4,23,17,0,0,0,,
ORPHA:2332,KBG syndrome,snv_fora_do_painel,False,ANKRD11,457,181,0,0,0,,
ORPHA:2334,Autosomal dominant keratitis,snv_fora_do_painel,False,PAX6,1,1,0,0,0,,
ORPHA:2337,"Diffuse palmoplantar keratoderma, Bothnian type",snv_fora_do_painel,False,AQP5,5,5,0,0,0,,
ORPHA:234,Dubin-Johnson syndrome,snv_fora_do_painel,False,ABCC2,88,54,0,0,0,,
ORPHA:2340,Keratosis follicularis spinulosa decalvans,snv_fora_do_painel,False,LRP1;MBTPS2;SAT1,1,1,0,0,0,,
ORPHA:2342,Haim-Munk syndrome,snv_fora_do_painel,False,CTSC,73,45,0,0,0,,
ORPHA:2345,Isolated Klippel-Feil syndrome,snv_fora_do_painel,False,GDF3;GDF6;MEOX1,9,5,0,0,0,,
ORPHA:2348,"Familial partial lipodystrophy, Dunnigan type",snv_fora_do_painel,False,LMNA,11,11,0,0,0,,
ORPHA:235,Dubowitz syndrome,sem_variante_patogenica,False,LIG4;NSUN2,0,0,0,0,0,,
ORPHA:2363,Lacrimoauriculodentodigital syndrome,snv_fora_do_painel,False,FGF10;FGFR2;FGFR3,13,10,0,0,0,,
ORPHA:2377,Laurence-Moon syndrome,snv_fora_do_painel,False,PNPLA6,6,5,0,0,0,,
ORPHA:2378,Laurin-Sandrow syndrome,sem_variante_patogenica,False,LMBR1,0,0,0,0,0,,
ORPHA:2379,Early-onset parkinsonism-intellectual disability syndrome,snv_fora_do_painel,False,RAB39B,2,2,0,0,0,,
ORPHA:2380,Legg-Calvé-Perthes disease,snv_fora_do_painel,False,COL2A1,3,3,0,0,0,,
ORPHA:2382,Lennox-Gastaut syndrome,snv_fora_do_painel,False,CACNA1A;CHD2;CUX2;DNM1;GABRB3;MAPK10;SCN1A,322,189,0,0,0,,
ORPHA:238329,Severe X-linked mitochondrial encephalomyopathy,snv_fora_do_painel,False,AIFM1,7,6,0,0,0,,
ORPHA:238446,15q11q13 microduplication syndrome,sem_variante_patogenica,False,UBE3A,0,0,0,0,0,,
ORPHA:238455,Infantile dystonia-parkinsonism,snv_fora_do_painel,False,SLC6A3;WARS2,13,9,0,0,0,,
ORPHA:238459,SLC35A1-CDG,snv_fora_do_painel,False,SLC35A1,4,4,0,0,0,,
ORPHA:238578,Familial clubfoot due to 17q23.1q23.2 microduplication,sem_variante_patogenica,False,TBX4,0,0,0,0,0,,
ORPHA:2387,Leukonychia totalis,sem_variante_patogenica,False,PLCD1,0,0,0,0,0,,
ORPHA:238722,Familial congenital mirror movements,snv_fora_do_painel,False,DCC;DNAL4;NTN1;RAD51,30,19,0,0,0,,
ORPHA:238769,1q44 microdeletion syndrome,sem_variante_patogenica,False,HNRNPU,0,0,0,0,0,,
ORPHA:2388,Choreoacanthocytosis,snv_fora_do_painel,False,VPS13A,250,136,0,0,0,,
ORPHA:239,Dyggve-Melchior-Clausen disease,snv_fora_do_painel,False,DYM,32,20,0,0,0,,
ORPHA:2394,Pyruvate dehydrogenase E3 deficiency,snv_fora_do_painel,False,DLD,94,56,0,0,0,,
ORPHA:2396,Encephalocraniocutaneous lipomatosis,snv_fora_do_painel,False,FGFR1;KRAS,7,7,0,0,0,,
ORPHA:2398,Multiple symmetric lipomatosis,snv_fora_do_painel,False,MFN2,2,1,0,0,0,,
ORPHA:24,Fumaric aciduria,snv_fora_do_painel,False,FH,66,45,0,0,0,,
ORPHA:240,Léri-Weill dyschondrosteosis,snv_fora_do_painel,False,SHOX,24,18,0,0,0,,
ORPHA:240071,Classic progressive supranuclear palsy syndrome,snv_fora_do_painel,False,MAPT,5,5,0,0,0,,
ORPHA:240085,Progressive supranuclear palsy-predominant parkinsonism syndrome,snv_fora_do_painel,False,MAPT,5,4,0,0,0,,
ORPHA:240094,Progressive supranuclear palsy-pure akinesia with gait freezing syndrome,sem_variante_patogenica,False,MAPT,0,0,0,0,0,,
ORPHA:240103,Progressive supranuclear palsy-corticobasal syndrome,sem_variante_patogenica,False,MAPT,0,0,0,0,0,,
ORPHA:240112,Progressive supranuclear palsy-progressive non-fluent aphasia syndrome,sem_variante_patogenica,False,MAPT,0,0,0,0,0,,
ORPHA:2407,Laryngo-onycho-cutaneous syndrome,snv_fora_do_painel,False,LAMA3,41,28,0,0,0,,
ORPHA:241,Dyschromatosis universalis hereditaria,sem_variante_patogenica,False,ABCB6,0,0,0,0,0,,
ORPHA:2412,Dislocation of the hip-dysmorphism syndrome,sem_variante_patogenica,False,TRIM33,0,0,0,0,0,,
ORPHA:242,"46,XY complete gonadal dysgenesis",snv_fora_do_painel,False,CBX2;DHH;DHX37;DMRT1;MAP3K1;NR0B1;NR5A1;SOX9;SRY;WT1,44,38,0,0,0,,
ORPHA:243,"46,XX gonadal dysgenesis",snv_fora_do_painel,False,BMP15;BNC1;FIGLA;FSHR;MRPS22;MSH4;NR5A1;NUP107;POLR3H;PSMC3IP;SPIDR;ZSWIM7,25,18,0,0,0,,
ORPHA:243343,Dimethylglycine dehydrogenase deficiency,snv_fora_do_painel,False,DMGDH,2,2,0,0,0,,
ORPHA:2438,Hand-foot-genital syndrome,snv_fora_do_painel,False,HOXA13,11,5,0,0,0,,
ORPHA:244,Primary ciliary dyskinesia,snv_fora_do_painel,False,BRWD1;CCDC39;CCDC40;CCNO;CFAP221;CFAP298;CFAP300;CFAP74;CLXN;DAW1;DNAAF1;DNAAF11;DNAAF19;DNAAF2;DNAAF3;DNAAF4;DNAAF5;DNAAF6;DNAH1;DNAH11;DNAH5;DNAH7;DNAH9;DNAI1;DNAI2;DNAJB13;DNAL1;DRC1;DRC2;DRC4;FOXJ1;GAS2L2;HYDIN;LRRC56;MCIDAS;NEK10;NME5;NME8;ODAD1;ODAD2;ODAD3;ODAD4;OFD1;RPGR;RSPH1;RSPH3;RSPH4A;RSPH9;SPAG1;SPEF2;STK36;TTC12;ZMYND10,3446,1828,0,0,0,,
ORPHA:2440,Isolated split hand-split foot malformation,snv_fora_do_painel,False,BTRC;DLX5;DLX6;EPS15L1;FBXW4;SEM1;TP63;WNT10B,35,24,0,0,0,,
ORPHA:244242,HELLP syndrome,sem_variante_patogenica,False,CD46;CFH;CFI;HELLPAR,0,0,0,0,0,,
ORPHA:244310,RFT1-CDG,snv_fora_do_painel,False,RFT1,13,13,0,0,0,,
ORPHA:245,Nager syndrome,snv_fora_do_painel,False,SF3B4,20,8,0,0,0,,
ORPHA:246,Postaxial acrofacial dysostosis,snv_fora_do_painel,False,DHODH,12,10,0,0,0,,
ORPHA:2460,Van den Ende-Gupta syndrome,snv_fora_do_painel,False,SCARF2,13,6,0,0,0,,
ORPHA:2461,Marden-Walker syndrome,snv_fora_do_painel,False,PIEZO2,5,3,0,0,0,,
ORPHA:2462,Shprintzen-Goldberg syndrome,snv_fora_do_painel,False,FBN1;SKI,23,20,0,0,0,,
ORPHA:2466,MASA syndrome,snv_fora_do_painel,False,L1CAM,29,19,0,0,0,,
ORPHA:2470,Matthew-Wood syndrome,snv_fora_do_painel,False,STRA6;WNT7B,48,32,0,0,0,,
ORPHA:247262,Hyperphosphatasia-intellectual disability syndrome,snv_fora_do_painel,False,PGAP2;PGAP3;PIGL;PIGO;PIGV;PIGW;PIGY,137,81,0,0,0,,
ORPHA:2473,McKusick-Kaufman syndrome,snv_fora_do_painel,False,MKKS,74,31,0,0,0,,
ORPHA:247353,Generalized pustular psoriasis,snv_fora_do_painel,False,AP1S3;IL36RN,10,7,0,0,0,,
ORPHA:247585,Citrullinemia type II,snv_fora_do_painel,False,SLC25A13,79,57,0,0,0,,
ORPHA:247598,Neonatal intrahepatic cholestasis due to citrin deficiency,snv_fora_do_painel,False,SLC25A13,60,40,0,0,0,,
ORPHA:247604,Juvenile primary lateral sclerosis,snv_fora_do_painel,False,ALS2;ERLIN2,13,8,0,0,0,,
ORPHA:247691,Retinal vasculopathy with cerebral leukoencephalopathy and systemic manifestations,snv_fora_do_painel,False,TREX1,53,10,0,0,0,,
ORPHA:2477,Isolated megalencephaly,sem_variante_patogenica,False,TBC1D7,0,0,0,0,0,,
ORPHA:247768,Müllerian aplasia and hyperandrogenism,snv_fora_do_painel,False,WNT4,3,3,0,0,0,,
ORPHA:247798,MUTYH-related polyposis,snv_fora_do_painel,False,MUTYH,296,152,0,0,0,,
ORPHA:2478,Megalencephalic leukoencephalopathy with subcortical cysts,snv_fora_do_painel,False,HEPACAM;MLC1,95,70,0,0,0,,
ORPHA:247815,Autosomal recessive ataxia due to PEX10 deficiency,sem_variante_patogenica,False,PEX10,0,0,0,0,0,,
ORPHA:248,Autosomal recessive hypohidrotic ectodermal dysplasia,alelo_patogenico_ensaiado,False,CSTB;EDAR;EDARADD;WNT10A,78,58,6,6,0,2,4188;5849;5852;5853;5855;5856
ORPHA:248111,Juvenile Huntington disease,sem_snv,False,HTT,4,0,0,0,0,,
ORPHA:2484,Melnick-Needles syndrome,snv_fora_do_painel,False,FLNA,147,75,0,0,0,,
ORPHA:2495,Meningioma,snv_fora_do_painel,False,AKT1;BAP1;NF2;PDGFB;PIK3CA;SMARCB1;SMARCE1;SMO;SUFU;TERT;TRAF7,12,9,0,0,0,,
ORPHA:2499,Metachondromatosis,snv_fora_do_painel,False,PTPN11,65,55,0,0,0,,
ORPHA:25,Glutaryl-CoA dehydrogenase deficiency,snv_fora_do_painel,False,GCDH,290,234,0,0,0,,
ORPHA:2500,Acrogeria,sem_variante_patogenica,False,COL3A1,0,0,0,0,0,,
ORPHA:2501,"Metaphyseal chondrodysplasia, Spahr type",snv_fora_do_painel,False,MMP13,5,5,0,0,0,,
ORPHA:2505,Multiple benign circumferential skin creases on limbs,sem_variante_patogenica,False,MAPRE2;TUBB,0,0,0,0,0,,
ORPHA:2508,Corpus callosum agenesis-abnormal genitalia syndrome,snv_fora_do_painel,False,ARX,12,6,0,0,0,,
ORPHA:250923,Isolated aniridia,snv_fora_do_painel,False,FOXC1;PAX6;TRIM44,314,171,0,0,0,,
ORPHA:250972,Polymicrogyria with optic nerve hypoplasia,sem_variante_patogenica,False,TUBA8,0,0,0,0,0,,
ORPHA:250977,AICA-ribosiduria,snv_fora_do_painel,False,ATIC,6,3,0,0,0,,
ORPHA:250984,Autosomal recessive Stickler syndrome,snv_fora_do_painel,False,COL9A1;COL9A2;COL9A3;LOXL3,11,7,0,0,0,,
ORPHA:2510,Micro syndrome,snv_fora_do_painel,False,RAB18;RAB3GAP1;RAB3GAP2;TBC1D20,78,49,0,0,0,,
ORPHA:251019,2q32q33 deletion syndrome,snv_fora_do_painel,False,SATB2,109,64,0,0,0,,
ORPHA:251028,SATB2-associated syndrome due to a chromosomal rearrangement,sem_variante_patogenica,False,SATB2,0,0,0,0,0,,
ORPHA:251056,6q25.2q25.3 microdeletion syndrome,sem_variante_patogenica,False,ARID1B,0,0,0,0,0,,
ORPHA:251061,7q31 microdeletion syndrome,sem_variante_patogenica,False,FOXP2,0,0,0,0,0,,
ORPHA:251066,8p11.2 deletion syndrome,sem_variante_patogenica,False,ANK1,0,0,0,0,0,,
ORPHA:251071,8p23.1 microdeletion syndrome,sem_variante_patogenica,False,GATA4,0,0,0,0,0,,
ORPHA:2512,Autosomal recessive primary microcephaly,snv_fora_do_painel,False,ANKLE2;ASPM;CDK5RAP2;CDK6;CENPE;CEP135;CEP152;CIT;COPB2;CPAP;KIF14;KNL1;MCM7;MCPH1;METTL5;MFSD2A;NCAPD3;NUP37;PDCD6IP;PHC1;PYCR2;SARS1;SASS6;STIL;TAF13;TRAPPC10;TRAPPC14;WARS1;WDR62,551,298,0,0,0,,
ORPHA:251274,Familial hyperaldosteronism type III,snv_fora_do_painel,False,KCNJ5,5,5,0,0,0,,
ORPHA:251282,Autosomal dominant spastic ataxia type 1,snv_fora_do_painel,False,VAMP1,4,2,0,0,0,,
ORPHA:251347,Ataxia-telangiectasia-like disorder,snv_fora_do_painel,False,MRE11,65,38,0,0,0,,
ORPHA:251380,Hereditary persistence of fetal hemoglobin-sickle cell disease syndrome,alelo_patogenico_ensaiado,False,BCL11A;HBB;HBG1;HBG2;KLF1,8,6,1,1,0,2,15333
ORPHA:251383,CK syndrome,sem_snv,False,NSDHL,2,0,0,0,0,,
ORPHA:251393,Localized junctional epidermolysis bullosa,snv_fora_do_painel,False,COL17A1;ITGB4,82,47,0,0,0,,
ORPHA:2514,Autosomal dominant primary microcephaly,sem_variante_patogenica,False,DPP6;LMNB1,0,0,0,0,0,,
ORPHA:251510,"46,XY partial gonadal dysgenesis",snv_fora_do_painel,False,DHX37;GATA4;MAP3K1;NR0B1;NR5A1;SOX9;SRY;VAMP7;WT1;WWOX;ZFPM2,8,7,0,0,0,,
ORPHA:251636,Ependymoma,snv_fora_do_painel,False,ZFTA,4,4,0,0,0,,
ORPHA:2518,Autosomal recessive chorioretinopathy-microcephaly syndrome,snv_fora_do_painel,False,PLK4;TUBGCP4;TUBGCP6,1,1,0,0,0,,
ORPHA:251992,Ganglioneuroma,sem_variante_patogenica,False,ALK,0,0,0,0,0,,
ORPHA:2524,Pontocerebellar hypoplasia type 2,snv_fora_do_painel,False,SEPSECS;TSEN15;TSEN2;TSEN34;TSEN54,101,53,0,0,0,,
ORPHA:2526,Microcephaly-lymphedema-chorioretinopathy syndrome,snv_fora_do_painel,False,KIF11,82,47,0,0,0,,
ORPHA:254343,Autosomal recessive spastic ataxia-optic atrophy-dysarthria syndrome,snv_fora_do_painel,False,MTPAP,2,1,0,0,0,,
ORPHA:254361,Plectin-related limb-girdle muscular dystrophy R17,snv_fora_do_painel,False,PLEC,87,59,0,0,0,,
ORPHA:254525,Temple syndrome due to paternal 14q32.2 microdeletion,sem_variante_patogenica,False,DLK1;MEG3;RTL1,0,0,0,0,0,,
ORPHA:254528,Kagami-Ogata syndrome due to maternal 14q32.2 microdeletion,sem_variante_patogenica,False,DLK1;MEG3;RTL1,0,0,0,0,0,,
ORPHA:254531,Temple syndrome due to paternal 14q32.2 hypomethylation,sem_variante_patogenica,False,DLK1;MEG3;RTL1,0,0,0,0,0,,
ORPHA:254534,Kagami-Ogata syndrome due to maternal 14q32.2 hypermethylation,sem_variante_patogenica,False,DLK1;MEG3;RTL1,0,0,0,0,0,,
ORPHA:254704,Genetic hyperferritinemia without iron overload,sem_variante_patogenica,False,FTL,0,0,0,0,0,,
ORPHA:254857,Lethal infantile mitochondrial myopathy,sem_variante_patogenica,False,MT-TT,0,0,0,0,0,,
ORPHA:254864,Mitochondrial myopathy with reversible cytochrome C oxidase deficiency,snv_fora_do_painel,False,MT-TE;TRMU,5,2,0,0,0,,
ORPHA:254875,"Mitochondrial DNA depletion syndrome, myopathic form",snv_fora_do_painel,False,TK2,30,21,0,0,0,,
ORPHA:254881,Spinocerebellar ataxia with epilepsy,snv_fora_do_painel,False,POLG,2,2,0,0,0,,
ORPHA:254886,Autosomal recessive progressive external ophthalmoplegia,snv_fora_do_painel,False,POLG;RRM1;TK2;TOP3A,85,62,0,0,0,,
ORPHA:254892,Autosomal dominant progressive external ophthalmoplegia,sem_variante_patogenica,False,POLG;POLG2;RRM2B;SLC25A4;TWNK,0,0,0,0,0,,
ORPHA:254913,Isolated ATP synthase deficiency,snv_fora_do_painel,False,ATP5F1A;ATP5F1D;ATP5F1E;ATP5MK;ATPAF2;MT-ATP6;MT-ATP8,4,3,0,0,0,,
ORPHA:254930,Combined oxidative phosphorylation defect type 7,snv_fora_do_painel,False,MTRFR,13,3,0,0,0,,
ORPHA:255138,Pyruvate dehydrogenase E1-beta deficiency,snv_fora_do_painel,False,PDHB,32,18,0,0,0,,
ORPHA:255182,Pyruvate dehydrogenase E3-binding protein deficiency,snv_fora_do_painel,False,PDHX,23,12,0,0,0,,
ORPHA:255210,Mitochondrial DNA-associated Leigh syndrome,sem_variante_patogenica,False,MT-ATP6;MT-ND1;MT-ND2;MT-ND3;MT-ND4;MT-ND5;MT-ND6;MT-TK;MT-TL1;MT-TV;MT-TW,0,0,0,0,0,,
ORPHA:2554,Ear-patella-short stature syndrome,snv_fora_do_painel,False,CDC45;CDC6;CDT1;GMNN;ORC1;ORC4;ORC6,63,42,0,0,0,,
ORPHA:2556,Microphthalmia with linear skin defects syndrome,snv_fora_do_painel,False,COX7B;HCCS;NDUFB11,16,8,0,0,0,,
ORPHA:256,Early-onset generalized limb-onset dystonia,snv_fora_do_painel,False,EIF2AK2;SHQ1;TOR1A,5,4,0,0,0,,
ORPHA:257,Epidermolysis bullosa simplex with muscular dystrophy,snv_fora_do_painel,False,PLEC,95,63,0,0,0,,
ORPHA:2570,Lethal intrauterine growth restriction-cortical malformation-congenital contractures syndrome,sem_variante_patogenica,False,GPKOW,0,0,0,0,0,,
ORPHA:2573,Moyamoya disease,snv_fora_do_painel,False,ACTA2;DIAPH1;RNF213,22,19,0,0,0,,
ORPHA:2576,Mulibrey nanism,snv_fora_do_painel,False,TRIM37,41,26,0,0,0,,
ORPHA:2578,Mayer-Rokitansky-Küster-Hauser syndrome type 2,snv_fora_do_painel,False,HNF1B;WNT4,1,1,0,0,0,,
ORPHA:258,Laminin subunit alpha 2-related congenital muscular dystrophy,snv_fora_do_painel,False,LAMA2,283,166,0,0,0,,
ORPHA:2584,Classic mycosis fungoides,sem_variante_patogenica,False,CD28;CTLA4;TNFRSF1B,0,0,0,0,0,,
ORPHA:2585,Ataxia-pancytopenia syndrome,snv_fora_do_painel,False,SAMD9L,4,4,0,0,0,,
ORPHA:2588,Myhre syndrome,snv_fora_do_painel,False,SMAD4,12,5,0,0,0,,
ORPHA:2590,Spinal muscular atrophy-progressive myoclonic epilepsy syndrome,snv_fora_do_painel,False,ASAH1,20,17,0,0,0,,
ORPHA:2591,Infantile myofibromatosis,snv_fora_do_painel,False,NOTCH3;PDGFRB,32,28,0,0,0,,
ORPHA:2593,Tubular aggregate myopathy,snv_fora_do_painel,False,CASQ1;ORAI1;STIM1,29,22,0,0,0,,
ORPHA:2596,Myopathy and diabetes mellitus,sem_variante_patogenica,False,MT-TE,0,0,0,0,0,,
ORPHA:2598,Mitochondrial myopathy and sideroblastic anemia,snv_fora_do_painel,False,PUS1;YARS2,51,27,0,0,0,,
ORPHA:2604,Familial visceral myopathy,snv_fora_do_painel,False,ACTG2,32,28,0,0,0,,
ORPHA:2609,Isolated complex I deficiency,snv_fora_do_painel,False,FOXRED1;MT-ND1;MT-ND2;MT-ND3;NDUFA1;NDUFA11;NDUFA6;NDUFAF1;NDUFAF2;NDUFAF3;NDUFAF4;NDUFAF5;NDUFAF8;NDUFB10;NDUFB11;NDUFB3;NDUFB9;NDUFS1;NDUFS2;NDUFS3;NDUFS4;NDUFS6;NDUFS7;NDUFS8;NDUFV1;NDUFV2;NUBPL;TIMMDC1;TMEM126B,82,56,0,0,0,,
ORPHA:261144,FOXG1 syndrome due to 14q12 microdeletion,sem_variante_patogenica,False,FOXG1,0,0,0,0,0,,
ORPHA:261183,15q11.2 microdeletion syndrome,sem_variante_patogenica,False,NIPA1;NIPA2;TUBG1,0,0,0,0,0,,
ORPHA:261190,Cleft palate-congenital heart defect-intellectual disability syndrome due to 15q14 microdeletion,sem_variante_patogenica,False,MEIS2,0,0,0,0,0,,
ORPHA:261197,Proximal 16p11.2 microdeletion syndrome,sem_variante_patogenica,False,SH2B1,0,0,0,0,0,,
ORPHA:2612,Linear nevus sebaceus syndrome,snv_fora_do_painel,False,HRAS;KRAS;NRAS,9,9,0,0,0,,
ORPHA:261222,Distal 16p11.2 microdeletion syndrome,sem_variante_patogenica,False,SH2B1,0,0,0,0,0,,
ORPHA:261229,14q11.2 microduplication syndrome,sem_variante_patogenica,False,CHD8;SUPT16H,0,0,0,0,0,,
ORPHA:261250,16q24.3 microdeletion syndrome,sem_variante_patogenica,False,ANKRD11,0,0,0,0,0,,
ORPHA:261265,17q12 microdeletion syndrome,sem_variante_patogenica,False,HNF1B;LHX1,0,0,0,0,0,,
ORPHA:261279,17q23.1q23.2 microdeletion syndrome,snv_fora_do_painel,False,TBX4,1,1,0,0,0,,
ORPHA:261295,20p12.3 microdeletion syndrome,sem_variante_patogenica,False,BMP2,0,0,0,0,0,,
ORPHA:2613,Nail-patella-like renal disease,snv_fora_do_painel,False,LMX1B,12,11,0,0,0,,
ORPHA:261323,21q22.11q22.12 microdeletion syndrome,sem_variante_patogenica,False,KIF15,0,0,0,0,0,,
ORPHA:261330,Distal 22q11.2 microdeletion syndrome,sem_variante_patogenica,False,BCR;CRKL;MAPK1,0,0,0,0,0,,
ORPHA:2614,Nail-patella syndrome,snv_fora_do_painel,False,LMX1B,53,39,0,0,0,,
ORPHA:261483,Xq27.3q28 duplication syndrome,sem_variante_patogenica,False,FMR1,0,0,0,0,0,,
ORPHA:261537,Mowat-Wilson syndrome due to monosomy 2q22,sem_variante_patogenica,False,ZEB2,0,0,0,0,0,,
ORPHA:261552,Mowat-Wilson syndrome due to a ZEB2 point mutation,sem_variante_patogenica,False,ZEB2,0,0,0,0,0,,
ORPHA:261584,5q22 microdeletion syndrome,sem_variante_patogenica,False,APC,0,0,0,0,0,,
ORPHA:2616,3M syndrome,snv_fora_do_painel,False,CCDC8;CUL7;OBSL1,136,57,0,0,0,,
ORPHA:261652,Kleefstra syndrome due to a point mutation,sem_snv,False,EHMT1;KMT2C,1,0,0,0,0,,
ORPHA:2623,Geleophysic dysplasia,snv_fora_do_painel,False,ADAMTSL2;FBN1;LTBP3,23,22,0,0,0,,
ORPHA:2632,Langer mesomelic dysplasia,snv_fora_do_painel,False,SHOX,5,2,0,0,0,,
ORPHA:263297,Glycogen storage disease with severe cardiomyopathy due to glycogenin deficiency,snv_fora_do_painel,False,GYG1,35,19,0,0,0,,
ORPHA:263410,Infantile spasms-psychomotor retardation-progressive brain atrophy-basal ganglia disease syndrome,sem_variante_patogenica,False,SLC19A3,0,0,0,0,0,,
ORPHA:263455,Congenital hyperinsulinism due to HNF4A deficiency,snv_fora_do_painel,False,HNF4A,2,1,0,0,0,,
ORPHA:263458,Hyperinsulinism due to INSR deficiency,snv_fora_do_painel,False,INSR,8,8,0,0,0,,
ORPHA:263463,CHST3-related skeletal dysplasia,snv_fora_do_painel,False,CHST3,56,36,0,0,0,,
ORPHA:263487,COG5-CDG,snv_fora_do_painel,False,COG5,61,39,0,0,0,,
ORPHA:263494,DPM3-CDG,snv_fora_do_painel,False,DPM3,12,9,0,0,0,,
ORPHA:2635,Metatropic dysplasia,snv_fora_do_painel,False,TRPV4,22,21,0,0,0,,
ORPHA:263501,COG4-CDG,snv_fora_do_painel,False,COG4,21,15,0,0,0,,
ORPHA:263508,COG1-CDG,snv_fora_do_painel,False,COG1,22,10,0,0,0,,
ORPHA:263516,Progressive myoclonic epilepsy type 3,snv_fora_do_painel,False,KCTD7,28,20,0,0,0,,
ORPHA:263534,Acral peeling skin syndrome,snv_fora_do_painel,False,CSTA;TGM5,14,8,0,0,0,,
ORPHA:2636,Microcephalic osteodysplastic primordial dwarfism types I and III,snv_fora_do_painel,False,RNU4ATAC,13,13,0,0,0,,
ORPHA:2637,Microcephalic osteodysplastic primordial dwarfism type II,snv_fora_do_painel,False,PCNT,132,77,0,0,0,,
ORPHA:2639,Fibular aplasia-complex brachydactyly syndrome,snv_fora_do_painel,False,BMPR1B;GDF5,4,4,0,0,0,,
ORPHA:2645,Osteoglosphonic dysplasia,snv_fora_do_painel,False,FGFR1,4,4,0,0,0,,
ORPHA:264580,Glycogen storage disease due to liver phosphorylase kinase deficiency,snv_fora_do_painel,False,PHKA2;PHKG2,147,97,0,0,0,,
ORPHA:264675,Hereditary pulmonary alveolar proteinosis,snv_fora_do_painel,False,CSF2RA;CSF2RB,67,44,0,0,0,,
ORPHA:2658,Lenz-Majewski hyperostotic dysplasia,snv_fora_do_painel,False,PTDSS1,6,6,0,0,0,,
ORPHA:2662,Keipert syndrome,snv_fora_do_painel,False,GPC4,11,5,0,0,0,,
ORPHA:267,Calpain-3-related limb-girdle muscular dystrophy R1,snv_fora_do_painel,False,CAPN3,406,246,0,0,0,,
ORPHA:2670,Pierson syndrome,snv_fora_do_painel,False,LAMB2,84,48,0,0,0,,
ORPHA:2678,Familial isolated café-au-lait macules,snv_fora_do_painel,False,LZTR1,13,10,0,0,0,,
ORPHA:26792,Short chain acyl-CoA dehydrogenase deficiency,snv_fora_do_painel,False,ACADS,66,47,0,0,0,,
ORPHA:26793,Very long chain acyl-CoA dehydrogenase deficiency,snv_fora_do_painel,False,ACADVL,450,264,0,0,0,,
ORPHA:268,Dysferlin-related limb-girdle muscular dystrophy R2,snv_fora_do_painel,False,DYSF,367,231,0,0,0,,
ORPHA:2680,Hypomyelination neuropathy-arthrogryposis syndrome,sem_variante_patogenica,False,ADCY6;CNTNAP1;LGI4,0,0,0,0,0,,
ORPHA:268261,DYRK1A-related intellectual disability syndrome due to 21q22.13q22.2 microdeletion,sem_variante_patogenica,False,DYRK1A,0,0,0,0,0,,
ORPHA:2686,Cyclic neutropenia,snv_fora_do_painel,False,ELANE,54,47,0,0,0,,
ORPHA:268882,Arnold-Chiari malformation type I,sem_variante_patogenica,False,DKK1,0,0,0,0,0,,
ORPHA:269,Facioscapulohumeral dystrophy,snv_fora_do_painel,False,DNMT3B;DUX4;DUX4L1;FRG1;SMCHD1,80,43,0,0,0,,
ORPHA:2697,Arthrogryposis-renal dysfunction-cholestasis syndrome,snv_fora_do_painel,False,VIPAS39;VPS33B,67,44,0,0,0,,
ORPHA:2698,Knuckle pads-leukonychia-sensorineural deafness-palmoplantar hyperkeratosis syndrome,snv_fora_do_painel,False,GJB2,14,10,0,0,0,,
ORPHA:270,Oculopharyngeal muscular dystrophy,sem_snv,False,PABPN1,4,0,0,0,0,,
ORPHA:2701,Noonan syndrome-like disorder with loose anagen hair,snv_fora_do_painel,False,PPP1CB;SHOC2,5,4,0,0,0,,
ORPHA:2704,Urofacial syndrome,snv_fora_do_painel,False,HPSE2;LRIG2,24,10,0,0,0,,
ORPHA:2707,"Oculocerebrofacial syndrome, Kaufman type",snv_fora_do_painel,False,UBE3B,35,21,0,0,0,,
ORPHA:2710,Oculodentodigital dysplasia,snv_fora_do_painel,False,GJA1,47,44,0,0,0,,
ORPHA:2712,Oculofaciocardiodental syndrome,snv_fora_do_painel,False,BCOR,77,29,0,0,0,,
ORPHA:2717,Oculotrichoanal syndrome,snv_fora_do_painel,False,FREM1,38,20,0,0,0,,
ORPHA:272,"Congenital muscular dystrophy, Fukuyama type",snv_fora_do_painel,False,FKTN,44,23,0,0,0,,
ORPHA:274,Bernard-Soulier syndrome,snv_fora_do_painel,False,GP1BA;GP1BB;GP9,124,63,0,0,0,,
ORPHA:2744,Horizontal gaze palsy with progressive scoliosis,snv_fora_do_painel,False,DCC;ROBO3,37,26,0,0,0,,
ORPHA:2745,Opitz GBBB syndrome,snv_fora_do_painel,False,MID1,44,25,0,0,0,,
ORPHA:2746,Opsismodysplasia,snv_fora_do_painel,False,INPPL1,25,15,0,0,0,,
ORPHA:275,Severe combined immunodeficiency due to DCLRE1C deficiency,snv_fora_do_painel,False,DCLRE1C,127,71,0,0,0,,
ORPHA:2750,Orofaciodigital syndrome type 1,snv_fora_do_painel,False,OFD1,92,38,0,0,0,,
ORPHA:2751,Orofaciodigital syndrome type 2,snv_fora_do_painel,False,NEK1,4,3,0,0,0,,
ORPHA:2753,Orofaciodigital syndrome type 4,snv_fora_do_painel,False,TCTN3,58,24,0,0,0,,
ORPHA:2754,Orofaciodigital syndrome type 6,snv_fora_do_painel,False,CPLANE1;FAM149B1;KIAA0753;KIF7;OFD1;PDE6D;TCTN3;TMEM216;TMEM231;TOPORS,207,106,0,0,0,,
ORPHA:275555,Preeclampsia,sem_variante_patogenica,False,CORIN;FLT1;STOX1,0,0,0,0,0,,
ORPHA:275864,Behavioral variant of frontotemporal dementia,snv_fora_do_painel,False,CHMP2B;GRN;MAPT;PSEN1;SQSTM1;TMEM106B;TREM2;VCP,7,6,0,0,0,,
ORPHA:275872,Frontotemporal dementia with motor neuron disease,snv_fora_do_painel,False,CHCHD10;FUS;SQSTM1;TARDBP;TBK1;VCP,206,138,0,0,0,,
ORPHA:276,T-B+ severe combined immunodeficiency due to gamma chain deficiency,snv_fora_do_painel,False,IL2RG,134,99,0,0,0,,
ORPHA:276152,Multiple endocrine neoplasia type 4,snv_fora_do_painel,False,CDKN1B,79,23,0,0,0,,
ORPHA:276193,Spinocerebellar ataxia type 35,snv_fora_do_painel,False,TGM6,11,7,0,0,0,,
ORPHA:276198,Spinocerebellar ataxia type 36,sem_variante_patogenica,False,NOP56,0,0,0,0,0,,
ORPHA:2762,Progressive osseous heteroplasia,snv_fora_do_painel,False,GNAS,8,1,0,0,0,,
ORPHA:276238,Machado-Joseph disease type 1,sem_variante_patogenica,False,ATXN3,0,0,0,0,0,,
ORPHA:276241,Machado-Joseph disease type 2,sem_variante_patogenica,False,ATXN3,0,0,0,0,0,,
ORPHA:276244,Machado-Joseph disease type 3,sem_variante_patogenica,False,ATXN3,0,0,0,0,0,,
ORPHA:276280,Hemihyperplasia-multiple lipomatosis syndrome,sem_variante_patogenica,False,PIK3CA,0,0,0,0,0,,
ORPHA:276399,Familial multinodular goiter,snv_fora_do_painel,False,DICER1;KEAP1,25,13,0,0,0,,
ORPHA:276432,Ogden syndrome,snv_fora_do_painel,False,NAA10,21,20,0,0,0,,
ORPHA:276435,Lower motor neuron syndrome with late-adult onset,snv_fora_do_painel,False,CHCHD10,3,2,0,0,0,,
ORPHA:276556,Hyperinsulinism due to UCP2 deficiency,sem_variante_patogenica,False,UCP2,0,0,0,0,0,,
ORPHA:276575,Autosomal dominant hyperinsulinism due to SUR1 deficiency,snv_fora_do_painel,False,ABCC8,171,132,0,0,0,,
ORPHA:276580,Autosomal dominant hyperinsulinism due to Kir6.2 deficiency,snv_fora_do_painel,False,KCNJ11,14,11,0,0,0,,
ORPHA:276621,Sporadic pheochromocytoma/secreting paraganglioma,sem_variante_patogenica,False,DNMT3A;EPAS1;RET;SDHB;SDHD;VHL,0,0,0,0,0,,
ORPHA:276630,Symptomatic form of Coffin-Lowry syndrome in female carriers,sem_variante_patogenica,False,RPS6KA3,0,0,0,0,0,,
ORPHA:277,Severe combined immunodeficiency due to adenosine deaminase deficiency,snv_fora_do_painel,False,ADA,131,87,0,0,0,,
ORPHA:2770,Nasu-Hakola disease,snv_fora_do_painel,False,TREM2;TYROBP,13,8,0,0,0,,
ORPHA:2771,Bruck syndrome,snv_fora_do_painel,False,FKBP10;PLOD2,49,28,0,0,0,,
ORPHA:2774,Multicentric carpo-tarsal osteolysis with or without nephropathy,snv_fora_do_painel,False,MAFB,12,12,0,0,0,,
ORPHA:2780,Osteopathia striata-cranial sclerosis syndrome,snv_fora_do_painel,False,AMER1;CTNNB1,22,13,0,0,0,,
ORPHA:2785,Osteopetrosis with renal tubular acidosis,snv_fora_do_painel,False,CA2,17,11,0,0,0,,
ORPHA:2788,Osteoporosis-pseudoglioma syndrome,snv_fora_do_painel,False,LRP5,34,26,0,0,0,,
ORPHA:2789,Lateral meningocele syndrome,snv_fora_do_painel,False,NOTCH3,27,20,0,0,0,,
ORPHA:2790,"Endosteal hyperostosis, Worth type",snv_fora_do_painel,False,LRP5,3,3,0,0,0,,
ORPHA:2791,Otodental syndrome,sem_variante_patogenica,False,FGF3,0,0,0,0,0,,
ORPHA:2792,Otofaciocervical syndrome,sem_variante_patogenica,False,EYA1;PAX1,0,0,0,0,0,,
ORPHA:2796,Pachydermoperiostosis,snv_fora_do_painel,False,HPGD;SLCO2A1,74,53,0,0,0,,
ORPHA:280,Wolf-Hirschhorn syndrome,snv_fora_do_painel,False,CPLX1;CTBP1;LETM1;NELFA;NSD2;PIGG,5,3,0,0,0,,
ORPHA:280071,ALG11-CDG,snv_fora_do_painel,False,ALG11,15,13,0,0,0,,
ORPHA:2801,Juvenile Paget disease,snv_fora_do_painel,False,TNFRSF11A;TNFRSF11B,5,3,0,0,0,,
ORPHA:280195,Septopreoptic holoprosencephaly,sem_variante_patogenica,False,CDON;CRIPTO;DISP1;DLL1;FGF8;FOXH1;GAS1;GLI2;NODAL;PTCH1;SHH;SIX3;STIL;TGIF1;ZIC2,0,0,0,0,0,,
ORPHA:2802,X-linked sideroblastic anemia and spinocerebellar ataxia,snv_fora_do_painel,False,ABCB7,7,7,0,0,0,,
ORPHA:280200,Microform holoprosencephaly,snv_fora_do_painel,False,CDON;CRIPTO;DISP1;DLL1;FGF8;FGFR1;FOXH1;GAS1;GLI2;NODAL;PTCH1;SHH;SIX3;SUFU;TGIF1;ZIC2,5,3,0,0,0,,
ORPHA:280210,"Pelizaeus-Merzbacher disease, connatal form",sem_variante_patogenica,False,PLP1,0,0,0,0,0,,
ORPHA:280219,"Pelizaeus-Merzbacher disease, classic form",sem_variante_patogenica,False,PLP1,0,0,0,0,0,,
ORPHA:280224,"Pelizaeus-Merzbacher disease, transitional form",sem_variante_patogenica,False,PLP1,0,0,0,0,0,,
ORPHA:280229,Pelizaeus-Merzbacher disease in female carriers,sem_variante_patogenica,False,PLP1,0,0,0,0,0,,
ORPHA:280234,Null syndrome,sem_variante_patogenica,False,PLP1,0,0,0,0,0,,
ORPHA:280333,Alpha-dystroglycan-related limb-girdle muscular dystrophy R16,snv_fora_do_painel,False,DAG1,9,4,0,0,0,,
ORPHA:280356,PLIN1-related familial partial lipodystrophy,snv_fora_do_painel,False,PLIN1,6,2,0,0,0,,
ORPHA:280365,Autosomal semi-dominant severe lipodystrophic laminopathy,sem_variante_patogenica,False,LMNA,0,0,0,0,0,,
ORPHA:280384,Recessive intellectual disability-motor dysfunction-multiple joint contractures syndrome,sem_variante_patogenica,False,ERLIN2,0,0,0,0,0,,
ORPHA:280397,Familial Alzheimer-like prion disease,sem_variante_patogenica,False,PRNP,0,0,0,0,0,,
ORPHA:280633,Multiple congenital anomalies-hypotonia-seizures syndrome,snv_fora_do_painel,False,PIGN,172,110,0,0,0,,
ORPHA:280679,Moyamoya angiopathy-short stature-facial dysmorphism-hypergonadotropic hypogonadism syndrome,sem_variante_patogenica,False,BRCC3,0,0,0,0,0,,
ORPHA:2807,Papilloma of choroid plexus,sem_snv,False,TP53,1,0,0,0,0,,
ORPHA:280763,Severe intellectual disability and progressive spastic paraplegia,snv_fora_do_painel,False,AP4B1;AP4E1;AP4M1;AP4S1,113,59,0,0,0,,
ORPHA:280785,Bullous diffuse cutaneous mastocytosis,sem_variante_patogenica,False,KIT,0,0,0,0,0,,
ORPHA:280794,Pseudoxanthomatous diffuse cutaneous mastocytosis,sem_variante_patogenica,False,KIT,0,0,0,0,0,,
ORPHA:281,Monosomy 5p syndrome,sem_variante_patogenica,False,CTNND2;SEMA5A,0,0,0,0,0,,
ORPHA:281090,Syndromic recessive X-linked ichthyosis,sem_variante_patogenica,False,STS,0,0,0,0,0,,
ORPHA:281122,Self-improving collodion baby,snv_fora_do_painel,False,ALOX12B;ALOXE3;TGM1,57,43,0,0,0,,
ORPHA:281127,Acral self-healing collodion baby,sem_variante_patogenica,False,TGM1,0,0,0,0,0,,
ORPHA:281201,Keratosis linearis-ichthyosis congenita-sclerosing keratoderma syndrome,sem_snv,False,POMP,2,0,0,0,0,,
ORPHA:282166,Inherited Creutzfeldt-Jakob disease,snv_fora_do_painel,False,PRNP,5,5,0,0,0,,
ORPHA:2822,Autosomal recessive spastic paraplegia type 11,snv_fora_do_painel,False,SPG11,484,203,0,0,0,,
ORPHA:2828,Young-onset Parkinson disease,alelo_patogenico_ensaiado,False,DNAJC6;HTRA2;LRRK2;PARK7;PINK1;PODXL;PRKN;SNCA;SYNJ1;UCHL1;VPS13C,136,88,1,1,0,2,1940
ORPHA:2833,Stiff skin syndrome,snv_fora_do_painel,False,FBN1,10,10,0,0,0,,
ORPHA:2834,Wrinkly skin syndrome,snv_fora_do_painel,False,ATP6V0A2,18,12,0,0,0,,
ORPHA:2836,PEHO syndrome,snv_fora_do_painel,False,ZNHIT3,6,5,0,0,0,,
ORPHA:28378,Tyrosinemia type 2,snv_fora_do_painel,False,TAT,45,28,0,0,0,,
ORPHA:2841,Hailey-Hailey disease,snv_fora_do_painel,False,ATP2C1,16,9,0,0,0,,
ORPHA:284169,Facial dysmorphism-developmental delay-behavioral abnormalities syndrome due to 10p11.21p12.31 microdeletion,snv_fora_do_painel,False,WAC,63,28,0,0,0,,
ORPHA:284271,Autosomal recessive cerebellar ataxia-psychomotor delay syndrome,snv_fora_do_painel,False,SYT14,1,1,0,0,0,,
ORPHA:284282,Autosomal recessive cerebellar ataxia-epilepsy-intellectual disability syndrome due to WWOX deficiency,snv_fora_do_painel,False,WWOX,54,37,0,0,0,,
ORPHA:284289,Adult-onset autosomal recessive cerebellar ataxia,snv_fora_do_painel,False,ANO10,33,21,0,0,0,,
ORPHA:2843,Pentosuria,sem_snv,False,DCXR,1,0,0,0,0,,
ORPHA:284324,Childhood-onset autosomal recessive slowly progressive spinocerebellar ataxia,snv_fora_do_painel,False,TPP1,42,28,0,0,0,,
ORPHA:284339,Pontocerebellar hypoplasia type 7,snv_fora_do_painel,False,MINPP1;TOE1,14,9,0,0,0,,
ORPHA:284417,"Phosphoserine aminotransferase deficiency, infantile/juvenile form",snv_fora_do_painel,False,PSAT1,9,6,0,0,0,,
ORPHA:284426,Glycogen storage disease due to lactate dehydrogenase M-subunit deficiency,snv_fora_do_painel,False,LDHA,13,6,0,0,0,,
ORPHA:2848,Camptodactyly-arthropathy-coxa-vara-pericarditis syndrome,snv_fora_do_painel,False,PRG4,38,7,0,0,0,,
ORPHA:2849,Perlman syndrome,snv_fora_do_painel,False,DIS3L2,82,40,0,0,0,,
ORPHA:284979,Neonatal Marfan syndrome,snv_fora_do_painel,False,FBN1,6,6,0,0,0,,
ORPHA:284984,Aneurysm-osteoarthritis syndrome,snv_fora_do_painel,False,SMAD3,49,29,0,0,0,,
ORPHA:2850,Alopecia-intellectual disability syndrome,sem_variante_patogenica,False,AHSG;ITGB6;LSS,0,0,0,0,0,,
ORPHA:2856,Persistent Müllerian duct syndrome,snv_fora_do_painel,False,AMH;AMHR2,37,23,0,0,0,,
ORPHA:286,Vascular Ehlers-Danlos syndrome,snv_fora_do_painel,False,COL3A1,790,668,0,0,0,,
ORPHA:2869,Peutz-Jeghers syndrome,snv_fora_do_painel,False,STK11,258,111,0,0,0,,
ORPHA:287,Classical Ehlers-Danlos syndrome,snv_fora_do_painel,False,COL1A1;COL5A1;COL5A2,55,39,0,0,0,,
ORPHA:2874,Phakomatosis pigmentokeratotica,sem_variante_patogenica,False,HRAS,0,0,0,0,0,,
ORPHA:2879,"Phocomelia, Schinzel type",snv_fora_do_painel,False,WNT7A,7,7,0,0,0,,
ORPHA:288,Hereditary elliptocytosis,snv_fora_do_painel,False,EPB41;GYPC;SPTA1;SPTB,41,29,0,0,0,,
ORPHA:2880,Phosphoenolpyruvate carboxykinase deficiency,snv_fora_do_painel,False,PCK1;PCK2,6,4,0,0,0,,
ORPHA:2882,Sitosterolemia,snv_fora_do_painel,False,ABCG5;ABCG8,51,37,0,0,0,,
ORPHA:2884,Piebaldism,snv_fora_do_painel,False,KIT;SNAI2,18,10,0,0,0,,
ORPHA:2886,TARP syndrome,snv_fora_do_painel,False,RBM10,21,15,0,0,0,,
ORPHA:289,Ellis Van Creveld syndrome,snv_fora_do_painel,False,DYNC2LI1;EVC;EVC2;GLI1;PRKACA;PRKACB,530,281,0,0,0,,
ORPHA:289157,Hypocalcemic vitamin D-dependent rickets,snv_fora_do_painel,False,CYP27B1;CYP2R1,27,20,0,0,0,,
ORPHA:289176,Autosomal recessive hypophosphatemic rickets,snv_fora_do_painel,False,DMP1;ENPP1,44,28,0,0,0,,
ORPHA:289266,Early-onset epileptic encephalopathy and intellectual disability due to GRIN2A mutation,snv_fora_do_painel,False,GRIN2A,1,1,0,0,0,,
ORPHA:289504,Combined malonic and methylmalonic acidemia,snv_fora_do_painel,False,ACSF3,158,88,0,0,0,,
ORPHA:289548,Inherited isolated adrenal insufficiency due to partial CYP11A1 deficiency,sem_variante_patogenica,False,CYP11A1,0,0,0,0,0,,
ORPHA:2896,Pitt-Hopkins syndrome,snv_fora_do_painel,False,TCF4,194,112,0,0,0,,
ORPHA:289601,Hereditary arterial and articular multiple calcification syndrome,snv_fora_do_painel,False,NT5E,4,3,0,0,0,,
ORPHA:2897,Pityriasis rubra pilaris,snv_fora_do_painel,False,CARD14,7,6,0,0,0,,
ORPHA:289916,Vitamin B12-unresponsive methylmalonic acidemia type mut0,sem_variante_patogenica,False,MMUT,0,0,0,0,0,,
ORPHA:29,Mevalonic aciduria,snv_fora_do_painel,False,MVK,92,61,0,0,0,,
ORPHA:2901,Neuralgic amyotrophy,snv_fora_do_painel,False,SEPTIN9,3,3,0,0,0,,
ORPHA:2903,Familial spontaneous pneumothorax,snv_fora_do_painel,False,FLCN,31,12,0,0,0,,
ORPHA:29072,Hereditary pheochromocytoma-paraganglioma,snv_fora_do_painel,False,DLST;FH;KIF1B;MAX;MDH2;NF1;RET;SDHA;SDHAF2;SDHB;SDHC;SDHD;SLC25A11;TMEM127;VHL,853,464,0,0,0,,
ORPHA:29073,Multiple myeloma,snv_fora_do_painel,False,CCND1,23,13,0,0,0,,
ORPHA:2908,Kindler epidermolysis bullosa,snv_fora_do_painel,False,FERMT1,28,16,0,0,0,,
ORPHA:2919,Orofaciodigital syndrome type 5,snv_fora_do_painel,False,DDX59,4,2,0,0,0,,
ORPHA:29207,Reactive arthritis,sem_variante_patogenica,False,HLA-B,0,0,0,0,0,,
ORPHA:2924,Isolated polycystic liver disease,snv_fora_do_painel,False,ALG8;LRP5;PRKCSH;SEC63,132,89,0,0,0,,
ORPHA:293168,Infantile-onset ascending hereditary spastic paralysis,snv_fora_do_painel,False,ALS2,83,56,0,0,0,,
ORPHA:293181,Epilepsy of infancy with migrating focal seizures,snv_fora_do_painel,False,KCNQ2;KCNT1;PIGA;PLCB1;SCN1A;SCN2A;SLC12A5;SLC25A22;TBC1D24,120,95,0,0,0,,
ORPHA:293381,Epithelial recurrent erosion dystrophy,snv_fora_do_painel,False,COL17A1,25,17,0,0,0,,
ORPHA:293603,Congenital hereditary endothelial dystrophy type II,snv_fora_do_painel,False,SLC4A11,47,32,0,0,0,,
ORPHA:293707,"Blepharophimosis-intellectual disability syndrome, MKB type",snv_fora_do_painel,False,MED12,15,14,0,0,0,,
ORPHA:293843,3MC syndrome,snv_fora_do_painel,False,COLEC10;COLEC11;MASP1,27,19,0,0,0,,
ORPHA:293948,1p21.3 microdeletion syndrome,sem_variante_patogenica,False,DPYD,0,0,0,0,0,,
ORPHA:293964,Hypoinsulinemic hypoglycemia and body hemihypertrophy,snv_fora_do_painel,False,AKT2,1,1,0,0,0,,
ORPHA:293978,Deficiency in anterior pituitary function-variable immunodeficiency syndrome,sem_variante_patogenica,False,NFKB2,0,0,0,0,0,,
ORPHA:294023,Neonatal erythroderma-autoinflammation-inflammatory bowel disease syndrome,snv_fora_do_painel,False,ADAM17,26,12,0,0,0,,
ORPHA:294415,Renal-hepatic-pancreatic dysplasia,snv_fora_do_painel,False,NEK8;NPHP3,2,1,0,0,0,,
ORPHA:2953,Musculocontractural Ehlers-Danlos syndrome,snv_fora_do_painel,False,CHST14;DSE,32,14,0,0,0,,
ORPHA:296,Ollier disease,snv_fora_do_painel,False,IDH1;IDH2;PTH1R,6,6,0,0,0,,
ORPHA:2963,"Progeroid syndrome, Petty type",sem_variante_patogenica,False,SLC25A24,0,0,0,0,0,,
ORPHA:2965,Prolactinoma,sem_variante_patogenica,False,AIP;CDH23;MEN1,0,0,0,0,0,,
ORPHA:2969,Proteus-like syndrome,snv_fora_do_painel,False,PTEN,2,1,0,0,0,,
ORPHA:2970,Prune belly syndrome,snv_fora_do_painel,False,CHRM3,7,4,0,0,0,,
ORPHA:2971,Peroxisomal acyl-CoA oxidase deficiency,snv_fora_do_painel,False,ACOX1,65,35,0,0,0,,
ORPHA:298,Mitochondrial neurogastrointestinal encephalomyopathy,alelo_patogenico_ensaiado,False,LIG3;POLG;RRM2B;TYMP,197,136,1,1,0,2,5849
ORPHA:2990,Autosomal recessive multiple pterygium syndrome,snv_fora_do_painel,False,CHRNG;MYH3,50,27,0,0,0,,
ORPHA:2995,Baraitser-Winter cerebrofrontofacial syndrome,snv_fora_do_painel,False,ACTB;ACTG1,96,91,0,0,0,,
ORPHA:30,Hereditary orotic aciduria,snv_fora_do_painel,False,UMPS,3,2,0,0,0,,
ORPHA:3000,Familial peripheral male-limited precocious puberty,snv_fora_do_painel,False,LHCGR,19,17,0,0,0,,
ORPHA:300179,Kyphoscoliotic Ehlers-Danlos syndrome due to FKBP22 deficiency,snv_fora_do_painel,False,FKBP14,19,7,0,0,0,,
ORPHA:3002,Immune thrombocytopenia,snv_fora_do_painel,False,FCGR2C,1,1,0,0,0,,
ORPHA:300298,Severe congenital hypochromic anemia with ringed sideroblasts,sem_variante_patogenica,False,STEAP3,0,0,0,0,0,,
ORPHA:3005,Pyle disease,snv_fora_do_painel,False,SFRP4,6,3,0,0,0,,
ORPHA:300536,DDOST-CDG,snv_fora_do_painel,False,DDOST,3,2,0,0,0,,
ORPHA:300570,Cortical dysgenesis with pontocerebellar hypoplasia due to TUBB3 mutation,snv_fora_do_painel,False,TUBB3,24,24,0,0,0,,
ORPHA:300573,Polymicrogyria due to TUBB2B mutation,snv_fora_do_painel,False,TUBB2B,39,39,0,0,0,,
ORPHA:3006,Pyridoxine-dependent-developmental and epileptic encephalopathy,snv_fora_do_painel,False,ALDH7A1;PLPBP,171,131,0,0,0,,
ORPHA:300605,Juvenile amyotrophic lateral sclerosis,snv_fora_do_painel,False,ALS2;FUS;SIGMAR1;SPG11;SPTLC1,168,90,0,0,0,,
ORPHA:300751,Familial dilated cardiomyopathy with conduction defect due to LMNA mutation,snv_fora_do_painel,False,LMNA,90,74,0,0,0,,
ORPHA:3019,Ramon syndrome,sem_variante_patogenica,False,ELMO2,0,0,0,0,0,,
ORPHA:302,Inherited epidermodysplasia verruciformis,snv_fora_do_painel,False,CIB1;IL7;TMC6;TMC8,71,33,0,0,0,,
ORPHA:3021,RAPADILINO syndrome,snv_fora_do_painel,False,RECQL4,27,14,0,0,0,,
ORPHA:3027,Caudal regression syndrome,sem_variante_patogenica,False,FUZ;VANGL1,0,0,0,0,0,,
ORPHA:3032,NPHP3-related Meckel-like syndrome,snv_fora_do_painel,False,NPHP3,50,30,0,0,0,,
ORPHA:3042,Intellectual disability-cataracts-calcified pinnae-myopathy syndrome,snv_fora_do_painel,False,ZBTB20,46,34,0,0,0,,
ORPHA:3047,"Blepharophimosis-intellectual disability syndrome, SBBYS type",snv_fora_do_painel,False,KAT6B,66,26,0,0,0,,
ORPHA:3051,Nicolaides-Baraitser syndrome,snv_fora_do_painel,False,SMARCA2,60,60,0,0,0,,
ORPHA:3057,Monoamine oxidase A deficiency,alelo_patogenico_ensaiado,False,MAOA,12,7,1,1,0,0,9967
ORPHA:306,Self-limited infantile epilepsy,snv_fora_do_painel,False,KCNQ2;KCNQ3;PRRT2;SCN2A;SCN8A,378,295,0,0,0,,
ORPHA:3063,"X-linked intellectual disability, Snyder type",snv_fora_do_painel,False,SMS,19,18,0,0,0,,
ORPHA:306511,Autosomal recessive spastic paraplegia type 48,snv_fora_do_painel,False,AP5Z1,53,25,0,0,0,,
ORPHA:306542,Frontonasal dysplasia-severe microphthalmia-severe facial clefting syndrome,snv_fora_do_painel,False,ALX1,2,2,0,0,0,,
ORPHA:306550,FADD-related immunodeficiency,snv_fora_do_painel,False,FADD,2,1,0,0,0,,
ORPHA:306617,X-linked complicated spastic paraplegia type 1,sem_variante_patogenica,False,L1CAM,0,0,0,0,0,,
ORPHA:306674,Kufor-Rakeb syndrome,snv_fora_do_painel,False,ATP13A2,72,37,0,0,0,,
ORPHA:307,Juvenile myoclonic epilepsy,snv_fora_do_painel,False,CACNB4;CILK1;CLCN2;EFHC1;GABRA1;GABRD;JRK;KCNQ3,50,39,0,0,0,,
ORPHA:3071,Costello syndrome,snv_fora_do_painel,False,HRAS,34,24,0,0,0,,
ORPHA:3077,X-linked intellectual disability-psychosis-macroorchidism syndrome,snv_fora_do_painel,False,MECP2,51,26,0,0,0,,
ORPHA:3078,"Severe X-linked intellectual disability, Gustavson type",snv_fora_do_painel,False,RBMX,3,1,0,0,0,,
ORPHA:308,Progressive myoclonic epilepsy type 1,snv_fora_do_painel,False,CSTB;PRICKLE1;SCARB2,93,60,0,0,0,,
ORPHA:308552,"Glycogen storage disease due to acid maltase deficiency, infantile onset",sem_variante_patogenica,False,GAA,0,0,0,0,0,,
ORPHA:3088,Revesz syndrome,snv_fora_do_painel,False,TINF2,3,2,0,0,0,,
ORPHA:309155,"Sandhoff disease, infantile form",snv_fora_do_painel,False,HEXB,4,2,0,0,0,,
ORPHA:309162,"Sandhoff disease, juvenile form",snv_fora_do_painel,False,HEXB,2,2,0,0,0,,
ORPHA:309169,"Sandhoff disease, adult form",snv_fora_do_painel,False,HEXB,3,3,0,0,0,,
ORPHA:309246,"GM2 gangliosidosis, AB variant",snv_fora_do_painel,False,GM2A,17,8,0,0,0,,
ORPHA:30925,Hereditary arginine vasopressin deficiency,snv_fora_do_painel,False,AVP,23,22,0,0,0,,
ORPHA:309252,Atypical Gaucher disease due to saposin C deficiency,snv_fora_do_painel,False,PSAP,18,15,0,0,0,,
ORPHA:309256,"Metachromatic leukodystrophy, late infantile form",snv_fora_do_painel,False,ARSA;PSAP,5,3,0,0,0,,
ORPHA:309263,"Metachromatic leukodystrophy, juvenile form",snv_fora_do_painel,False,ARSA;PSAP,7,7,0,0,0,,
ORPHA:309271,"Metachromatic leukodystrophy, adult form",snv_fora_do_painel,False,ARSA;PSAP,6,6,0,0,0,,
ORPHA:309282,"Alpha-mannosidosis, infantile form",sem_variante_patogenica,False,MAN2B1,0,0,0,0,0,,
ORPHA:309288,"Alpha-mannosidosis, adult form",sem_variante_patogenica,False,MAN2B1,0,0,0,0,0,,
ORPHA:3095,Atypical Rett syndrome,snv_fora_do_painel,False,CDKL5;GABBR2;MECP2;NTNG1;SMC1A,817,314,0,0,0,,
ORPHA:3097,Meacham syndrome,snv_fora_do_painel,False,WT1,3,3,0,0,0,,
ORPHA:309854,Cirrhosis-dystonia-polycythemia-hypermanganesemia syndrome,snv_fora_do_painel,False,SLC30A10,8,3,0,0,0,,
ORPHA:31,Oxoglutaric aciduria,snv_fora_do_painel,False,OGDH,5,5,0,0,0,,
ORPHA:3102,Richieri Costa-Pereira syndrome,snv_fora_do_painel,False,EIF4A3,1,1,0,0,0,,
ORPHA:3103,Roberts syndrome,snv_fora_do_painel,False,ESCO2,79,25,0,0,0,,
ORPHA:3107,Autosomal dominant Robinow syndrome,snv_fora_do_painel,False,DVL1;DVL3;FZD2;WNT5A,43,20,0,0,0,,
ORPHA:3111,Rotor syndrome,snv_fora_do_painel,False,SLCO1B1;SLCO1B3,13,10,0,0,0,,
ORPHA:31112,Dermatofibrosarcoma protuberans,sem_variante_patogenica,False,COL1A1;PDGFB,0,0,0,0,0,,
ORPHA:3115,Roussy-Lévy syndrome,snv_fora_do_painel,False,MPZ;PMP22,4,3,0,0,0,,
ORPHA:31150,Tangier disease,snv_fora_do_painel,False,ABCA1,25,20,0,0,0,,
ORPHA:312,Autosomal dominant epidermolytic ichthyosis,snv_fora_do_painel,False,KRT1;KRT10,11,10,0,0,0,,
ORPHA:3124,Saccharopinuria,sem_variante_patogenica,False,AASS,0,0,0,0,0,,
ORPHA:3129,Sarcosinemia,sem_snv,False,SARDH,1,0,0,0,0,,
ORPHA:313,Lamellar ichthyosis,snv_fora_do_painel,False,ABCA12;ALOX12B;ALOXE3;ASPRV1;CYP4F22;LIPN;NIPAL4;SDR9C7;SULT2B1;TGM1,223,174,0,0,0,,
ORPHA:313772,Early-onset spastic ataxia-myoclonic epilepsy-neuropathy syndrome,snv_fora_do_painel,False,AFG3L2,13,9,0,0,0,,
ORPHA:3138,Ulnar-mammary syndrome,snv_fora_do_painel,False,TBX3,32,12,0,0,0,,
ORPHA:313855,FGFR2-related bent bone dysplasia,snv_fora_do_painel,False,FGFR2,3,3,0,0,0,,
ORPHA:313892,Developmental and speech delay due to SOX5 deficiency,snv_fora_do_painel,False,SOX5,58,40,0,0,0,,
ORPHA:3144,Schneckenbecken dysplasia,snv_fora_do_painel,False,INPPL1;SLC35D1,14,9,0,0,0,,
ORPHA:314404,Autosomal dominant cerebellar ataxia-deafness-narcolepsy syndrome,snv_fora_do_painel,False,DNMT1,6,6,0,0,0,,
ORPHA:314603,Autosomal recessive spastic ataxia with leukoencephalopathy,snv_fora_do_painel,False,MARS2,4,2,0,0,0,,
ORPHA:314632,CLN12 disease,snv_fora_do_painel,False,ATP13A2,72,37,0,0,0,,
ORPHA:314647,Non-progressive cerebellar ataxia with intellectual disability,snv_fora_do_painel,False,CAMTA1;POU4F1,43,25,0,0,0,,
ORPHA:314652,Variant ABeta2M amyloidosis,sem_variante_patogenica,False,B2M,0,0,0,0,0,,
ORPHA:314655,Severe neonatal hypotonia-seizures-encephalopathy syndrome due to 5q31.3 microdeletion,sem_variante_patogenica,False,PURA,0,0,0,0,0,,
ORPHA:314662,Segmental progressive overgrowth syndrome with fibroadipose hyperplasia,sem_variante_patogenica,False,PIK3CA,0,0,0,0,0,,
ORPHA:314679,Cerebrofacioarticular syndrome,snv_fora_do_painel,False,DCHS1;FAT4,24,16,0,0,0,,
ORPHA:314795,SHOX-related short stature,snv_fora_do_painel,False,SHOX,5,5,0,0,0,,
ORPHA:314802,Short stature due to partial GHR deficiency,snv_fora_do_painel,False,GHR,5,5,0,0,0,,
ORPHA:314811,Short stature due to GHSR deficiency,snv_fora_do_painel,False,GHSR,6,6,0,0,0,,
ORPHA:314911,Severe Canavan disease,sem_variante_patogenica,False,ASPA,0,0,0,0,0,,
ORPHA:314918,Mild Canavan disease,snv_fora_do_painel,False,ASPA,2,2,0,0,0,,
ORPHA:314978,X-linked non progressive cerebellar ataxia,sem_variante_patogenica,False,ATP2B3,0,0,0,0,0,,
ORPHA:3152,Sclerosteosis,snv_fora_do_painel,False,LRP4;SOST,33,25,0,0,0,,
ORPHA:3156,Senior-Loken syndrome,snv_fora_do_painel,False,CEP164;CEP290;INVS;IQCB1;NPHP1;NPHP3;NPHP4;SDCCAG8;WDR19,680,382,0,0,0,,
ORPHA:3157,Septo-optic dysplasia spectrum,snv_fora_do_painel,False,ARNT2;FGFR1;HESX1;OTX2;PROKR2;SOX2;SOX3,18,9,0,0,0,,
ORPHA:316,Progressive symmetric erythrokeratodermia,sem_variante_patogenica,False,KDSR;KRT83;LORICRIN;TRPM4,0,0,0,0,0,,
ORPHA:3162,Sézary syndrome,sem_variante_patogenica,False,CD28;CTLA4;TNFRSF1B,0,0,0,0,0,,
ORPHA:3163,SHORT syndrome,snv_fora_do_painel,False,PIK3R1,43,27,0,0,0,,
ORPHA:3166,Sialuria,snv_fora_do_painel,False,GNE,127,79,0,0,0,,
ORPHA:317,Erythrokeratodermia variabilis,snv_fora_do_painel,False,GJA1;GJB3;GJB4;KDSR,6,6,0,0,0,,
ORPHA:3175,X-linked spasticity-intellectual disability-epilepsy syndrome,sem_variante_patogenica,False,ARX,0,0,0,0,0,,
ORPHA:319182,Wiedemann-Steiner syndrome,snv_fora_do_painel,False,KMT2A,259,124,0,0,0,,
ORPHA:319199,Autosomal recessive spastic paraplegia type 53,snv_fora_do_painel,False,VPS37A,1,1,0,0,0,,
ORPHA:3193,Supravalvular aortic stenosis,snv_fora_do_painel,False,ELN,153,67,0,0,0,,
ORPHA:319332,Autosomal recessive myogenic arthrogryposis multiplex congenita,sem_variante_patogenica,False,SYNE1,0,0,0,0,0,,
ORPHA:319487,Familial papillary or follicular thyroid carcinoma,sem_variante_patogenica,False,FOXE1;HABP2;MINPP1,0,0,0,0,0,,
ORPHA:319514,Combined oxidative phosphorylation defect type 13,snv_fora_do_painel,False,PNPT1,18,16,0,0,0,,
ORPHA:319552,Mendelian susceptibility to mycobacterial diseases due to complete IL12RB1 deficiency,snv_fora_do_painel,False,IL12RB1,72,49,0,0,0,,
ORPHA:319600,Mendelian susceptibility to mycobacterial diseases due to partial IRF8 deficiency,snv_fora_do_painel,False,IRF8,1,1,0,0,0,,
ORPHA:319671,Alazami syndrome,snv_fora_do_painel,False,LARP7,39,5,0,0,0,,
ORPHA:319675,"Microcephalic primordial dwarfism, Dauber type",snv_fora_do_painel,False,NIN,6,3,0,0,0,,
ORPHA:3197,Hereditary hyperekplexia,snv_fora_do_painel,False,ATAD1;GLRA1;GLRB;GPHN;SLC6A5,141,97,0,0,0,,
ORPHA:320,Apparent mineralocorticoid excess,snv_fora_do_painel,False,HSD11B2,16,10,0,0,0,,
ORPHA:3202,Dehydrated hereditary stomatocytosis,snv_fora_do_painel,False,KCNN4;PIEZO1;SLC4A1,23,19,0,0,0,,
ORPHA:3203,Overhydrated hereditary stomatocytosis,snv_fora_do_painel,False,RHAG,5,5,0,0,0,,
ORPHA:320360,MT-ATP6-related mitochondrial spastic paraplegia,snv_fora_do_painel,False,MT-ATP6,1,1,0,0,0,,
ORPHA:320375,Autosomal recessive spastic paraplegia type 55,snv_fora_do_painel,False,MTRFR,9,3,0,0,0,,
ORPHA:320380,Autosomal recessive spastic paraplegia type 54,snv_fora_do_painel,False,DDHD2,28,15,0,0,0,,
ORPHA:320385,Hereditary sensory and autonomic neuropathy due to TECPR2 mutation,snv_fora_do_painel,False,TECPR2,119,49,0,0,0,,
ORPHA:320391,Autosomal recessive spastic paraplegia type 46,snv_fora_do_painel,False,GBA2,24,15,0,0,0,,
ORPHA:320396,Autosomal recessive spastic paraplegia type 45,snv_fora_do_painel,False,NT5C2,28,18,0,0,0,,
ORPHA:3204,Stormorken-Sjaastad-Langslet syndrome,snv_fora_do_painel,False,ORAI1;STIM1,25,18,0,0,0,,
ORPHA:320401,Autosomal recessive spastic paraplegia type 44,snv_fora_do_painel,False,GJC2,5,2,0,0,0,,
ORPHA:320406,Spastic paraplegia-optic atrophy-neuropathy syndrome,sem_snv,False,FLRT1;KLC2,1,0,0,0,0,,
ORPHA:320411,Autosomal recessive spastic paraplegia type 56,snv_fora_do_painel,False,CYP2U1,28,15,0,0,0,,
ORPHA:3205,Sturge-Weber syndrome,snv_fora_do_painel,False,GNAQ,1,1,0,0,0,,
ORPHA:3206,Stüve-Wiedemann syndrome,snv_fora_do_painel,False,LIFR,94,52,0,0,0,,
ORPHA:3208,Isolated succinate-CoQ reductase deficiency,snv_fora_do_painel,False,SDHA;SDHAF1;SDHB;SDHD,220,117,0,0,0,,
ORPHA:321,Multiple osteochondromas,posicao_alelo_diferente,False,EXT1;EXT2,607,300,2,0,0,,
ORPHA:3220,Deafness-enamel hypoplasia-nail defects syndrome,snv_fora_do_painel,False,PEX1;PEX6,236,109,0,0,0,,
ORPHA:3237,Multiple synostoses syndrome,snv_fora_do_painel,False,FGF9;GDF5;GDF6;NOG,15,12,0,0,0,,
ORPHA:3238,Cardiospondylocarpofacial syndrome,snv_fora_do_painel,False,MAP3K7,7,4,0,0,0,,
ORPHA:324,Fabry disease,snv_fora_do_painel,False,GLA,1093,761,0,0,0,,
ORPHA:3240,Early-onset progressive leukoencephalopathy-central nervous system calcification-deafness-visual impairment syndrome,sem_variante_patogenica,False,KARS1,0,0,0,0,0,,
ORPHA:324262,Autosomal recessive congenital cerebellar ataxia due to MGLUR1 deficiency,snv_fora_do_painel,False,GRM1,5,3,0,0,0,,
ORPHA:324290,PRDM8-related progressive myoclonus epilepsy,snv_fora_do_painel,False,PRDM8,1,1,0,0,0,,
ORPHA:3243,Sweet syndrome,snv_fora_do_painel,False,MEFV;PTPN6,9,9,0,0,0,,
ORPHA:324410,X-linked intellectual disability-cardiomegaly-congestive heart failure syndrome,sem_variante_patogenica,False,CLIC2,0,0,0,0,0,,
ORPHA:324422,ALG13-CDG,snv_fora_do_painel,False,ALG13,7,7,0,0,0,,
ORPHA:324442,Autosomal recessive axonal neuropathy with neuromyotonia,snv_fora_do_painel,False,HINT1,22,15,0,0,0,,
ORPHA:324525,Hypertrophic cardiomyopathy with kidney anomalies due to mitochondrial DNA mutation,sem_variante_patogenica,False,MT-TL1,0,0,0,0,0,,
ORPHA:324575,Hyperinsulinism due to HNF1A deficiency,snv_fora_do_painel,False,HNF1A,2,1,0,0,0,,
ORPHA:324581,Benign Samaritan congenital myopathy,sem_variante_patogenica,False,RYR1,0,0,0,0,0,,
ORPHA:324588,Familial dyskinesia and facial myokymia,snv_fora_do_painel,False,ADCY5,17,16,0,0,0,,
ORPHA:324604,Classic multiminicore myopathy,sem_variante_patogenica,False,MYH7;SELENON;TTN,0,0,0,0,0,,
ORPHA:324703,ABetaL34V amyloidosis,snv_fora_do_painel,False,APP,7,6,0,0,0,,
ORPHA:324708,"ABeta amyloidosis, Iowa type",snv_fora_do_painel,False,APP,7,6,0,0,0,,
ORPHA:324713,"ABeta amyloidosis, Italian type",snv_fora_do_painel,False,APP,8,7,0,0,0,,
ORPHA:324723,"ABeta amyloidosis, Arctic type",snv_fora_do_painel,False,APP,8,7,0,0,0,,
ORPHA:324737,SRD5A3-CDG,snv_fora_do_painel,False,SRD5A3,11,8,0,0,0,,
ORPHA:325,Congenital factor II deficiency,snv_fora_do_painel,False,F2,34,30,0,0,0,,
ORPHA:3250,Proximal symphalangism,snv_fora_do_painel,False,GDF5;NOG,15,14,0,0,0,,
ORPHA:3253,Cleft lip/palate-ectodermal dysplasia syndrome,snv_fora_do_painel,False,NECTIN1,7,5,0,0,0,,
ORPHA:3255,Filippi syndrome,snv_fora_do_painel,False,CKAP2L,17,5,0,0,0,,
ORPHA:3258,Cenani-Lenz syndrome,snv_fora_do_painel,False,APC;LRP4,36,29,0,0,0,,
ORPHA:326,Congenital factor V deficiency,snv_fora_do_painel,False,F5,95,55,0,0,0,,
ORPHA:3261,Autoimmune lymphoproliferative syndrome,snv_fora_do_painel,False,CASP10;FAS;FASLG,106,71,0,0,0,,
ORPHA:327,Congenital factor VII deficiency,snv_fora_do_painel,False,F7,47,42,0,0,0,,
ORPHA:3275,Spondylocarpotarsal synostosis,snv_fora_do_painel,False,FLNB;MYH3,36,18,0,0,0,,
ORPHA:328,Congenital factor X deficiency,snv_fora_do_painel,False,F10,21,17,0,0,0,,
ORPHA:3286,Catecholaminergic polymorphic ventricular tachycardia,snv_fora_do_painel,False,CALM1;CALM2;CALM3;CASQ2;RYR2;TECRL;TRDN,314,264,0,0,0,,
ORPHA:3287,Takayasu arteritis,sem_variante_patogenica,False,HLA-B;IL12B;MLX,0,0,0,0,0,,
ORPHA:329,Congenital factor XI deficiency,alelo_patogenico_ensaiado,False,F11,100,82,3,3,0,2,11890;11891;11892
ORPHA:329178,Congenital muscular dystrophy with intellectual disability and severe epilepsy,snv_fora_do_painel,False,DPM2,9,7,0,0,0,,
ORPHA:329224,Schuurs-Hoeijmakers syndrome,snv_fora_do_painel,False,PACS1,3,3,0,0,0,,
ORPHA:329228,Microcephalic primordial dwarfism due to ZNF335 deficiency,snv_fora_do_painel,False,ZNF335,12,7,0,0,0,,
ORPHA:329249,Severe early-onset obesity-insulin resistance syndrome due to SH2B1 deficiency,sem_variante_patogenica,False,SH2B1,0,0,0,0,0,,
ORPHA:329284,Beta-propeller protein-associated neurodegeneration,snv_fora_do_painel,False,WDR45,148,78,0,0,0,,
ORPHA:329308,Fatty acid hydroxylase-associated neurodegeneration,sem_variante_patogenica,False,FA2H,0,0,0,0,0,,
ORPHA:329314,Adult-onset multiple mitochondrial DNA deletion syndrome due to DGUOK deficiency,snv_fora_do_painel,False,DGUOK,16,11,0,0,0,,
ORPHA:329336,Adult-onset chronic progressive external ophthalmoplegia with mitochondrial myopathy,snv_fora_do_painel,False,RNASEH1;RRM2B,3,3,0,0,0,,
ORPHA:329466,"Autosomal dominant focal dystonia, DYT25 type",snv_fora_do_painel,False,GNAL,10,8,0,0,0,,
ORPHA:329475,Spastic paraplegia-Paget disease of bone syndrome,sem_variante_patogenica,False,VCP,0,0,0,0,0,,
ORPHA:329478,Adult-onset distal myopathy due to VCP mutation,sem_variante_patogenica,False,VCP,0,0,0,0,0,,
ORPHA:32960,Tumor necrosis factor receptor 1 associated periodic syndrome,snv_fora_do_painel,False,TNFRSF1A,26,26,0,0,0,,
ORPHA:329967,Intermittent hydrarthrosis,sem_variante_patogenica,False,MEFV;TNFRSF1A,0,0,0,0,0,,
ORPHA:329971,Generalized juvenile polyposis/juvenile polyposis coli,snv_fora_do_painel,False,BMPR1A;ENG;SMAD4,35,19,0,0,0,,
ORPHA:33,Isovaleric acidemia,snv_fora_do_painel,False,IVD,135,88,0,0,0,,
ORPHA:330,Congenital factor XII deficiency,snv_fora_do_painel,False,F12,10,6,0,0,0,,
ORPHA:33001,Lymphedema-distichiasis syndrome,snv_fora_do_painel,False,FOXC2,30,14,0,0,0,,
ORPHA:330050,DNM1L-related encephalopathy due to mitochondrial and peroxisomal fission defect,snv_fora_do_painel,False,DNM1L,27,22,0,0,0,,
ORPHA:330054,Congenital cataract-progressive muscular hypotonia-hearing loss-developmental delay syndrome,snv_fora_do_painel,False,GFER,7,4,0,0,0,,
ORPHA:3301,Tetraamelia-multiple malformations syndrome,snv_fora_do_painel,False,RSPO2;TBX4;WNT3,2,2,0,0,0,,
ORPHA:3303,Tetralogy of Fallot,snv_fora_do_painel,False,CITED2;FLT4;GATA4;GATA5;GATA6;GDF1;GJA5;JAG1;KDR;NKX2-5;NKX2-6;TBX1;ZFPM2,41,21,0,0,0,,
ORPHA:33067,"Metaphyseal chondrodysplasia, Jansen type",snv_fora_do_painel,False,PTH1R,10,9,0,0,0,,
ORPHA:33069,Dravet syndrome,snv_fora_do_painel,False,GABRA1;GABRG2;PCDH19;SCN1A;SCN1B;SCN2A;SCN9A,752,576,0,0,0,,
ORPHA:331,Congenital factor XIII deficiency,posicao_alelo_diferente,False,F13A1;F13B,49,33,1,0,0,,
ORPHA:33110,Autosomal non-syndromic agammaglobulinemia,sem_variante_patogenica,False,BLNK;CD79A;CD79B;IGHM;IGLL1;LRRC8A;PIK3CD;PIK3R1;SPI1;TCF3,0,0,0,0,0,,
ORPHA:331206,Severe combined immunodeficiency due to complete RAG1/2 deficiency,snv_fora_do_painel,False,RAG1;RAG2,249,156,0,0,0,,
ORPHA:3318,Essential thrombocythemia,snv_fora_do_painel,False,CALR;JAK2;MPL;SH2B3;TET2;TP53,125,73,0,0,0,,
ORPHA:3319,Congenital amegakaryocytic thrombocytopenia,snv_fora_do_painel,False,MPL;THPO,175,103,0,0,0,,
ORPHA:332,Congenital intrinsic factor deficiency,snv_fora_do_painel,False,CBLIF,15,8,0,0,0,,
ORPHA:3320,Thrombocytopenia-absent radius syndrome,snv_fora_do_painel,False,RBM8A,8,5,0,0,0,,
ORPHA:3322,Hoyeraal-Hreidarsson syndrome,snv_fora_do_painel,False,ACD;DKC1;PARN;RTEL1;TERT;TINF2,7,2,0,0,0,,
ORPHA:33226,Waldenström macroglobulinemia,sem_variante_patogenica,False,MYD88,0,0,0,0,0,,
ORPHA:3329,Tibial aplasia-ectrodactyly syndrome,sem_variante_patogenica,False,BHLHA9,0,0,0,0,0,,
ORPHA:333,Farber disease,snv_fora_do_painel,False,ASAH1,53,44,0,0,0,,
ORPHA:33355,Reticular dysgenesis,snv_fora_do_painel,False,AK2,27,16,0,0,0,,
ORPHA:33364,Trichothiodystrophy,snv_fora_do_painel,False,AARS1;CARS1;ERCC2;ERCC3;GTF2E2;GTF2H5;MPLKIP;RNF113A;TARS1,89,59,0,0,0,,
ORPHA:3337,Primary Fanconi renotubular syndrome,sem_variante_patogenica,False,EHHADH;GATM;NDUFAF6;SLC34A1,0,0,0,0,0,,
ORPHA:3338,Toriello-Carey syndrome,sem_variante_patogenica,False,DDX3X,0,0,0,0,0,,
ORPHA:3339,Oculoectodermal syndrome,snv_fora_do_painel,False,KRAS,1,1,0,0,0,,
ORPHA:334,Hereditary atrial fibrillation,snv_fora_do_painel,False,ABCC9;GATA4;GATA5;GATA6;GJA5;KCNA5;KCNE1;KCNE2;KCNJ2;KCNJ3;KCNJ5;KCNQ1;MYL4;NKX2-5;NKX2-6;NPPA;NUP155;PITX2;SCN1B;SCN2B;SCN3B;SCN4B;SCN5A;TTN,1,1,0,0,0,,
ORPHA:33402,Pediatric hepatocellular carcinoma,sem_variante_patogenica,False,CTNNB1;MET,0,0,0,0,0,,
ORPHA:3342,Arterial tortuosity syndrome,snv_fora_do_painel,False,SLC2A10,48,30,0,0,0,,
ORPHA:33445,Neuroectodermal melanolysosomal disease,sem_variante_patogenica,False,MYO5A,0,0,0,0,0,,
ORPHA:3352,Tricho-dento-osseous syndrome,snv_fora_do_painel,False,DLX3,6,2,0,0,0,,
ORPHA:33543,Kleine-Levin syndrome,sem_variante_patogenica,False,TRANK1,0,0,0,0,0,,
ORPHA:33572,5-oxoprolinase deficiency,snv_fora_do_painel,False,OPLAH,40,22,0,0,0,,
ORPHA:33573,Gamma-glutamyl transpeptidase deficiency,sem_variante_patogenica,False,GGT1,0,0,0,0,0,,
ORPHA:33574,Glutamate-cysteine ligase deficiency,snv_fora_do_painel,False,GCLC,2,2,0,0,0,,
ORPHA:3363,Trichomegaly-retina pigmentary degeneration-dwarfism syndrome,snv_fora_do_painel,False,PNPLA6,8,7,0,0,0,,
ORPHA:3366,Non-syndromic metopic craniosynostosis,snv_fora_do_painel,False,FGFR1;FREM1,29,17,0,0,0,,
ORPHA:337,Fibrodysplasia ossificans progressiva,snv_fora_do_painel,False,ACVR1,10,10,0,0,0,,
ORPHA:3377,Trismus-pseudocamptodactyly syndrome,snv_fora_do_painel,False,MYH8,2,2,0,0,0,,
ORPHA:3384,Common arterial trunk,snv_fora_do_painel,False,NKX2-6;PLXND1,10,5,0,0,0,,
ORPHA:3412,VACTERL with hydrocephalus,snv_fora_do_painel,False,FANCB,5,2,0,0,0,,
ORPHA:3416,Hyperostosis corticalis generalisata,sem_variante_patogenica,False,LRP5;SOST,0,0,0,0,0,,
ORPHA:342,Familial Mediterranean fever,snv_fora_do_painel,False,MEFV,14,11,0,0,0,,
ORPHA:34217,Naxos disease,snv_fora_do_painel,False,JUP,31,15,0,0,0,,
ORPHA:343,Hyperimmunoglobulinemia D with periodic fever,snv_fora_do_painel,False,MVK,96,62,0,0,0,,
ORPHA:3437,Vogt-Koyanagi-Harada disease,sem_variante_patogenica,False,FAS;HLA-DRB1;PTPN22,0,0,0,0,0,,
ORPHA:3447,Weaver syndrome,snv_fora_do_painel,False,EZH2;NSD1;SUZ12,27,22,0,0,0,,
ORPHA:3449,Weill-Marchesani syndrome,snv_fora_do_painel,False,ADAMTS10;ADAMTS17;FBN1;LTBP2,17,12,0,0,0,,
ORPHA:34515,FKRP-related limb-girdle muscular dystrophy R9,snv_fora_do_painel,False,FKRP,88,54,0,0,0,,
ORPHA:34516,DNAJB6-related limb-girdle muscular dystrophy D1,snv_fora_do_painel,False,DNAJB6,14,13,0,0,0,,
ORPHA:3452,Whipple disease,sem_variante_patogenica,False,IRF4,0,0,0,0,0,,
ORPHA:3453,Autoimmune polyendocrinopathy type 1,snv_fora_do_painel,False,AIRE,194,108,0,0,0,,
ORPHA:3454,Wieacker-Wolff syndrome,snv_fora_do_painel,False,ZC4H2,26,20,0,0,0,,
ORPHA:3455,Wiedemann-Rautenstrauch syndrome,snv_fora_do_painel,False,POLR3A,28,22,0,0,0,,
ORPHA:34587,Danon disease,snv_fora_do_painel,False,LAMP2,111,51,0,0,0,,
ORPHA:3459,Wilson-Turner syndrome,snv_fora_do_painel,False,HDAC8;LAS1L,5,4,0,0,0,,
ORPHA:3463,Wolfram syndrome,snv_fora_do_painel,False,CISD2;WFS1,124,75,0,0,0,,
ORPHA:347,Frasier syndrome,snv_fora_do_painel,False,WT1,73,47,0,0,0,,
ORPHA:3472,Yunis-Varon syndrome,snv_fora_do_painel,False,FIG4;VAC14,20,14,0,0,0,,
ORPHA:3473,Zimmermann-Laband syndrome,snv_fora_do_painel,False,ATP6V1B2;KCNH1;KCNN3,20,20,0,0,0,,
ORPHA:3474,CHIME syndrome,snv_fora_do_painel,False,PIGL,11,8,0,0,0,,
ORPHA:348,"Fructose-1,6-bisphosphatase deficiency",snv_fora_do_painel,False,FBP1,53,29,0,0,0,,
ORPHA:349,Fucosidosis,snv_fora_do_painel,False,FUCA1,83,52,0,0,0,,
ORPHA:35,Propionic acidemia,snv_fora_do_painel,False,PCCA;PCCB,483,291,0,0,0,,
ORPHA:35069,Infantile neuroaxonal dystrophy,snv_fora_do_painel,False,PLA2G6,135,93,0,0,0,,
ORPHA:35078,T-B+ severe combined immunodeficiency due to JAK3 deficiency,snv_fora_do_painel,False,JAK3,127,83,0,0,0,,
ORPHA:35093,Non-syndromic sagittal craniosynostosis,snv_fora_do_painel,False,ALX4;TWIST1,1,1,0,0,0,,
ORPHA:35099,Non-syndromic bicoronal craniosynostosis,snv_fora_do_painel,False,FGFR3;TCF12;TWIST1;ZIC1,54,29,0,0,0,,
ORPHA:351,Galactosialidosis,snv_fora_do_painel,False,CTSA,71,38,0,0,0,,
ORPHA:35107,Desmosterolosis,snv_fora_do_painel,False,DHCR24,4,4,0,0,0,,
ORPHA:35122,Congenital sucrase-isomaltase deficiency,snv_fora_do_painel,False,SI,69,43,0,0,0,,
ORPHA:35173,X-linked dominant chondrodysplasia punctata,snv_fora_do_painel,False,EBP,46,34,0,0,0,,
ORPHA:352403,Spectrin-associated autosomal recessive cerebellar ataxia,snv_fora_do_painel,False,SPTBN2,10,7,0,0,0,,
ORPHA:352447,Progressive external ophthalmoplegia-myopathy-emaciation syndrome,snv_fora_do_painel,False,MGME1,4,1,0,0,0,,
ORPHA:352470,DNA2-related mitochondrial DNA deletion syndrome,snv_fora_do_painel,False,DNA2,4,3,0,0,0,,
ORPHA:352479,ISPD-related limb-girdle muscular dystrophy R20,snv_fora_do_painel,False,CRPPA,36,17,0,0,0,,
ORPHA:352490,Autism spectrum disorder due to AUTS2 deficiency,snv_fora_do_painel,False,AUTS2,54,30,0,0,0,,
ORPHA:352530,Intellectual disability-obesity-brain malformations-facial dysmorphism syndrome,snv_fora_do_painel,False,TRAPPC9,1,1,0,0,0,,
ORPHA:352577,Bainbridge-Ropers syndrome,snv_fora_do_painel,False,ASXL3,154,55,0,0,0,,
ORPHA:352582,Familial infantile myoclonic epilepsy,snv_fora_do_painel,False,CPLX1;SCN8A;TBC1D24,6,4,0,0,0,,
ORPHA:352596,Progressive myoclonic epilepsy with dystonia,snv_fora_do_painel,False,TBC1D24,15,10,0,0,0,,
ORPHA:352641,Autosomal recessive cerebellar ataxia with late-onset spasticity,sem_variante_patogenica,False,GBA2,0,0,0,0,0,,
ORPHA:352649,Brain dopamine-serotonin vesicular transport disease,snv_fora_do_painel,False,SLC18A2,7,4,0,0,0,,
ORPHA:352665,Neurodevelopmental disorder-craniofacial dysmorphism-cardiac defect-skeletal anomalies syndrome due to 9q21.3 microdeletion,sem_variante_patogenica,False,HNRNPK,0,0,0,0,0,,
ORPHA:352675,X-linked Charcot-Marie-Tooth disease type 6,sem_variante_patogenica,False,PDK3,0,0,0,0,0,,
ORPHA:352682,Cobblestone lissencephaly without muscular or ocular involvement,snv_fora_do_painel,False,LAMB1;TMTC3,16,9,0,0,0,,
ORPHA:352723,Attenuated Chédiak-Higashi syndrome,sem_variante_patogenica,False,LYST,0,0,0,0,0,,
ORPHA:353,Gamma-sarcoglycan-related limb-girdle muscular dystrophy R5,snv_fora_do_painel,False,SGCG,89,48,0,0,0,,
ORPHA:353277,Rubinstein-Taybi syndrome due to CREBBP mutations,snv_fora_do_painel,False,CREBBP,251,140,0,0,0,,
ORPHA:353281,Rubinstein-Taybi syndrome due to 16p13.3 microdeletion,sem_variante_patogenica,False,CREBBP,0,0,0,0,0,,
ORPHA:353284,Rubinstein-Taybi syndrome due to EP300 haploinsufficiency,snv_fora_do_painel,False,EP300,142,64,0,0,0,,
ORPHA:353298,Roifman syndrome,snv_fora_do_painel,False,RNU4ATAC,13,13,0,0,0,,
ORPHA:353327,Congenital myasthenic syndrome with glycosylation defect,snv_fora_do_painel,False,ALG14;ALG2;DPAGT1;GFPT1;GMPPB,76,51,0,0,0,,
ORPHA:356,Gerstmann-Straussler-Scheinker syndrome,snv_fora_do_painel,False,PRNP,13,13,0,0,0,,
ORPHA:35612,Nanophthalmos,snv_fora_do_painel,False,ALDH1A3;BEST1;CRB1;MFRP;OTX2;PRSS56;RAX;SIX6;SOX2;TMEM98,25,14,0,0,0,,
ORPHA:35664,ALDH18A1-related De Barsy syndrome,snv_fora_do_painel,False,ALDH18A1,15,10,0,0,0,,
ORPHA:35689,Primary lateral sclerosis,sem_variante_patogenica,False,SPG7,0,0,0,0,0,,
ORPHA:356961,SLC35A2-CDG,snv_fora_do_painel,False,SLC35A2,41,23,0,0,0,,
ORPHA:356996,ANK3-related intellectual disability-sleep disturbance syndrome,snv_fora_do_painel,False,ANK3,8,4,0,0,0,,
ORPHA:35701,3-hydroxy-3-methylglutaryl-CoA synthase deficiency,snv_fora_do_painel,False,HMGCS2,53,42,0,0,0,,
ORPHA:35704,L-Arginine:glycine amidinotransferase deficiency,snv_fora_do_painel,False,GATM,33,21,0,0,0,,
ORPHA:357043,Amyotrophic lateral sclerosis type 4,snv_fora_do_painel,False,SETX,41,21,0,0,0,,
ORPHA:35706,Glutaric acidemia type 3,snv_fora_do_painel,False,SUGCT,4,4,0,0,0,,
ORPHA:357074,"Autosomal recessive cutis laxa type 2, classic type",sem_snv,False,ATP6V0A2;ATP6V1A;ATP6V1E1,1,0,0,0,0,,
ORPHA:35708,Aromatic L-amino acid decarboxylase deficiency,posicao_alelo_diferente,False,DDC,87,67,1,0,0,,
ORPHA:35710,Glucose-galactose malabsorption,snv_fora_do_painel,False,SLC5A1,41,31,0,0,0,,
ORPHA:35737,Morning glory disc anomaly,snv_fora_do_painel,False,PAX6,2,2,0,0,0,,
ORPHA:358,Gitelman syndrome,snv_fora_do_painel,False,CLCNKB;SLC12A3,329,222,0,0,0,,
ORPHA:35858,Imerslund-Gräsbeck syndrome,snv_fora_do_painel,False,AMN;CUBN,144,83,0,0,0,,
ORPHA:35878,Hyperinsulinism-hyperammonemia syndrome,snv_fora_do_painel,False,GLUD1,10,10,0,0,0,,
ORPHA:35909,Combined deficiency of factor V and factor VIII,snv_fora_do_painel,False,LMAN1;MCFD2,20,11,0,0,0,,
ORPHA:36,Acrocallosal syndrome,snv_fora_do_painel,False,GLI3;KIF7,86,49,0,0,0,,
ORPHA:361,Familial glucocorticoid deficiency,snv_fora_do_painel,False,MC2R;MRAP;NNT;STAR;TXNRD2,50,32,0,0,0,,
ORPHA:363400,Progressive encephalopathy-severe neurodegeneration-lipodystrophy syndrome,snv_fora_do_painel,False,BSCL2,17,9,0,0,0,,
ORPHA:363417,Temtamy preaxial brachydactyly syndrome,snv_fora_do_painel,False,CHSY1,7,3,0,0,0,,
ORPHA:363432,Autosomal recessive congenital cerebellar ataxia due to GRID2 deficiency,snv_fora_do_painel,False,GRID2,4,4,0,0,0,,
ORPHA:363444,THOC6-related developmental delay-microcephaly-facial dysmorphism syndrome,snv_fora_do_painel,False,THOC6,21,17,0,0,0,,
ORPHA:363454,BICD2-related autosomal dominant childhood-onset proximal spinal muscular atrophy,snv_fora_do_painel,False,BICD2,17,17,0,0,0,,
ORPHA:363523,Hypohidrosis-enamel hypoplasia-palmoplantar keratoderma-intellectual disability syndrome,snv_fora_do_painel,False,COG6,9,7,0,0,0,,
ORPHA:363528,Intellectual disability-strabismus syndrome,snv_fora_do_painel,False,ADAT3,5,2,0,0,0,,
ORPHA:363549,Acute encephalopathy with biphasic seizures and late reduced diffusion,sem_variante_patogenica,False,ADORA2A,0,0,0,0,0,,
ORPHA:363611,CTCF-related neurodevelopmental disorder,snv_fora_do_painel,False,CTCF,54,31,0,0,0,,
ORPHA:363618,LMNA-related cardiocutaneous progeria syndrome,sem_variante_patogenica,False,LMNA,0,0,0,0,0,,
ORPHA:363623,GMPPB-related limb-girdle muscular dystrophy R19,snv_fora_do_painel,False,GMPPB,44,29,0,0,0,,
ORPHA:363654,X-linked parkinsonism-spasticity syndrome,snv_fora_do_painel,False,ATP6AP2,1,1,0,0,0,,
ORPHA:36367,Distal deletion 1q syndrome,sem_variante_patogenica,False,ZBTB18,0,0,0,0,0,,
ORPHA:363686,Severe intellectual disability-poor language-strabismus-grimacing face-long fingers syndrome,snv_fora_do_painel,False,GATAD2B,64,32,0,0,0,,
ORPHA:363700,Neurofibromatosis type 1 due to NF1 mutation or intragenic deletion,snv_fora_do_painel,False,NF1,3,2,0,0,0,,
ORPHA:363710,Spinocerebellar ataxia type 37,sem_variante_patogenica,False,DAB1,0,0,0,0,0,,
ORPHA:363717,Alexander disease type I,sem_variante_patogenica,False,GFAP,0,0,0,0,0,,
ORPHA:363722,Alexander disease type II,sem_variante_patogenica,False,GFAP,0,0,0,0,0,,
ORPHA:36386,Hereditary sensory and autonomic neuropathy type 1,snv_fora_do_painel,False,ATL1;ATL3;SPTLC1;SPTLC2,23,20,0,0,0,,
ORPHA:36387,Genetic epilepsy with febrile seizure plus,snv_fora_do_painel,False,ADGRV1;CPA6;FGF13;GABRD;GABRG2;HCN1;PRRT2;SCN1A;SCN1B;SCN2A;SCN9A;SLC32A1;STX1B,494,347,0,0,0,,
ORPHA:364028,X-linked intellectual disability due to GRIA3 mutations,snv_fora_do_painel,False,GRIA3,19,16,0,0,0,,
ORPHA:364055,Severe early-childhood-onset retinal dystrophy,snv_fora_do_painel,False,LCA5;LRAT;RPE65;SPATA7,411,342,0,0,0,,
ORPHA:36412,Hypocomplementemic urticarial vasculitis,sem_variante_patogenica,False,DNASE1L3,0,0,0,0,0,,
ORPHA:36426,Stevens-Johnson syndrome,sem_variante_patogenica,False,HLA-B;IKZF1,0,0,0,0,0,,
ORPHA:366,Glycogen storage disease due to glycogen debranching enzyme deficiency,snv_fora_do_painel,False,AGL,462,219,0,0,0,,
ORPHA:368,Glycogen storage disease due to muscle glycogen phosphorylase deficiency,snv_fora_do_painel,False,PYGM,249,136,0,0,0,,
ORPHA:36899,Myoclonus-dystonia syndrome,snv_fora_do_painel,False,DRD2;KCTD17;SGCE;TOR1A,130,56,0,0,0,,
ORPHA:369,Glycogen storage disease due to liver glycogen phosphorylase deficiency,snv_fora_do_painel,False,PYGL,62,41,0,0,0,,
ORPHA:369837,Intellectual disability-seizures-hypophosphatasia-ophthalmic-skeletal anomalies syndrome,snv_fora_do_painel,False,PIGT,23,14,0,0,0,,
ORPHA:369840,TRAPPC11-related limb-girdle muscular dystrophy R18,snv_fora_do_painel,False,TRAPPC11,60,37,0,0,0,,
ORPHA:369847,Intellectual disability-hyperkinetic movement-truncal ataxia syndrome,sem_variante_patogenica,False,TRAPPC11,0,0,0,0,0,,
ORPHA:369873,Obesity due to SIM1 deficiency,sem_snv,False,SIM1,2,0,0,0,0,,
ORPHA:369891,Developmental delay-facial dysmorphism syndrome due to MED13L deficiency,snv_fora_do_painel,False,MED13L,143,56,0,0,0,,
ORPHA:369929,Primary hyperaldosteronism-seizures-neurological abnormalities syndrome,snv_fora_do_painel,False,CACNA1D,5,5,0,0,0,,
ORPHA:369939,Severe motor and intellectual disabilities-sensorineural deafness-dystonia syndrome,snv_fora_do_painel,False,BCAP31,8,5,0,0,0,,
ORPHA:369942,CADDS,snv_fora_do_painel,False,ABCD1;BCAP31,8,5,0,0,0,,
ORPHA:37,Acrodermatitis enteropathica,snv_fora_do_painel,False,SLC39A4,78,35,0,0,0,,
ORPHA:370022,Ataxia-intellectual disability-oculomotor apraxia-cerebellar cysts syndrome,snv_fora_do_painel,False,LAMA1,63,28,0,0,0,,
ORPHA:370097,Oculocutaneous albinism type 6,snv_fora_do_painel,False,SLC24A5,8,6,0,0,0,,
ORPHA:370348,Peripheral primitive neuroectodermal tumor,sem_variante_patogenica,False,FLI1,0,0,0,0,0,,
ORPHA:37042,Immune dysregulation-polyendocrinopathy-enteropathy-X-linked syndrome,snv_fora_do_painel,False,FOXP3,40,27,0,0,0,,
ORPHA:370921,STT3A-CDG,snv_fora_do_painel,False,STT3A,2,2,0,0,0,,
ORPHA:370924,STT3B-CDG,snv_fora_do_painel,False,STT3B,2,2,0,0,0,,
ORPHA:370927,SSR4-CDG,snv_fora_do_painel,False,SSR4,13,6,0,0,0,,
ORPHA:370930,XYLT1-CDG,sem_variante_patogenica,False,XYLT1,0,0,0,0,0,,
ORPHA:370943,Autism spectrum disorder-epilepsy-arthrogryposis syndrome,snv_fora_do_painel,False,SLC35A3,49,23,0,0,0,,
ORPHA:370959,Congenital muscular dystrophy with cerebellar involvement,sem_variante_patogenica,False,FKRP;GMPPB;POMGNT1;POMK;POMT1;POMT2,0,0,0,0,0,,
ORPHA:370968,Congenital muscular dystrophy with intellectual disability,sem_variante_patogenica,False,FKRP;GMPPB;LARGE1;POMT1;POMT2,0,0,0,0,0,,
ORPHA:370980,Congenital muscular dystrophy without intellectual disability,sem_variante_patogenica,False,CRPPA;FKRP;FKTN;POMT1,0,0,0,0,0,,
ORPHA:370997,Muscle-eye-brain disease with bilateral multicystic leucodystrophy,snv_fora_do_painel,False,DAG1,9,4,0,0,0,,
ORPHA:371,Glycogen storage disease due to muscle phosphofructokinase deficiency,snv_fora_do_painel,False,PFKM,89,53,0,0,0,,
ORPHA:371428,Multicentric osteolysis-nodulosis-arthropathy spectrum,snv_fora_do_painel,False,MMP14;MMP2,12,9,0,0,0,,
ORPHA:373,Simpson-Golabi-Behmel syndrome,snv_fora_do_painel,False,GPC3;GPC4,24,13,0,0,0,,
ORPHA:37553,Andersen-Tawil syndrome,snv_fora_do_painel,False,KCNJ2;KCNJ5,54,47,0,0,0,,
ORPHA:376,Gordon syndrome,snv_fora_do_painel,False,PIEZO2,12,8,0,0,0,,
ORPHA:37612,Episodic ataxia type 1,snv_fora_do_painel,False,KCNA1,34,33,0,0,0,,
ORPHA:377,Gorlin syndrome,snv_fora_do_painel,False,PTCH1;PTCH2;SUFU,619,278,0,0,0,,
ORPHA:379,Chronic granulomatous disease,snv_fora_do_painel,False,CYBA;CYBB;CYBC1;NCF1;NCF2;NCF4,340,217,0,0,0,,
ORPHA:38,Acrokeratoelastoidosis of Costa,sem_variante_patogenica,False,CCDC91,0,0,0,0,0,,
ORPHA:380,Greig cephalopolysyndactyly syndrome,snv_fora_do_painel,False,GLI3,100,40,0,0,0,,
ORPHA:382,Guanidinoacetate methyltransferase deficiency,snv_fora_do_painel,False,GAMT,109,70,0,0,0,,
ORPHA:384,Huriez syndrome,snv_fora_do_painel,False,SMARCAD1,3,1,0,0,0,,
ORPHA:388,Hirschsprung disease,snv_fora_do_painel,False,ABCD1;ATP7A;ECE1;EDN3;EDNRB;ERBB2;ERBB3;GDNF;NRTN;RET;SEMA3C;SEMA3D;SMO;SREBF1,50,46,0,0,0,,
ORPHA:38874,Dihydropyrimidinuria,snv_fora_do_painel,False,DPYS,18,17,0,0,0,,
ORPHA:389,Langerhans cell histiocytosis,sem_variante_patogenica,False,BRAF;MAP2K1;NRAS,0,0,0,0,0,,
ORPHA:39041,Omenn syndrome,snv_fora_do_painel,False,ADA;CHD7;DCLRE1C;IL2RG;IL7R;LIG4;PSMB10;RAG1;RAG2;RMRP,168,118,0,0,0,,
ORPHA:39044,Uveal melanoma,snv_fora_do_painel,False,BAP1;CYSLTR2;GNA11;GNAQ;SF3B1,11,7,0,0,0,,
ORPHA:391307,Severe intellectual disability-short stature-behavioral abnormalities-facial dysmorphism syndrome,snv_fora_do_painel,False,TTI2,7,7,0,0,0,,
ORPHA:391372,FOXP1 Syndrome,snv_fora_do_painel,False,FOXP1,104,53,0,0,0,,
ORPHA:391408,Primary microcephaly-mild intellectual disability-young-onset diabetes syndrome,snv_fora_do_painel,False,PPP1R15B;TRMT10A,14,8,0,0,0,,
ORPHA:391411,Atypical juvenile parkinsonism,snv_fora_do_painel,False,DNAJC6;PODXL;SYNJ1,57,35,0,0,0,,
ORPHA:391428,"HSD10 disease, infantile type",sem_variante_patogenica,False,HSD17B10,0,0,0,0,0,,
ORPHA:391457,"HSD10 disease, neonatal type",sem_variante_patogenica,False,HSD17B10,0,0,0,0,0,,
ORPHA:391474,Frontorhiny,snv_fora_do_painel,False,ALX3,8,7,0,0,0,,
ORPHA:391487,STAT1-related autoimmune enteropathy and endocrinopathy-susceptibility to chronic infections syndrome,snv_fora_do_painel,False,STAT1,69,57,0,0,0,,
ORPHA:391641,Feingold syndrome type 1,snv_fora_do_painel,False,MYCN,33,17,0,0,0,,
ORPHA:391646,Feingold syndrome type 2,sem_variante_patogenica,False,MIR17HG,0,0,0,0,0,,
ORPHA:391665,Homozygous familial hypercholesterolemia,posicao_alelo_diferente,False,ABCG5;ABCG8;APOB;LDLR;LDLRAP1;PCSK9,1660,990,2,0,0,,
ORPHA:392,Holt-Oram syndrome,snv_fora_do_painel,False,TBX5,58,43,0,0,0,,
ORPHA:393,"46,XX testicular difference of sex development",sem_variante_patogenica,False,NR0B1;NR5A1;SOX3;SOX9;SRY,0,0,0,0,0,,
ORPHA:394,Homocystinuria due to cystathionine beta-synthase deficiency,snv_fora_do_painel,False,CBS,143,108,0,0,0,,
ORPHA:395,Homocystinuria due to methylene tetrahydrofolate reductase deficiency,snv_fora_do_painel,False,MTHFR,168,115,0,0,0,,
ORPHA:397,Giant cell arteritis,sem_variante_patogenica,False,HLA-B;HLA-DRB1;P4HA2;PTPN22,0,0,0,0,0,,
ORPHA:397590,Silver-Russell syndrome due to a point mutation,sem_variante_patogenica,False,CDKN1C;HMGA2;IGF2;PLAG1,0,0,0,0,0,,
ORPHA:397612,Macrocephaly-developmental delay syndrome,snv_fora_do_painel,False,KPTN,21,10,0,0,0,,
ORPHA:397685,Familial hyperprolactinemia,snv_fora_do_painel,False,PRLR,3,3,0,0,0,,
ORPHA:397709,Intellectual disability-coarse face-macrocephaly-cerebellar hypotrophy syndrome,snv_fora_do_painel,False,SNX14,26,20,0,0,0,,
ORPHA:397715,Joubert syndrome with Jeune asphyxiating thoracic dystrophy,snv_fora_do_painel,False,CSPP1;KIAA0586,130,71,0,0,0,,
ORPHA:397725,COASY protein-associated neurodegeneration,snv_fora_do_painel,False,COASY,20,11,0,0,0,,
ORPHA:397744,MYH14-related peripheral neuropathy-myopathy-hoarseness-hearing loss syndrome,snv_fora_do_painel,False,MYH14,1,1,0,0,0,,
ORPHA:397933,Severe intellectual disability-progressive postnatal microcephaly-midline stereotypic hand movements syndrome,sem_variante_patogenica,False,IQSEC2,0,0,0,0,0,,
ORPHA:397941,MAN1B1-CDG,snv_fora_do_painel,False,MAN1B1,1,1,0,0,0,,
ORPHA:397946,Autosomal spastic paraplegia type 58,snv_fora_do_painel,False,KIF1C,25,16,0,0,0,,
ORPHA:397951,Microcephaly-thin corpus callosum-intellectual disability syndrome,snv_fora_do_painel,False,TAF2,4,4,0,0,0,,
ORPHA:398069,Schaaf-Yang syndrome,snv_fora_do_painel,False,MAGEL2,42,18,0,0,0,,
ORPHA:398079,SIM1-related Prader-Willi-like syndrome,sem_variante_patogenica,False,SIM1,0,0,0,0,0,,
ORPHA:398189,Focal facial dermal dysplasia type IV,snv_fora_do_painel,False,CYP26C1,4,3,0,0,0,,
ORPHA:399,Huntington disease,sem_snv,False,HTT;SLC2A3,4,0,0,0,0,,
ORPHA:399058,Alpha-B crystallin-related late-onset myopathy,snv_fora_do_painel,False,CRYAB,4,2,0,0,0,,
ORPHA:399081,KLHL9-related early-onset distal myopathy,sem_variante_patogenica,False,KLHL9,0,0,0,0,0,,
ORPHA:399086,HNRNPA1-related adult-onset distal myopathy,sem_snv,False,HNRNPA1,1,0,0,0,0,,
ORPHA:399096,Distal anoctaminopathy,snv_fora_do_painel,False,ANO5,27,16,0,0,0,,
ORPHA:399103,Autosomal recessive distal nebulin myopathy,sem_variante_patogenica,False,NEB,0,0,0,0,0,,
ORPHA:399805,Male infertility with azoospermia or oligozoospermia due to single gene mutation,snv_fora_do_painel,False,CATIP;CCDC34;CFTR;CT55;DNAH10;DNHD1;FANCM;FBXO43;GCNA;KLHL10;MEIOB;MOV10L1;MSH5;NANOS1;NR5A1;PDHA2;PNLDC1;RNF212;RPL10L;SHOC1;SOHLH1;SPAG17;SPINK2;STAG3;SYCE1;SYCP3;TAF4B;TDRD9;TERB1;TERB2;TEX11;TEX14;TEX15;XRCC2;ZMYND15;ZSWIM7,56,42,0,0,0,,
ORPHA:40,"Acromesomelic dysplasia, Maroteaux type",snv_fora_do_painel,False,NPR2,70,50,0,0,0,,
ORPHA:401768,Proximal myopathy with extrapyramidal signs,snv_fora_do_painel,False,MICU1,16,11,0,0,0,,
ORPHA:401777,Optic atrophy-intellectual disability syndrome,snv_fora_do_painel,False,NR2F1,62,49,0,0,0,,
ORPHA:401780,Autosomal recessive spastic paraplegia type 61,snv_fora_do_painel,False,ARL6IP1,7,4,0,0,0,,
ORPHA:401785,Autosomal recessive spastic paraplegia type 62,snv_fora_do_painel,False,ERLIN1,2,1,0,0,0,,
ORPHA:401795,Autosomal recessive spastic paraplegia type 59,sem_variante_patogenica,False,USP8,0,0,0,0,0,,
ORPHA:401800,Autosomal recessive spastic paraplegia type 60,sem_variante_patogenica,False,WDR48,0,0,0,0,0,,
ORPHA:401805,Autosomal recessive spastic paraplegia type 63,snv_fora_do_painel,False,AMPD2,25,12,0,0,0,,
ORPHA:401810,Autosomal recessive spastic paraplegia type 64,snv_fora_do_painel,False,ENTPD1,14,11,0,0,0,,
ORPHA:401815,Autosomal recessive spastic paraplegia type 66,sem_variante_patogenica,False,ARSI,0,0,0,0,0,,
ORPHA:401820,Autosomal recessive spastic paraplegia type 67,sem_variante_patogenica,False,PGAP1,0,0,0,0,0,,
ORPHA:401830,Autosomal recessive spastic paraplegia type 69,sem_variante_patogenica,False,RAB3GAP2,0,0,0,0,0,,
ORPHA:401835,Autosomal recessive spastic paraplegia type 70,snv_fora_do_painel,False,MARS1,2,1,0,0,0,,
ORPHA:401840,Autosomal recessive spastic paraplegia type 71,sem_variante_patogenica,False,ZFR,0,0,0,0,0,,
ORPHA:401849,Autosomal spastic paraplegia type 72,snv_fora_do_painel,False,REEP2,3,3,0,0,0,,
ORPHA:401866,Childhood-onset spasticity with hyperglycinemia,snv_fora_do_painel,False,GLRX5,4,2,0,0,0,,
ORPHA:401911,AXIN2-related polyposis,snv_fora_do_painel,False,AXIN2,9,5,0,0,0,,
ORPHA:401945,Moyamoya disease with early-onset achalasia,snv_fora_do_painel,False,GUCY1A1,9,7,0,0,0,,
ORPHA:401973,MEND syndrome,snv_fora_do_painel,False,EBP,7,7,0,0,0,,
ORPHA:401986,1p31p32 microdeletion syndrome,snv_fora_do_painel,False,NFIA,9,5,0,0,0,,
ORPHA:402075,Familial bicuspid aortic valve,sem_variante_patogenica,False,GATA5;NKX2-5;NOTCH1;ROBO4;SMAD6,0,0,0,0,0,,
ORPHA:403,Familial hyperaldosteronism type I,snv_fora_do_painel,False,CYP11B1;CYP11B2,45,36,0,0,0,,
ORPHA:404,Familial hyperaldosteronism type II,snv_fora_do_painel,False,CLCN2,17,13,0,0,0,,
ORPHA:404443,Tatton-Brown-Rahman syndrome,snv_fora_do_painel,False,DNMT3A,121,74,0,0,0,,
ORPHA:404448,Helsmoortel-Van der Aa syndrome,snv_fora_do_painel,False,ADNP,84,29,0,0,0,,
ORPHA:404451,FBLN1-related developmental delay-central nervous system anomaly-syndactyly syndrome,sem_variante_patogenica,False,FBLN1,0,0,0,0,0,,
ORPHA:404454,Alacrimia-choreoathetosis-liver dysfunction syndrome,snv_fora_do_painel,False,NGLY1,40,22,0,0,0,,
ORPHA:404473,Intellectual disability-eye abnormalities-microcephaly-peripheral spasticity syndrome,snv_fora_do_painel,False,CTNNB1,91,43,0,0,0,,
ORPHA:404493,Autosomal recessive cerebellar ataxia-epilepsy-intellectual disability syndrome due to TUD deficiency,snv_fora_do_painel,False,TDP2,6,3,0,0,0,,
ORPHA:404499,Autosomal recessive cerebellar ataxia-epilepsy-intellectual disability syndrome due to RUBCN deficiency,snv_fora_do_painel,False,RUBCN,3,2,0,0,0,,
ORPHA:41,Dyschromatosis symmetrica hereditaria,snv_fora_do_painel,False,ADAR,69,36,0,0,0,,
ORPHA:411493,Pontocerebellar hypoplasia type 10,snv_fora_do_painel,False,CLP1,4,3,0,0,0,,
ORPHA:411511,Angelman syndrome due to a point mutation,sem_variante_patogenica,False,UBE3A,0,0,0,0,0,,
ORPHA:411515,Angelman syndrome due to imprinting defect in 15q11-q13,sem_variante_patogenica,False,ATP10A;SNRPN;UBE3A,0,0,0,0,0,,
ORPHA:411536,Mild phosphoribosylpyrophosphate synthetase superactivity,sem_variante_patogenica,False,PRPS1,0,0,0,0,0,,
ORPHA:411543,Severe phosphoribosylpyrophosphate synthetase superactivity,sem_variante_patogenica,False,PRPS1,0,0,0,0,0,,
ORPHA:411590,Wolfram-like syndrome,snv_fora_do_painel,False,WFS1,59,31,0,0,0,,
ORPHA:411602,Hereditary late-onset Parkinson disease,alelo_patogenico_ensaiado,False,DNAJC13;EIF4G1;GBA1;GIGYF2;LRRK2;SNCA;VPS35,36,34,1,1,0,2,1940
ORPHA:411629,Infantile nephropathic cystinosis,snv_fora_do_painel,False,CTNS,96,56,0,0,0,,
ORPHA:411634,Juvenile nephropathic cystinosis,snv_fora_do_painel,False,CTNS,111,66,0,0,0,,
ORPHA:411641,Ocular cystinosis,snv_fora_do_painel,False,CTNS,115,69,0,0,0,,
ORPHA:411986,Early-onset epileptic encephalopathy-cortical blindness-intellectual disability-facial dysmorphism syndrome,snv_fora_do_painel,False,DOCK7,87,40,0,0,0,,
ORPHA:412,Dysbetalipoproteinemia,snv_fora_do_painel,False,APOE,10,7,0,0,0,,
ORPHA:412057,Autosomal recessive cerebellar ataxia due to STUB1 deficiency,snv_fora_do_painel,False,STUB1,23,18,0,0,0,,
ORPHA:412066,PRKAR1B-related neurodegenerative dementia with intermediate filaments,sem_variante_patogenica,False,PRKAR1B,0,0,0,0,0,,
ORPHA:412069,AHDC1-related intellectual disability-obstructive sleep apnea-mild dysmorphism syndrome,snv_fora_do_painel,False,AHDC1,97,33,0,0,0,,
ORPHA:414,Gyrate atrophy of choroid and retina,snv_fora_do_painel,False,OAT,125,76,0,0,0,,
ORPHA:415,Hyperornithinemia-hyperammonemia-homocitrullinuria syndrome,snv_fora_do_painel,False,SLC25A15,69,39,0,0,0,,
ORPHA:417,Neonatal severe primary hyperparathyroidism,snv_fora_do_painel,False,CASR;TRPV6,44,41,0,0,0,,
ORPHA:41751,Bietti crystalline dystrophy,snv_fora_do_painel,False,CYP4V2,40,28,0,0,0,,
ORPHA:419,Hyperprolinemia type 1,snv_fora_do_painel,False,PRODH,19,11,0,0,0,,
ORPHA:42,Medium chain acyl-CoA dehydrogenase deficiency,snv_fora_do_painel,False,ACADM,321,223,0,0,0,,
ORPHA:420179,Malan overgrowth syndrome,snv_fora_do_painel,False,NFIX,85,43,0,0,0,,
ORPHA:420485,Cranio-cervical dystonia with laryngeal and upper-limb involvement,snv_fora_do_painel,False,ANO3,8,8,0,0,0,,
ORPHA:420492,"Adult-onset cervical dystonia, DYT23 type",sem_variante_patogenica,False,CIZ1,0,0,0,0,0,,
ORPHA:420561,Temple-Baraitser syndrome,snv_fora_do_painel,False,KCNH1,9,9,0,0,0,,
ORPHA:42062,Iminoglycinuria,snv_fora_do_painel,False,SLC36A2;SLC6A18;SLC6A19;SLC6A20,4,4,0,0,0,,
ORPHA:420741,RIDDLE syndrome,snv_fora_do_painel,False,RNF168,11,6,0,0,0,,
ORPHA:423,Malignant hyperthermia of anesthesia,snv_fora_do_painel,False,CACNA1S;RYR1,263,204,0,0,0,,
ORPHA:423275,Spinocerebellar ataxia type 40,snv_fora_do_painel,False,CCDC88C,28,14,0,0,0,,
ORPHA:423296,Spinocerebellar ataxia type 38,snv_fora_do_painel,False,ELOVL5,2,2,0,0,0,,
ORPHA:423461,Mucolipidosis type III alpha/beta,snv_fora_do_painel,False,GNPTAB,278,133,0,0,0,,
ORPHA:423479,X-linked intellectual disability-limb spasticity-retinal dystrophy-arginine vasopressin deficiency,sem_variante_patogenica,False,PRPS1,0,0,0,0,0,,
ORPHA:424,Familial hyperthyroidism due to mutations in TSH receptor,snv_fora_do_painel,False,TSHR,28,24,0,0,0,,
ORPHA:424107,Congenital myopathy with myasthenic-like onset,sem_variante_patogenica,False,RYR1,0,0,0,0,0,,
ORPHA:425,Apolipoprotein A-I deficiency,snv_fora_do_painel,False,ABCA1;APOA1,9,5,0,0,0,,
ORPHA:42665,Tietz syndrome,snv_fora_do_painel,False,MITF,52,29,0,0,0,,
ORPHA:428,Autosomal dominant hypocalcemia,snv_fora_do_painel,False,CASR;GNA11,16,14,0,0,0,,
ORPHA:429,Hypochondroplasia,snv_fora_do_painel,False,FGFR3,28,27,0,0,0,,
ORPHA:431329,Autosomal recessive spastic paraplegia type 57,snv_fora_do_painel,False,TFG,4,4,0,0,0,,
ORPHA:431361,Progressive encephalopathy with leukodystrophy due to DECR deficiency,snv_fora_do_painel,False,NADK2,2,2,0,0,0,,
ORPHA:432,Normosmic congenital hypogonadotropic hypogonadism,snv_fora_do_painel,False,CHD7;DUSP6;FGF17;FGF8;FGFR1;GNRH1;GNRHR;HS6ST1;KISS1;KISS1R;NHLH2;NSMF;PROK2;PROKR2;SPRY4;TAC3;TACR3;WDR11,70,61,0,0,0,,
ORPHA:434179,Orofaciodigital syndrome type 14,snv_fora_do_painel,False,C2CD3,19,12,0,0,0,,
ORPHA:435387,Autosomal dominant Charcot-Marie-Tooth disease type 2Y,snv_fora_do_painel,False,VCP,5,5,0,0,0,,
ORPHA:435628,Keppen-Lubinsky syndrome,snv_fora_do_painel,False,KCNJ6,4,3,0,0,0,,
ORPHA:435638,3p25.3 microdeletion syndrome,sem_variante_patogenica,False,BRPF1;SETD5,0,0,0,0,0,,
ORPHA:435651,CIDEC-related familial partial lipodystrophy,snv_fora_do_painel,False,CIDEC,3,1,0,0,0,,
ORPHA:435660,LIPE-related familial partial lipodystrophy,snv_fora_do_painel,False,LIPE,4,3,0,0,0,,
ORPHA:435804,Short stature-advanced bone age-early-onset osteoarthritis syndrome,sem_snv,False,ACAN,1,0,0,0,0,,
ORPHA:435934,COG2-CDG,snv_fora_do_painel,False,COG2,5,1,0,0,0,,
ORPHA:435938,X-linked microcephaly-growth retardation-prognathism-cryptorchidism syndrome,sem_variante_patogenica,False,RPL10,0,0,0,0,0,,
ORPHA:436141,HIDEA syndrome,sem_variante_patogenica,False,P4HTM,0,0,0,0,0,,
ORPHA:436144,Intrauterine growth restriction-short stature-early adult-onset diabetes syndrome,sem_variante_patogenica,False,CDKN1C,0,0,0,0,0,,
ORPHA:436159,Autoimmune lymphoproliferative syndrome due to CTLA4 haploinsuffiency,snv_fora_do_painel,False,CTLA4,56,37,0,0,0,,
ORPHA:436174,Cataract-growth hormone deficiency-sensory neuropathy-sensorineural hearing loss-skeletal dysplasia syndrome,snv_fora_do_painel,False,IARS2,9,6,0,0,0,,
ORPHA:436182,Microcephalic primordial dwarfism-insulin resistance syndrome,snv_fora_do_painel,False,NSMCE2;XRCC4,15,12,0,0,0,,
ORPHA:436245,Retinitis pigmentosa-juvenile cataract-short stature-intellectual disability syndrome,snv_fora_do_painel,False,RDH11,3,3,0,0,0,,
ORPHA:436252,Combined immunodeficiency-multiple intestinal atresia,snv_fora_do_painel,False,PI4KA;TTC7A,40,30,0,0,0,,
ORPHA:436271,Non-progressive predominantly posterior cavitating leukoencephalopathy with peripheral neuropathy,sem_variante_patogenica,False,COA8,0,0,0,0,0,,
ORPHA:436274,Pseudoxanthoma elasticum-like skin manifestations with retinitis pigmentosa,sem_variante_patogenica,False,GGCX,0,0,0,0,0,,
ORPHA:438114,RARS-related autosomal recessive hypomyelinating leukodystrophy,snv_fora_do_painel,False,RARS1,13,8,0,0,0,,
ORPHA:438134,PCNA-related progressive neurodegenerative photosensitivity syndrome,snv_fora_do_painel,False,PCNA,1,1,0,0,0,,
ORPHA:438178,Fatty acyl-CoA reductase 1 deficiency,snv_fora_do_painel,False,FAR1,6,5,0,0,0,,
ORPHA:438216,PURA-related severe neonatal hypotonia-seizures-encephalopathy syndrome due to a point mutation,snv_fora_do_painel,False,PURA,134,61,0,0,0,,
ORPHA:438274,GCGR-related hyperglucagonemia,snv_fora_do_painel,False,GCGR,6,2,0,0,0,,
ORPHA:439218,KCNQ2-related developmental and epileptic encephalopathy,snv_fora_do_painel,False,KCNQ2,203,173,0,0,0,,
ORPHA:439822,PDE4D haploinsufficiency syndrome,sem_variante_patogenica,False,PDE4D,0,0,0,0,0,,
ORPHA:44,Neonatal adrenoleukodystrophy,snv_fora_do_painel,False,PEX1;PEX10;PEX11B;PEX12;PEX13;PEX14;PEX16;PEX19;PEX2;PEX26;PEX3;PEX5;PEX6,388,189,0,0,0,,
ORPHA:440354,Autosomal dominant myopia-midfacial retrusion-sensorineural hearing loss-rhizomelic dysplasia syndrome,sem_variante_patogenica,False,COL11A1,0,0,0,0,0,,
ORPHA:440437,Familial colorectal cancer Type X,snv_fora_do_painel,False,ATM;BMPR1A;BRCA2;CHEK2;MUTYH;NPAT;POLD1;POLE;RPS20;SEMA4A,27,16,0,0,0,,
ORPHA:440713,Isolated sedoheptulokinase deficiency,sem_variante_patogenica,False,SHPK,0,0,0,0,0,,
ORPHA:442835,Non-specific early-onset epileptic encephalopathy,snv_fora_do_painel,False,AARS1;ACTL6B;AP3B2;ATP1A2;ATP1A3;ATP6V1A;CACNA1A;CACNA1B;CACNA2D1;CDK19;CELF2;CLTC;CNKSR2;CYFIP2;DALRD3;DEPDC5;DHDDS;DNM1;EEF1A2;FBXO28;FGF12;FOXG1;FZR1;GABBR2;GABRA2;GABRA5;GABRB2;GABRG2;GRIN2D;HCN1;KCNA2;KCNB1;KCNC2;KCNH5;NECAP1;NTRK2;NUS1;PACS2;PARS2;PPP3CA;SCN1A;SCN3A;SCN8A;SLC13A5;SLC1A2;SLC38A3;SYNGAP1;SYNJ1;SZT2;TRAK1;UBA5;UFSP2;YWHAG,367,307,0,0,0,,
ORPHA:443167,NUT midline carcinoma,sem_variante_patogenica,False,BRD4;NUTM1,0,0,0,0,0,,
ORPHA:443811,PGM3-CDG,snv_fora_do_painel,False,PGM3,64,28,0,0,0,,
ORPHA:444,Marie Unna hereditary hypotrichosis,snv_fora_do_painel,False,EPS8L3;HR,5,5,0,0,0,,
ORPHA:444013,Combined oxidative phosphorylation defect type 23,snv_fora_do_painel,False,GTPBP3,15,10,0,0,0,,
ORPHA:444072,Cerebellar-facial-dental syndrome,snv_fora_do_painel,False,BRF1,5,3,0,0,0,,
ORPHA:444077,Cognitive impairment-coarse facies-heart defects-obesity-pulmonary involvement-short stature-skeletal dysplasia syndrome,snv_fora_do_painel,False,AFF4,6,6,0,0,0,,
ORPHA:444099,Autosomal dominant spastic paraplegia type 73,snv_fora_do_painel,False,CPT1C,13,10,0,0,0,,
ORPHA:444463,Autoimmune hemolytic anemia-autoimmune thrombocytopenia-primary immunodeficiency syndrome due to TPP2 deficiency,sem_variante_patogenica,False,TPP2,0,0,0,0,0,,
ORPHA:445038,3-methylglutaconic aciduria-neonatal cataract-neurologic involvement-congenital neutropenia syndrome,snv_fora_do_painel,False,CLPB,40,25,0,0,0,,
ORPHA:445062,Juvenile-onset diabetes mellitus-central and peripheral neurodegeneration syndrome,snv_fora_do_painel,False,DNAJC3,9,6,0,0,0,,
ORPHA:447,Paroxysmal nocturnal hemoglobinuria,snv_fora_do_painel,False,PIGA,7,7,0,0,0,,
ORPHA:447753,Autosomal dominant spastic paraplegia type 9A,snv_fora_do_painel,False,ALDH18A1,7,7,0,0,0,,
ORPHA:447757,Autosomal dominant spastic paraplegia type 9B,sem_variante_patogenica,False,ALDH18A1,0,0,0,0,0,,
ORPHA:447760,Autosomal recessive spastic paraplegia type 9B,snv_fora_do_painel,False,ALDH18A1,10,9,0,0,0,,
ORPHA:447877,Polymerase proofreading-related polyposis,snv_fora_do_painel,False,POLD1;POLE,1,1,0,0,0,,
ORPHA:447896,Tremor-ataxia-central hypomyelination syndrome,snv_fora_do_painel,False,POLR3A,59,45,0,0,0,,
ORPHA:447980,19p13.3 microduplication syndrome,sem_variante_patogenica,False,NFIX,0,0,0,0,0,,
ORPHA:447997,Spastic tetraplegia-thin corpus callosum-progressive postnatal microcephaly syndrome,snv_fora_do_painel,False,SLC1A4,18,12,0,0,0,,
ORPHA:44890,Gastrointestinal stromal tumor,snv_fora_do_painel,False,KIT;PDGFRA;SDHA;SDHB;SDHC,351,207,0,0,0,,
ORPHA:45,Adenosine monophosphate deaminase deficiency,snv_fora_do_painel,False,AMPD1;AMPD3,8,5,0,0,0,,
ORPHA:452,X-linked lissencephaly with abnormal genitalia,snv_fora_do_painel,False,ARX,46,16,0,0,0,,
ORPHA:453504,Neurodevelopmental disorder-craniofacial dysmorphism-cardiac defect-skeletal anomalies syndrome due to a point mutation,snv_fora_do_painel,False,HNRNPK,51,28,0,0,0,,
ORPHA:453510,Congenital insensitivity to pain with severe intellectual disability,sem_variante_patogenica,False,CLTCL1,0,0,0,0,0,,
ORPHA:453521,Autosomal recessive cerebellar ataxia due to CWF19L1 deficiency,snv_fora_do_painel,False,CWF19L1,21,14,0,0,0,,
ORPHA:453533,Polyendocrine-polyneuropathy syndrome,sem_snv,False,DMXL2,1,0,0,0,0,,
ORPHA:45358,Congenital fibrosis of extraocular muscles,snv_fora_do_painel,False,COL25A1;KIF21A;PHOX2A;TUBA1A;TUBB2B;TUBB3,3,3,0,0,0,,
ORPHA:45448,Miyoshi myopathy,snv_fora_do_painel,False,DYSF,278,179,0,0,0,,
ORPHA:454840,NTHL1-related polyposis,snv_fora_do_painel,False,NTHL1,65,30,0,0,0,,
ORPHA:455,Superficial epidermolytic ichthyosis,snv_fora_do_painel,False,KRT2,9,9,0,0,0,,
ORPHA:456312,Infantile multisystem neurologic-endocrine-pancreatic disease,snv_fora_do_painel,False,PTRH2,6,4,0,0,0,,
ORPHA:456328,X-linked myotubular myopathy-abnormal genitalia syndrome,sem_variante_patogenica,False,MAMLD1;MTM1,0,0,0,0,0,,
ORPHA:457,Harlequin ichthyosis,snv_fora_do_painel,False,ABCA12,55,36,0,0,0,,
ORPHA:457050,Autosomal dominant mitochondrial myopathy with exercise intolerance,snv_fora_do_painel,False,CHCHD10,5,4,0,0,0,,
ORPHA:457193,KAT6-related intellectual disability-craniofacial anomalies-cardiac defects syndrome,snv_fora_do_painel,False,KAT6A,106,50,0,0,0,,
ORPHA:457212,Progressive essential tremor-speech impairment-facial dysmorphism-intellectual disability-abnormal behavior syndrome,snv_fora_do_painel,False,SLC6A17,2,2,0,0,0,,
ORPHA:457240,X-linked intellectual disability-short stature-overweight syndrome,snv_fora_do_painel,False,THOC2,18,18,0,0,0,,
ORPHA:457260,X-linked intellectual disability-hypotonia-movement disorder syndrome,snv_fora_do_painel,False,DDX3X,158,107,0,0,0,,
ORPHA:457279,Intellectual disability-macrocephaly-hypotonia-behavioral abnormalities syndrome,snv_fora_do_painel,False,PPP2R5D,21,20,0,0,0,,
ORPHA:457284,Microcephaly-corpus callosum hypoplasia-intellectual disability-facial dysmorphism syndrome,snv_fora_do_painel,False,PPP2R1A,20,19,0,0,0,,
ORPHA:457351,Microcephaly-intellectual disability-sensorineural hearing loss-epilepsy-abnormal muscle tone syndrome,snv_fora_do_painel,False,AFG2A,89,55,0,0,0,,
ORPHA:457359,Megalencephaly-severe kyphoscoliosis-overgrowth syndrome,snv_fora_do_painel,False,HERC1,15,10,0,0,0,,
ORPHA:457395,Progressive spondyloepimetaphyseal dysplasia-short stature-short fourth metatarsals-intellectual disability syndrome,snv_fora_do_painel,False,RSPRY1,5,2,0,0,0,,
ORPHA:457485,Macrocephaly-intellectual disability-neurodevelopmental disorder-small thorax syndrome,snv_fora_do_painel,False,MTOR,24,23,0,0,0,,
ORPHA:458798,Spinocerebellar ataxia type 41,sem_variante_patogenica,False,TRPC3,0,0,0,0,0,,
ORPHA:458803,Spinocerebellar ataxia type 42,snv_fora_do_painel,False,CACNA1G,8,8,0,0,0,,
ORPHA:459033,Ataxia-oculomotor apraxia type 4,snv_fora_do_painel,False,PNKP,14,5,0,0,0,,
ORPHA:459056,Autosomal recessive spastic paraplegia type 75,posicao_alelo_diferente,False,MAG,14,9,1,0,0,,
ORPHA:459061,Craniofacial dysplasia-short stature-ectodermal anomalies-intellectual disability syndrome,snv_fora_do_painel,False,DPH1;DPH2,3,2,0,0,0,,
ORPHA:459070,X-linked intellectual disability-cerebellar hypoplasia-spondylo-epiphyseal dysplasia syndrome,sem_variante_patogenica,False,RPL10,0,0,0,0,0,,
ORPHA:46,Adenylosuccinate lyase deficiency,snv_fora_do_painel,False,ADSL,66,57,0,0,0,,
ORPHA:46059,Lathosterolosis,snv_fora_do_painel,False,SC5D,6,6,0,0,0,,
ORPHA:461,Recessive X-linked ichthyosis,snv_fora_do_painel,False,FLG;STS,11,10,0,0,0,,
ORPHA:46348,Paroxysmal extreme pain disorder,snv_fora_do_painel,False,SCN10A;SCN11A;SCN9A,13,12,0,0,0,,
ORPHA:464,Incontinentia pigmenti,snv_fora_do_painel,False,IKBKG,20,11,0,0,0,,
ORPHA:464282,Spastic paraplegia-severe developmental delay-epilepsy syndrome,snv_fora_do_painel,False,HACE1,25,17,0,0,0,,
ORPHA:464288,Short stature-brachydactyly-obesity-global developmental delay syndrome,snv_fora_do_painel,False,PRMT7,37,25,0,0,0,,
ORPHA:464311,Intellectual disability syndrome due to a DYRK1A point mutation,sem_variante_patogenica,False,DYRK1A,0,0,0,0,0,,
ORPHA:464370,Neonatal alloimmune neutropenia,sem_variante_patogenica,False,FCGR3B,0,0,0,0,0,,
ORPHA:464440,"Primary dystonia, DYT27 type",snv_fora_do_painel,False,COL6A3,7,6,0,0,0,,
ORPHA:464738,Basel-Vanagaite-Smirin-Yosef syndrome,snv_fora_do_painel,False,MED25,4,3,0,0,0,,
ORPHA:465,Congenital plasminogen activator inhibitor type 1 deficiency,sem_snv,False,SERPINE1,1,0,0,0,0,,
ORPHA:46532,Hereditary persistence of fetal hemoglobin-beta-thalassemia syndrome,sem_variante_patogenica,False,HBB;HBG1;HBG2;KLF1,0,0,0,0,0,,
ORPHA:465508,Symptomatic form of HFE-related hemochromatosis,snv_fora_do_painel,False,BMP6;HFE,20,15,0,0,0,,
ORPHA:466,Fatal familial insomnia,snv_fora_do_painel,False,PRNP,2,2,0,0,0,,
ORPHA:46627,Char syndrome,snv_fora_do_painel,False,TFAP2B,10,9,0,0,0,,
ORPHA:466650,Exercise-induced malignant hyperthermia,sem_variante_patogenica,False,RYR1,0,0,0,0,0,,
ORPHA:466688,Severe intellectual disability-corpus callosum agenesis-facial dysmorphism-cerebellar ataxia syndrome,snv_fora_do_painel,False,FRMD4A,3,1,0,0,0,,
ORPHA:466722,Autosomal recessive spastic paraplegia type 77,snv_fora_do_painel,False,FARS2,7,5,0,0,0,,
ORPHA:466768,Autosomal dominant Charcot-Marie-Tooth disease type 2Z,snv_fora_do_painel,False,MORC2,21,21,0,0,0,,
ORPHA:466791,Macrocephaly-intellectual disability-left ventricular non compaction syndrome,snv_fora_do_painel,False,NONO,22,9,0,0,0,,
ORPHA:466794,Acute infantile liver failure-cerebellar ataxia-peripheral sensory motor neuropathy syndrome,snv_fora_do_painel,False,SCYL1,25,16,0,0,0,,
ORPHA:466926,Seizures-scoliosis-macrocephaly syndrome,snv_fora_do_painel,False,EXT2,12,10,0,0,0,,
ORPHA:466934,VPS11-related autosomal recessive hypomyelinating leukodystrophy,snv_fora_do_painel,False,VPS11,2,1,0,0,0,,
ORPHA:466950,Facial dysmorphism-developmental delay-behavioral abnormalities syndrome due to WAC point mutation,snv_fora_do_painel,False,WAC,63,28,0,0,0,,
ORPHA:467166,Tubulinopathy-associated dysgyria,snv_fora_do_painel,False,TUBA1A;TUBB2B;TUBB3,6,6,0,0,0,,
ORPHA:468620,Intellectual disability-epilepsy-extrapyramidal syndrome,snv_fora_do_painel,False,DEAF1,16,11,0,0,0,,
ORPHA:468631,Microcephalic cortical malformations-short stature due to RTTN deficiency,snv_fora_do_painel,False,RTTN,27,23,0,0,0,,
ORPHA:468661,Autosomal recessive spastic paraplegia type 74,snv_fora_do_painel,False,IBA57,20,12,0,0,0,,
ORPHA:468678,White-Sutton syndrome,snv_fora_do_painel,False,POGZ,109,48,0,0,0,,
ORPHA:468699,SLC39A8-CDG,snv_fora_do_painel,False,SLC39A8,5,4,0,0,0,,
ORPHA:468726,Severe primary trimethylaminuria,sem_variante_patogenica,False,FMO3,0,0,0,0,0,,
ORPHA:469,Hereditary fructose intolerance,snv_fora_do_painel,False,ALDOB,93,59,0,0,0,,
ORPHA:47,X-linked agammaglobulinemia,snv_fora_do_painel,False,BTK,130,91,0,0,0,,
ORPHA:470,Lysinuric protein intolerance,snv_fora_do_painel,False,SLC7A7,128,53,0,0,0,,
ORPHA:47045,Familial cold urticaria,snv_fora_do_painel,False,NLRP3,40,40,0,0,0,,
ORPHA:474,Jeune syndrome,snv_fora_do_painel,False,CEP120;DYNC2H1;DYNC2I1;DYNC2I2;DYNC2LI1;IFT140;IFT172;IFT80;KIAA0753;TTC21B;WDR19,1077,685,0,0,0,,
ORPHA:475,Isolated Joubert syndrome,snv_fora_do_painel,False,AHI1;ARL13B;ARL3;ARMC9;B9D1;B9D2;CBY1;CEP104;CEP120;CEP41;CPLANE1;CSPP1;HYLS1;IFT74;INPP5E;KATNIP;KIAA0586;KIAA0753;MKS1;OFD1;PDE6D;PIBF1;SUFU;TCTN1;TCTN2;TCTN3;TMEM218;TMEM237;TMEM67;TOGARAM1,2340,1305,0,0,0,,
ORPHA:476126,Micrognathia-recurrent infections-behavioral abnormalities-mild intellectual disability syndrome,snv_fora_do_painel,False,TRIO,67,42,0,0,0,,
ORPHA:477,KID syndrome,snv_fora_do_painel,False,GJB2;GJB6,22,19,0,0,0,,
ORPHA:477673,Postnatal microcephaly-infantile hypotonia-spastic diplegia-dysarthria-intellectual disability syndrome,snv_fora_do_painel,False,GPT2,14,9,0,0,0,,
ORPHA:477774,Combined oxidative phosphorylation defect type 27,snv_fora_do_painel,False,CARS2,6,3,0,0,0,,
ORPHA:477814,Progressive microcephaly-seizures-cortical blindness-developmental delay syndrome,snv_fora_do_painel,False,DIAPH1,45,26,0,0,0,,
ORPHA:477817,PMP22-RAI1 contiguous gene duplication syndrome,sem_variante_patogenica,False,RAI1,0,0,0,0,0,,
ORPHA:477993,Palatal anomalies-widely spaced teeth-facial dysmorphism-developmental delay syndrome,snv_fora_do_painel,False,KDM1A,5,5,0,0,0,,
ORPHA:478,Kallmann syndrome,snv_fora_do_painel,False,ANOS1;CCDC141;CHD7;DCC;DUSP6;FEZF1;FGF17;FGF8;FGFR1;FLRT3;HESX1;HS6ST1;IL17RD;NDNF;PROK2;PROKR2;SEMA3A;SOX10;SPRY4;TACR3;WDR11,301,189,0,0,0,,
ORPHA:478029,Combined oxidative phosphorylation defect type 29,snv_fora_do_painel,False,TXN2,1,1,0,0,0,,
ORPHA:48,Congenital bilateral absence of vas deferens,snv_fora_do_painel,False,ADGRG2;CFTR,272,193,0,0,0,,
ORPHA:480,Kearns-Sayre syndrome,snv_fora_do_painel,False,MT-ATP8;MT-TL1;RRM2B,2,1,0,0,0,,
ORPHA:480536,MSH3-related polyposis,snv_fora_do_painel,False,MSH3,221,93,0,0,0,,
ORPHA:480864,Recurrent metabolic encephalomyopathic crises-rhabdomyolysis-cardiac arrhythmia-intellectual disability syndrome,snv_fora_do_painel,False,TANGO2,18,14,0,0,0,,
ORPHA:480880,X-linked female restricted facial dysmorphism-short stature-choanal atresia-intellectual disability,sem_variante_patogenica,False,USP9X,0,0,0,0,0,,
ORPHA:480898,Global developmental delay-visual anomalies-progressive cerebellar atrophy-truncal hypotonia syndrome,sem_variante_patogenica,False,EMC1,0,0,0,0,0,,
ORPHA:480907,X-linked intellectual disability-global development delay-facial dysmorphism-sacral caudal remnant syndrome,snv_fora_do_painel,False,TAF1,27,27,0,0,0,,
ORPHA:481,Kennedy disease,snv_fora_do_painel,False,AR,161,110,0,0,0,,
ORPHA:481152,PYCR2-related microcephaly-progressive leukoencephalopathy,snv_fora_do_painel,False,PYCR2,25,17,0,0,0,,
ORPHA:482601,Adenylosuccinate synthetase-like 1-related distal myopathy,snv_fora_do_painel,False,ADSS1,10,4,0,0,0,,
ORPHA:48431,Congenital cataracts-facial dysmorphism-neuropathy syndrome,snv_fora_do_painel,False,CTDP1,2,2,0,0,0,,
ORPHA:485,Kniest dysplasia,snv_fora_do_painel,False,COL2A1,19,14,0,0,0,,
ORPHA:485350,CLCN4-related X-linked intellectual disability syndrome,snv_fora_do_painel,False,CLCN4,30,22,0,0,0,,
ORPHA:485421,MFF-related encephalopathy due to mitochondrial and peroxisomal fission defect,snv_fora_do_painel,False,MFF,11,6,0,0,0,,
ORPHA:486,Autosomal dominant severe congenital neutropenia,snv_fora_do_painel,False,CLPB;ELANE;GFI1;SRP19;TCIRG1,2,2,0,0,0,,
ORPHA:486815,Congenital muscular dystrophy-respiratory failure-skin abnormalities-joint hyperlaxity syndrome,snv_fora_do_painel,False,TRIP4,2,1,0,0,0,,
ORPHA:487796,Takenouchi-Kosaki syndrome,snv_fora_do_painel,False,CDC42,11,11,0,0,0,,
ORPHA:487825,Pierpont syndrome,snv_fora_do_painel,False,TBL1XR1,38,29,0,0,0,,
ORPHA:48818,Aceruloplasminemia,snv_fora_do_painel,False,CP,65,38,0,0,0,,
ORPHA:488191,Female infertility due to oocyte meiotic arrest,sem_variante_patogenica,False,PANX1;PATL2;TLE6;TUBB8;WEE2;ZFP36L2,0,0,0,0,0,,
ORPHA:488232,Split-foot malformation-mesoaxial polydactyly syndrome,posicao_alelo_diferente,False,MAP3K20,3,2,1,0,0,,
ORPHA:488333,Autosomal dominant Charcot-Marie-Tooth disease type 2W,snv_fora_do_painel,False,HARS1,5,4,0,0,0,,
ORPHA:488437,SIX2-related frontonasal dysplasia,sem_variante_patogenica,False,SIX2,0,0,0,0,0,,
ORPHA:488594,Autosomal recessive spastic paraplegia type 76,snv_fora_do_painel,False,CAPN1,23,19,0,0,0,,
ORPHA:488613,Global developmental delay-neuro-ophthalmological abnormalities-seizures-intellectual disability syndrome,snv_fora_do_painel,False,GNB1,36,33,0,0,0,,
ORPHA:488618,Transketolase deficiency,snv_fora_do_painel,False,TKT,4,3,0,0,0,,
ORPHA:488627,Severe growth deficiency-strabismus-extensive dermal melanocytosis-intellectual disability syndrome,snv_fora_do_painel,False,PUS3,8,2,0,0,0,,
ORPHA:488632,TBCK-related encephalopathy-severe hypotonia-craniofacial dysmorphism syndrome,snv_fora_do_painel,False,TBCK,68,36,0,0,0,,
ORPHA:488635,Early-onset epilepsy-intellectual disability-brain anomalies syndrome,snv_fora_do_painel,False,PIGG,78,37,0,0,0,,
ORPHA:488642,TELO2-related intellectual disability-neurodevelopmental disorder,snv_fora_do_painel,False,TELO2,14,9,0,0,0,,
ORPHA:488650,"Distal myopathy, Tateyama type",posicao_alelo_diferente,False,CAV3,4,4,1,0,0,,
ORPHA:49382,Achromatopsia,posicao_alelo_diferente,False,ATF6;CNGA3;CNGB3;GNAT2;PDE6C;PDE6H;RPGR,358,237,1,0,0,,
ORPHA:494,Keratoderma hereditarium mutilans,snv_fora_do_painel,False,GJB2,16,12,0,0,0,,
ORPHA:494344,RERE-related neurodevelopmental syndrome,snv_fora_do_painel,False,RERE,43,23,0,0,0,,
ORPHA:494444,DIAPH1-related sensorineural hearing loss-thrombocytopenia syndrome,sem_variante_patogenica,False,DIAPH1,0,0,0,0,0,,
ORPHA:494526,Infantile-onset generalized dyskinesia with orofacial involvement,snv_fora_do_painel,False,PDE10A,10,6,0,0,0,,
ORPHA:494541,Childhood-onset benign chorea with striatal involvement,sem_variante_patogenica,False,PDE10A,0,0,0,0,0,,
ORPHA:495818,9q33.3q34.11 microdeletion syndrome,sem_variante_patogenica,False,LMX1B;STXBP1,0,0,0,0,0,,
ORPHA:495875,Congenital labioscrotal agenesis-cerebellar malformation-corneal dystrophy-facial dysmorphism syndrome,sem_variante_patogenica,False,MAB21L1,0,0,0,0,0,,
ORPHA:496641,Early-onset progressive diffuse brain atrophy-microcephaly-muscle weakness-optic atrophy syndrome,snv_fora_do_painel,False,TBCD,31,23,0,0,0,,
ORPHA:496689,Kyphoscoliosis-lateral tongue atrophy-hereditary spastic paraplegia syndrome,sem_variante_patogenica,False,KY,0,0,0,0,0,,
ORPHA:496756,Early-onset progressive encephalopathy-spastic ataxia-distal spinal muscular atrophy syndrome,sem_variante_patogenica,False,TBCE,0,0,0,0,0,,
ORPHA:496790,Ocular anomalies-axonal neuropathy-developmental delay syndrome,snv_fora_do_painel,False,ATAD3A,10,3,0,0,0,,
ORPHA:497764,Spinocerebellar ataxia type 43,snv_fora_do_painel,False,MME,9,7,0,0,0,,
ORPHA:49827,Thiamine-responsive megaloblastic anemia syndrome,snv_fora_do_painel,False,SLC19A2,26,14,0,0,0,,
ORPHA:498359,Aquagenic palmoplantar keratoderma,sem_variante_patogenica,False,CFTR,0,0,0,0,0,,
ORPHA:5,Long chain 3-hydroxyacyl-CoA dehydrogenase deficiency,snv_fora_do_painel,False,HADHA,203,93,0,0,0,,
ORPHA:500,Noonan syndrome with multiple lentigines,snv_fora_do_painel,False,BRAF;PTPN11;RAF1,83,83,0,0,0,,
ORPHA:500055,Hao-Fountain syndrome due to 16p13.2 microdeletion,sem_variante_patogenica,False,USP7,0,0,0,0,0,,
ORPHA:500095,Tall stature-intellectual disability-renal anomalies syndrome,snv_fora_do_painel,False,FIBP,4,1,0,0,0,,
ORPHA:500144,Early-onset progressive encephalopathy-hearing loss-pons hypoplasia-brain atrophy syndrome,snv_fora_do_painel,False,TRAPPC12,19,9,0,0,0,,
ORPHA:500150,ZTTK syndrome,snv_fora_do_painel,False,SON,74,16,0,0,0,,
ORPHA:500159,Microcephaly-corpus callosum and cerebellar vermis hypoplasia-facial dysmorphism-intellectual disability syndrom,snv_fora_do_painel,False,RAC1,22,22,0,0,0,,
ORPHA:500166,SIN3-related intellectual disability syndrome due to a point mutation,snv_fora_do_painel,False,SIN3A;SIN3B,48,20,0,0,0,,
ORPHA:500180,Childhood-onset motor and cognitive regression syndrome with extrapyramidal movement disorder,snv_fora_do_painel,False,UBTF,3,3,0,0,0,,
ORPHA:500533,Polyhydramnios-megalencephaly-symptomatic epilepsy syndrome,snv_fora_do_painel,False,STRADA,21,12,0,0,0,,
ORPHA:500545,Severe neurodevelopmental disorder with feeding difficulties-stereotypic hand movement-bilateral cataract,snv_fora_do_painel,False,NACC1,2,2,0,0,0,,
ORPHA:501,Lafora disease,snv_fora_do_painel,False,EPM2A;NHLRC1,63,39,0,0,0,,
ORPHA:502,Trichorhinophalangeal syndrome type 2,snv_fora_do_painel,False,EXT1;RAD21;TRPS1,2,1,0,0,0,,
ORPHA:502423,Mitochondrial myopathy-cerebellar ataxia-pigmentary retinopathy syndrome,snv_fora_do_painel,False,MSTO1,14,10,0,0,0,,
ORPHA:502430,Weiss-Kruszka Syndrome,snv_fora_do_painel,False,ZNF462,50,21,0,0,0,,
ORPHA:502434,STAG1-related intellectual disability-facial dysmorphism-gastroesophageal reflux syndrome,snv_fora_do_painel,False,STAG1,23,15,0,0,0,,
ORPHA:50251,Pleural mesothelioma,sem_variante_patogenica,False,BAP1,0,0,0,0,0,,
ORPHA:503,Larsen syndrome,snv_fora_do_painel,False,FLNB,22,21,0,0,0,,
ORPHA:504476,Cerebellar ataxia with neuropathy and bilateral vestibular areflexia syndrome,snv_fora_do_painel,False,RFC1,7,5,0,0,0,,
ORPHA:505,Graham Little-Piccardi-Lassueur syndrome,sem_variante_patogenica,False,HLA-DRA,0,0,0,0,0,,
ORPHA:505216,3-methylglutaconic aciduria type 9,snv_fora_do_painel,False,TIMM50,6,6,0,0,0,,
ORPHA:505237,Early-onset seizures-distal limb anomalies-facial dysmorphism-global developmental delay syndrome,snv_fora_do_painel,False,OTUD6B,14,7,0,0,0,,
ORPHA:505248,Mucopolysaccharidosis-like syndrome with congenital heart defects and hematopoietic disorders,snv_fora_do_painel,False,VPS33A,1,1,0,0,0,,
ORPHA:505652,CDKL5-deficiency disorder,snv_fora_do_painel,False,CDKL5,363,198,0,0,0,,
ORPHA:506,Leigh syndrome,snv_fora_do_painel,False,IARS2,250,148,0,0,0,,
ORPHA:506353,Autosomal recessive complex spastic paraplegia due to Kennedy pathway dysfunction,sem_variante_patogenica,False,SELENOI,0,0,0,0,0,,
ORPHA:506358,Gabriele-de Vries syndrome,snv_fora_do_painel,False,YY1,25,19,0,0,0,,
ORPHA:508,Donohue syndrome,snv_fora_do_painel,False,INSR,20,20,0,0,0,,
ORPHA:508093,MEPAN syndrome,snv_fora_do_painel,False,MECR,11,7,0,0,0,,
ORPHA:50814,Craniolenticulosutural dysplasia,snv_fora_do_painel,False,SEC23A,3,3,0,0,0,,
ORPHA:508488,8q24.3 microdeletion syndrome,snv_fora_do_painel,False,PUF60,68,34,0,0,0,,
ORPHA:508498,Intellectual disability-cardiac anomalies-short stature-joint laxity syndrome,snv_fora_do_painel,False,PUF60,5,3,0,0,0,,
ORPHA:508533,Skeletal dysplasia-T-cell immunodeficiency-developmental delay syndrome,sem_variante_patogenica,False,EXTL3,0,0,0,0,0,,
ORPHA:508542,Congenital progressive bone marrow failure-B-cell immunodeficiency-skeletal dysplasia syndrome,sem_variante_patogenica,False,MYSM1,0,0,0,0,0,,
ORPHA:50942,Striate palmoplantar keratoderma,sem_variante_patogenica,False,DSG1;DSP;KRT1,0,0,0,0,0,,
ORPHA:50943,Keratolytic winter erythema,sem_variante_patogenica,False,CTSB,0,0,0,0,0,,
ORPHA:50944,Schöpf-Schulz-Passarge syndrome,snv_fora_do_painel,False,WNT10A,43,33,0,0,0,,
ORPHA:50945,Blomstrand lethal chondrodysplasia,snv_fora_do_painel,False,PTH1R,9,7,0,0,0,,
ORPHA:51,Aicardi-Goutières syndrome,snv_fora_do_painel,False,ADAR;IFIH1;LSM11;RNASEH2A;RNASEH2B;RNASEH2C;RNU7-1;SAMHD1;TREX1,386,218,0,0,0,,
ORPHA:510,Lesch-Nyhan syndrome,snv_fora_do_painel,False,HPRT1,85,58,0,0,0,,
ORPHA:51083,Congenital short QT syndrome,snv_fora_do_painel,False,CACNA2D1;KCNH2;KCNJ2;KCNQ1;SLC4A3,108,88,0,0,0,,
ORPHA:51188,Ethylmalonic encephalopathy,snv_fora_do_painel,False,ETHE1,84,47,0,0,0,,
ORPHA:51208,Formiminoglutamic aciduria,snv_fora_do_painel,False,FTCD,38,13,0,0,0,,
ORPHA:512260,Congenital cerebellar ataxia due to RNU12 mutation,sem_variante_patogenica,False,RNU12,0,0,0,0,0,,
ORPHA:513436,Autosomal recessive spastic paraplegia type 78,snv_fora_do_painel,False,ATP13A2,72,37,0,0,0,,
ORPHA:513456,Intellectual disability-seizures-abnormal gait-facial dysmorphism syndrome,snv_fora_do_painel,False,WDR26,37,21,0,0,0,,
ORPHA:51608,Generalized arterial calcification of infancy,snv_fora_do_painel,False,ABCC6;ENPP1,127,91,0,0,0,,
ORPHA:51636,WHIM syndrome,snv_fora_do_painel,False,CXCR4,22,5,0,0,0,,
ORPHA:520,Acute promyelocytic leukemia,sem_variante_patogenica,False,BCOR;FIP1L1;IRF2BP2;NABP1;NPM1;NUMA1;PML;PRKAR1A;RARA;STAT3;STAT5B;TBL1XR1;ZBTB16,0,0,0,0,0,,
ORPHA:52022,Potocki-Shaffer syndrome,sem_variante_patogenica,False,ALX4;EXT2;PHF21A,0,0,0,0,0,,
ORPHA:52055,Corpus callosum agenesis-intellectual disability-coloboma-micrognathia syndrome,sem_snv,False,IGBP1,1,0,0,0,0,,
ORPHA:521,Chronic myeloid leukemia,snv_fora_do_painel,False,ABL1;BCR;RUNX1,7,5,0,0,0,,
ORPHA:521258,Xq25 microduplication syndrome,sem_variante_patogenica,False,STAG2,0,0,0,0,0,,
ORPHA:521390,Spastic paraplegia-intellectual disability-nystagmus-obesity syndrome,snv_fora_do_painel,False,KIDINS220,21,12,0,0,0,,
ORPHA:521406,Dystonia-parkinsonism-hypermanganesemia syndrome,snv_fora_do_painel,False,SLC39A14,11,9,0,0,0,,
ORPHA:521411,Autosomal recessive axonal Charcot-Marie-Tooth disease due to copper metabolism defect,sem_variante_patogenica,False,SCO2,0,0,0,0,0,,
ORPHA:521426,PLAA-associated neurodevelopmental disorder,snv_fora_do_painel,False,PLAA,13,9,0,0,0,,
ORPHA:521445,Microcephaly-facial dysmorphism-ocular anomalies-multiple congenital anomalies syndrome,sem_variante_patogenica,False,ADAMTSL1,0,0,0,0,0,,
ORPHA:522077,Infantile hypotonia-oculomotor anomalies-hyperkinetic movements-developmental delay syndrome,snv_fora_do_painel,False,SYT1,17,14,0,0,0,,
ORPHA:523,Hereditary leiomyomatosis and renal cell cancer,snv_fora_do_painel,False,FH,139,86,0,0,0,,
ORPHA:52368,Mohr-Tranebjaerg syndrome,snv_fora_do_painel,False,TIMM8A,22,10,0,0,0,,
ORPHA:524,Li-Fraumeni syndrome,snv_fora_do_painel,False,CDKN2A;CHEK2;MDM2;TP53,808,398,0,0,0,,
ORPHA:52416,Mantle cell lymphoma,snv_fora_do_painel,False,ATM;CCND1;IGH,1,1,0,0,0,,
ORPHA:52417,MALT lymphoma,sem_variante_patogenica,False,BCL10;BIRC3;FOXP1;IGH;MALT1,0,0,0,0,0,,
ORPHA:52427,Retinitis punctata albescens,snv_fora_do_painel,False,PRPH2;RDH5;RHO;RLBP1,63,40,0,0,0,,
ORPHA:52429,Branchiootic syndrome,snv_fora_do_painel,False,EYA1;SIX1,1,1,0,0,0,,
ORPHA:52430,Inclusion body myopathy with Paget disease of bone and frontotemporal dementia,snv_fora_do_painel,False,HNRNPA1;HNRNPA2B1;VCP,25,25,0,0,0,,
ORPHA:52503,X-linked creatine transporter deficiency,snv_fora_do_painel,False,SLC6A8,167,80,0,0,0,,
ORPHA:526,Liddle syndrome,snv_fora_do_painel,False,SCNN1A;SCNN1B;SCNN1G,22,16,0,0,0,,
ORPHA:527497,NKX6-2-related autosomal recessive hypomyelinating leukodystrophy,snv_fora_do_painel,False,NKX6-2,19,11,0,0,0,,
ORPHA:52901,Isolated follicle stimulating hormone deficiency,snv_fora_do_painel,False,FSHB,5,4,0,0,0,,
ORPHA:529665,Neurodevelopmental delay-seizures-ophthalmic anomalies-osteopenia-cerebellar atrophy syndrome,snv_fora_do_painel,False,GPAA1,16,10,0,0,0,,
ORPHA:529962,17q24.2 microdeletion syndrome,sem_variante_patogenica,False,BPTF;PSMD12,0,0,0,0,0,,
ORPHA:529965,Intellectual disability-autism-speech apraxia-craniofacial dysmorphism syndrome,snv_fora_do_painel,False,CHD1,8,5,0,0,0,,
ORPHA:529970,Male infertility due to acephalic spermatozoa,sem_variante_patogenica,False,PMFBP1;SUN5,0,0,0,0,0,,
ORPHA:53,Albers-Schönberg osteopetrosis,snv_fora_do_painel,False,CLCN7,16,15,0,0,0,,
ORPHA:530,Lipoid proteinosis,snv_fora_do_painel,False,ECM1,32,16,0,0,0,,
ORPHA:53035,Caroli disease,snv_fora_do_painel,False,PKHD1,5,5,0,0,0,,
ORPHA:530838,KRT1-related diffuse nonepidermolytic keratoderma,snv_fora_do_painel,False,KRT1,4,3,0,0,0,,
ORPHA:531,Miller-Dieker syndrome,sem_variante_patogenica,False,HIC1;PAFAH1B1;YWHAE,0,0,0,0,0,,
ORPHA:53271,Muenke syndrome,snv_fora_do_painel,False,FGFR3,3,3,0,0,0,,
ORPHA:53351,X-linked dystonia-parkinsonism,sem_variante_patogenica,False,TAF1,0,0,0,0,0,,
ORPHA:534,Oculocerebrorenal syndrome of Lowe,snv_fora_do_painel,False,OCRL,92,65,0,0,0,,
ORPHA:53583,Paroxysmal dystonic choreathetosis with episodic ataxia and spasticity,snv_fora_do_painel,False,SLC2A1,30,21,0,0,0,,
ORPHA:536,Systemic lupus erythematosus,snv_fora_do_painel,False,BANK1;BLK;C4A;C4B;CR2;CTLA4;DNASE1;ETS1;FCGR2B;FCGR3B;HLA-DRB1;IGHG1;IL10;IRAK1;IRF5;ITGAM;JAZF1;KIAA0319L;MECP2;PDCD1;PTPN22;PXK;SPP1;STAT4;TLR7;TNFAIP3;TNFSF4;TNIP1;TREX1;UBE2L3,20,11,0,0,0,,
ORPHA:536467,B3GALT6-related spondylodysplastic Ehlers-Danlos syndrome,snv_fora_do_painel,False,B3GALT6,22,14,0,0,0,,
ORPHA:536516,Myopathic Ehlers-Danlos syndrome,snv_fora_do_painel,False,COL12A1,102,59,0,0,0,,
ORPHA:536532,Classical-like Ehlers-Danlos syndrome type 2,snv_fora_do_painel,False,AEBP1,17,8,0,0,0,,
ORPHA:53693,GRACILE syndrome,snv_fora_do_painel,False,BCS1L,72,49,0,0,0,,
ORPHA:53697,Gnathodiaphyseal dysplasia,snv_fora_do_painel,False,ANO5,143,100,0,0,0,,
ORPHA:538,Lymphangioleiomyomatosis,snv_fora_do_painel,False,TSC1;TSC2,98,60,0,0,0,,
ORPHA:538934,X-linked lymphoproliferative disease due to XIAP deficiency,snv_fora_do_painel,False,XIAP,61,30,0,0,0,,
ORPHA:54,X-linked recessive ocular albinism,snv_fora_do_painel,False,AP3D1;GPR143,30,20,0,0,0,,
ORPHA:540,Familial hemophagocytic lymphohistiocytosis,snv_fora_do_painel,False,PRF1;STX11;STXBP2;UNC13D,419,250,0,0,0,,
ORPHA:541423,Growth delay-intellectual disability-hepatopathy syndrome,snv_fora_do_painel,False,IARS1,15,11,0,0,0,,
ORPHA:542306,GNB5-related intellectual disability-cardiac arrhythmia syndrome,snv_fora_do_painel,False,GNB5,22,17,0,0,0,,
ORPHA:542310,Leukoencephalopathy with calcifications and cysts,snv_fora_do_painel,False,SNORD118,28,20,0,0,0,,
ORPHA:543,Burkitt lymphoma,sem_snv,False,MYC,1,0,0,0,0,,
ORPHA:543470,Optic atrophy-ataxia-peripheral neuropathy-global developmental delay syndrome,snv_fora_do_painel,False,FDXR,2,1,0,0,0,,
ORPHA:544254,SYNGAP1-related developmental and epileptic encephalopathy,snv_fora_do_painel,False,SYNGAP1,315,147,0,0,0,,
ORPHA:544469,PRUNE1-related neurological syndrome,snv_fora_do_painel,False,PRUNE1,18,15,0,0,0,,
ORPHA:544488,Global developmental delay-alopecia-macrocephaly-facial dysmorphism-structural brain anomalies syndrome,snv_fora_do_painel,False,ODC1,10,5,0,0,0,,
ORPHA:544503,RNF13-related severe early-onset epileptic encephalopathy,snv_fora_do_painel,False,RNF13,5,4,0,0,0,,
ORPHA:545,Follicular lymphoma,sem_variante_patogenica,False,BCL2;BCL6;HLA-DRB1;IGH,0,0,0,0,0,,
ORPHA:54595,Craniopharyngioma,sem_snv,False,BRAF;CTNNB1,2,0,0,0,0,,
ORPHA:550,MELAS,snv_fora_do_painel,False,MT-CO1;MT-CO2;MT-CO3;MT-ND1;MT-ND4;MT-ND5;MT-ND6;MT-TF;MT-TH;MT-TL1;MT-TQ;MT-TS1;MT-TS2;MT-TW,50,47,0,0,0,,
ORPHA:551,MERRF,snv_fora_do_painel,False,MT-ND5;MT-RNR1;MT-TF;MT-TH;MT-TK;MT-TL1;MT-TP;MT-TQ;MT-TS1;MT-TS2,11,10,0,0,0,,
ORPHA:552,MODY,snv_fora_do_painel,False,ABCC8;APPL1;BLK;CEL;GCK;HNF1A;HNF4A;INS;KCNJ11;KLF11;NEUROD1;PAX4;PDX1,675,506,0,0,0,,
ORPHA:555877,FLNA-related X-linked myxomatous valvular dysplasia,snv_fora_do_painel,False,FLNA,12,7,0,0,0,,
ORPHA:556030,Early-onset familial hypoaldosteronism,sem_variante_patogenica,False,CYP11B2,0,0,0,0,0,,
ORPHA:55654,Hypotrichosis simplex,snv_fora_do_painel,False,APCDD1;DSG4;LIPH;LPAR6;LSS;RPL21;SNRPE,45,25,0,0,0,,
ORPHA:556955,Pancreatic agenesis-holoprosencephaly syndrome,sem_variante_patogenica,False,CNOT1,0,0,0,0,0,,
ORPHA:557003,Oculoskeletodental syndrome,snv_fora_do_painel,False,PIK3C2A,7,5,0,0,0,,
ORPHA:559,Marinesco-Sjögren syndrome,snv_fora_do_painel,False,SIL1,27,12,0,0,0,,
ORPHA:56,Alkaptonuria,snv_fora_do_painel,False,HGD,247,194,0,0,0,,
ORPHA:560,Marshall syndrome,snv_fora_do_painel,False,COL11A1,23,16,0,0,0,,
ORPHA:561,Marshall-Smith syndrome,snv_fora_do_painel,False,NFIX,62,23,0,0,0,,
ORPHA:562,McCune-Albright syndrome,snv_fora_do_painel,False,GNAS,7,5,0,0,0,,
ORPHA:562528,Congenital limbs-face contractures-hypotonia-developmental delay syndrome,snv_fora_do_painel,False,NALCN,68,64,0,0,0,,
ORPHA:56304,Atelosteogenesis type II,snv_fora_do_painel,False,SLC26A2,150,52,0,0,0,,
ORPHA:56305,Atelosteogenesis type III,snv_fora_do_painel,False,FLNB,6,6,0,0,0,,
ORPHA:563609,Isolated anencephaly,sem_variante_patogenica,False,MTHFR;VANGL2,0,0,0,0,0,,
ORPHA:563612,Isolated exencephaly,sem_variante_patogenica,False,MTHFR;VANGL2,0,0,0,0,0,,
ORPHA:564,Meckel syndrome,snv_fora_do_painel,False,B9D1;B9D2;CC2D2A;CEP290;CSPP1;MKS1;RPGRIP1;RPGRIP1L;TCTN1;TCTN2;TCTN3;TMEM107;TMEM216;TMEM231;TMEM237;TMEM67;TXNDC15,1722,958,0,0,0,,
ORPHA:564178,Primary hypomagnesemia-refractory seizures-intellectual disability syndrome,sem_variante_patogenica,False,ATP1A1,0,0,0,0,0,,
ORPHA:565,Menkes disease,snv_fora_do_painel,False,ATP7A,159,113,0,0,0,,
ORPHA:565612,Primary triglyceride deposit cardiomyovasculopathy,sem_variante_patogenica,False,PNPLA2,0,0,0,0,0,,
ORPHA:565624,Combined oxidative phosphorylation defect type 39,snv_fora_do_painel,False,GFM2,10,6,0,0,0,,
ORPHA:566243,Resistance to thyroid hormone due to a mutation in thyroid hormone receptor beta,snv_fora_do_painel,False,THRB,1,1,0,0,0,,
ORPHA:567,22q11.2 deletion syndrome,snv_fora_do_painel,False,ARVCF;COMT;GP1BB;HIRA;JMJD1C;RREB1;SEC24C;TBX1;UFD1,34,16,0,0,0,,
ORPHA:568,"Microphthalmia, Lenz type",snv_fora_do_painel,False,BCOR;NAA10,6,6,0,0,0,,
ORPHA:568051,GJC2-related late-onset primary lymphedema,sem_variante_patogenica,False,GJC2,0,0,0,0,0,,
ORPHA:569,Familial or sporadic hemiplegic migraine,snv_fora_do_painel,False,ATP1A2;CACNA1A;PRRT2;SCN1A,147,131,0,0,0,,
ORPHA:57,Glycogen storage disease due to aldolase A deficiency,snv_fora_do_painel,False,ALDOA,11,7,0,0,0,,
ORPHA:570,Moebius syndrome,snv_fora_do_painel,False,PLXND1;REV3L,2,2,0,0,0,,
ORPHA:570422,Galactose mutarotase deficiency,snv_fora_do_painel,False,GALM,4,2,0,0,0,,
ORPHA:572,Immunodeficiency by defective expression of MHC class II,snv_fora_do_painel,False,CIITA;RFX5;RFXANK;RFXAP,181,87,0,0,0,,
ORPHA:572013,Posterior-predominant lissencephaly-broad flat pons and medulla-midline crossing defects syndrome,snv_fora_do_painel,False,CEP85L;MACF1,17,14,0,0,0,,
ORPHA:572333,Blepharophimosis-ptosis-epicanthus inversus syndrome plus,sem_variante_patogenica,False,FOXL2,0,0,0,0,0,,
ORPHA:572798,WARS2-related combined oxidative phosphorylation defect,snv_fora_do_painel,False,WARS2,12,10,0,0,0,,
ORPHA:573,Monilethrix,snv_fora_do_painel,False,DSG4;KRT81;KRT83;KRT86,7,7,0,0,0,,
ORPHA:575,Muckle-Wells syndrome,snv_fora_do_painel,False,NLRP3,12,12,0,0,0,,
ORPHA:576,Mucolipidosis type II,snv_fora_do_painel,False,GNPTAB,325,142,0,0,0,,
ORPHA:576283,SATB2-associated syndrome due to a pathogenic variant,sem_variante_patogenica,False,SATB2,0,0,0,0,0,,
ORPHA:57782,Mazabraud syndrome,sem_variante_patogenica,False,GNAS,0,0,0,0,0,,
ORPHA:578,Mucolipidosis type IV,snv_fora_do_painel,False,MCOLN1,111,59,0,0,0,,
ORPHA:584,Mucopolysaccharidosis type 7,snv_fora_do_painel,False,GUSB,103,64,0,0,0,,
ORPHA:585,Multiple sulfatase deficiency,snv_fora_do_painel,False,SUMF1,130,85,0,0,0,,
ORPHA:586,Cystic fibrosis,posicao_alelo_diferente,False,CEACAM3;CEACAM6;CFTR;CLCA4;DCTN4;EDNRA;GCLC;GSTM3;HFE;HMOX1;KCNN4;MIF;SERPINA1;SLC11A1;SLC26A9;SLC6A14;SLC9A3;STX1A;TGFB1,1147,664,2,0,0,,
ORPHA:588,Muscle-eye-brain disease,snv_fora_do_painel,False,B3GALNT2;CRPPA;FKRP;FKTN;GMPPB;LARGE1;POMGNT1;POMT1;POMT2,478,284,0,0,0,,
ORPHA:589618,Dystonia 28,snv_fora_do_painel,False,KMT2B,51,27,0,0,0,,
ORPHA:589821,Congenital-onset Steinert myotonic dystrophy,sem_variante_patogenica,False,DMPK,0,0,0,0,0,,
ORPHA:589905,PHIP-related behavioral problems-intellectual disability-obesity-dysmorphic features syndrome,snv_fora_do_painel,False,PHIP,99,64,0,0,0,,
ORPHA:59,Allan-Herndon-Dudley syndrome,snv_fora_do_painel,False,SLC16A2,65,39,0,0,0,,
ORPHA:59135,Laing distal myopathy,snv_fora_do_painel,False,MYH7,37,32,0,0,0,,
ORPHA:59181,Sorsby fundus dystrophy,snv_fora_do_painel,False,TIMP3,4,4,0,0,0,,
ORPHA:592574,Menke-Hennekam syndrome,snv_fora_do_painel,False,CREBBP,1,1,0,0,0,,
ORPHA:59303,Neonatal ichthyosis-sclerosing cholangitis syndrome,snv_fora_do_painel,False,CLDN1,6,3,0,0,0,,
ORPHA:596,X-linked centronuclear myopathy,snv_fora_do_painel,False,MTM1,205,140,0,0,0,,
ORPHA:597,Central core disease,snv_fora_do_painel,False,RYR1,143,116,0,0,0,,
ORPHA:599373,STXBP1-related encephalopathy,snv_fora_do_painel,False,STXBP1,156,118,0,0,0,,
ORPHA:6,3-methylcrotonyl-CoA carboxylase deficiency,posicao_alelo_diferente,False,MCCC1;MCCC2,342,210,1,0,0,,
ORPHA:60,Alpha-1-antitrypsin deficiency,alelo_patogenico_ensaiado,False,SERPINA1,61,38,2,1,0,2,17967
ORPHA:600,Vocal cord and pharyngeal distal myopathy,snv_fora_do_painel,False,MATR3,1,1,0,0,0,,
ORPHA:60015,Enlarged parietal foramina,snv_fora_do_painel,False,ALX4;MSX2,20,9,0,0,0,,
ORPHA:60025,Pulmonary alveolar microlithiasis,snv_fora_do_painel,False,SLC34A2,10,5,0,0,0,,
ORPHA:60030,Loeys-Dietz syndrome,snv_fora_do_painel,False,IPO8;SMAD2;SMAD3;TGFB2;TGFB3;TGFBR1;TGFBR2,60,51,0,0,0,,
ORPHA:60033,Idiopathic bronchiectasis,snv_fora_do_painel,False,CFTR;SCNN1A;SCNN1B;SCNN1G,451,303,0,0,0,,
ORPHA:60040,Megalencephaly-capillary malformation-polymicrogyria syndrome,snv_fora_do_painel,False,PIK3CA,37,36,0,0,0,,
ORPHA:602,GNE myopathy,snv_fora_do_painel,False,GNE,169,111,0,0,0,,
ORPHA:603,"Distal myopathy, Welander type",snv_fora_do_painel,False,SQSTM1;TIA1,1,1,0,0,0,,
ORPHA:606,Proximal myotonic myopathy,sem_variante_patogenica,False,CNBP,0,0,0,0,0,,
ORPHA:609,Tibial muscular dystrophy,snv_fora_do_painel,False,TTN,33,19,0,0,0,,
ORPHA:610,Bethlem muscular dystrophy,snv_fora_do_painel,False,COL12A1;COL6A1;COL6A2;COL6A3,550,361,0,0,0,,
ORPHA:614,Thomsen and Becker disease,snv_fora_do_painel,False,CLCN1,312,210,0,0,0,,
ORPHA:615,Familial atrial myxoma,snv_fora_do_painel,False,PRKAR1A,5,3,0,0,0,,
ORPHA:618,Familial melanoma,snv_fora_do_painel,False,ACD;BAP1;CDK4;CDKN2A;CDKN2B;MC1R;MGMT;MITF;POT1;TERF2IP;TERT,286,157,0,0,0,,
ORPHA:62,Alpha-sarcoglycan-related limb-girdle muscular dystrophy R3,snv_fora_do_painel,False,SGCA,155,99,0,0,0,,
ORPHA:621,Autosomal recessive methemoglobinemia,snv_fora_do_painel,False,CYB5A;CYB5R3,20,17,0,0,0,,
ORPHA:624,Familial multiple nevi flammei,snv_fora_do_painel,False,GNAQ,1,1,0,0,0,,
ORPHA:626,Large/giant congenital melanocytic nevus,snv_fora_do_painel,False,ALK;BRAF;NRAS;RAF1;SOX5;ZEB2,4,4,0,0,0,,
ORPHA:627,Nance-Horan syndrome,snv_fora_do_painel,False,NHS,54,23,0,0,0,,
ORPHA:628,Diastrophic dysplasia,snv_fora_do_painel,False,SLC26A2,160,59,0,0,0,,
ORPHA:63260,Craniorachischisis,sem_variante_patogenica,False,DACT1,0,0,0,0,0,,
ORPHA:63273,FLNC-related handgrip and calf weakness-distal myopathy,snv_fora_do_painel,False,FLNC,453,193,0,0,0,,
ORPHA:633,Laron syndrome,snv_fora_do_painel,False,GHR,26,21,0,0,0,,
ORPHA:634,Netherton syndrome,snv_fora_do_painel,False,SPINK5,60,34,0,0,0,,
ORPHA:63442,Angel-shaped phalango-epiphyseal dysplasia,sem_variante_patogenica,False,GDF5,0,0,0,0,0,,
ORPHA:63446,Acrocapitofemoral dysplasia,snv_fora_do_painel,False,IHH,5,5,0,0,0,,
ORPHA:635,Neuroblastoma,snv_fora_do_painel,False,ALK;HACE1;LIN28B;LMO1;MYCN;PHOX2B,25,18,0,0,0,,
ORPHA:637,Full NF2-related schwannomatosis,snv_fora_do_painel,False,NF2,219,124,0,0,0,,
ORPHA:638,Neurofibromatosis-Noonan syndrome,snv_fora_do_painel,False,MAP2K2;NF1,145,91,0,0,0,,
ORPHA:64,Alström syndrome,snv_fora_do_painel,False,ALMS1,820,354,0,0,0,,
ORPHA:640,Hereditary neuropathy with liability to pressure palsies,snv_fora_do_painel,False,PMP22,7,5,0,0,0,,
ORPHA:642,Hereditary sensory and autonomic neuropathy type 4,snv_fora_do_painel,False,NTRK1,187,104,0,0,0,,
ORPHA:64280,Childhood absence epilepsy,snv_fora_do_painel,False,CACNA1H;GABRA1;GABRB3;GABRG2;JRK,180,135,0,0,0,,
ORPHA:643,Giant axonal neuropathy,snv_fora_do_painel,False,GAN,51,33,0,0,0,,
ORPHA:644,NARP syndrome,snv_fora_do_painel,False,MT-ATP6,7,5,0,0,0,,
ORPHA:647,Nijmegen breakage syndrome,snv_fora_do_painel,False,NBN,413,173,0,0,0,,
ORPHA:64739,Ovarian hyperstimulation syndrome,snv_fora_do_painel,False,FSHR,8,8,0,0,0,,
ORPHA:64752,Hereditary sensory and autonomic neuropathy type 5,snv_fora_do_painel,False,NGF;NTRK1,4,3,0,0,0,,
ORPHA:64753,Spinocerebellar ataxia with axonal neuropathy type 2,snv_fora_do_painel,False,PIK3R5;SETX,75,30,0,0,0,,
ORPHA:64754,Nevus comedonicus syndrome,sem_variante_patogenica,False,NEK9,0,0,0,0,0,,
ORPHA:64755,Becker nevus syndrome,snv_fora_do_painel,False,ACTB,1,1,0,0,0,,
ORPHA:647799,MYT1L-related developmental delay-intellectual disability-obesity syndrome,sem_variante_patogenica,False,MYT1L,0,0,0,0,0,,
ORPHA:648,Noonan syndrome,snv_fora_do_painel,False,BRAF;CBL;KRAS;LZTR1;MRAS;NRAS;PTPN11;RAF1;RASA2;RIT1;RRAS;RRAS2;SOS1;SOS2;SPRED2,457,406,0,0,0,,
ORPHA:649,Norrie disease,snv_fora_do_painel,False,NDP,32,27,0,0,0,,
ORPHA:65,Leber congenital amaurosis,snv_fora_do_painel,False,AIPL1;CEP290;CRB1;CRX;GDF6;GUCY2D;IFT140;IMPDH1;IQCB1;KCNJ13;LCA5;LRAT;NMNAT1;PCYT1A;RD3;RDH12;RPE65;RPGRIP1;SPATA7;TUBB4B;TULP1;USP45,1939,1159,0,0,0,,
ORPHA:652,Multiple endocrine neoplasia type 1,snv_fora_do_painel,False,CDKN1B;CDKN2B;MEN1,496,255,0,0,0,,
ORPHA:65282,Carvajal syndrome,snv_fora_do_painel,False,DSP,591,251,0,0,0,,
ORPHA:65285,Lhermitte-Duclos disease,snv_fora_do_painel,False,PTEN,2,2,0,0,0,,
ORPHA:65287,Beta-ureidopropionase deficiency,snv_fora_do_painel,False,UPB1,13,10,0,0,0,,
ORPHA:65288,Permanent neonatal diabetes mellitus-pancreatic and cerebellar agenesis syndrome,snv_fora_do_painel,False,PTF1A,4,2,0,0,0,,
ORPHA:654,Nephroblastoma,snv_fora_do_painel,False,BRCA2;CTR9;DIS3L2;GPC3;H19;POU6F2;REST;TRIM28;TRIP13;WT1,130,73,0,0,0,,
ORPHA:656,Hereditary steroid-resistant nephrotic syndrome,snv_fora_do_painel,False,ACTN4;ANKFY1;ANLN;APOL1;ARHGAP24;ARHGDIA;AVIL;CD2AP;COL4A3;COQ8B;CRB2;DAAM2;EMP2;GAPVD1;INF2;KANK2;LAMA5;MAGI2;MYO1E;NPHS1;NPHS2;NUP107;NUP133;NUP160;NUP205;NUP37;NUP85;NUP93;PAX2;PLCE1;PTPRO;TBC1D8B;TRPC6;WT1,419,291,0,0,0,,
ORPHA:65684,Monomelic amyotrophy,snv_fora_do_painel,False,CEP126;CPLANE1,1,1,0,0,0,,
ORPHA:65759,Carpenter syndrome,snv_fora_do_painel,False,MEGF8;RAB23,78,43,0,0,0,,
ORPHA:659,Mutilating palmoplantar keratoderma with periorificial keratotic plaques,snv_fora_do_painel,False,MBTPS2;PERP;TRPV3,7,7,0,0,0,,
ORPHA:661,Congenital central hypoventilation syndrome,snv_fora_do_painel,False,BDNF;EDN3;GDNF;LBX1;MYO1H;PHOX2B,24,3,0,0,0,,
ORPHA:663,Mitochondrial DNA-related progressive external ophthalmoplegia,sem_variante_patogenica,False,MT-TL1;MT-TL2;MT-TN;MT-TS1,0,0,0,0,0,,
ORPHA:664,Ornithine transcarbamylase deficiency,snv_fora_do_painel,False,OTC,226,192,0,0,0,,
ORPHA:66628,Obesity due to congenital leptin deficiency,snv_fora_do_painel,False,LEP,6,5,0,0,0,,
ORPHA:66629,Goldberg-Shprintzen megacolon syndrome,snv_fora_do_painel,False,KIFBP,17,8,0,0,0,,
ORPHA:66631,CEDNIK syndrome,snv_fora_do_painel,False,SNAP29,10,6,0,0,0,,
ORPHA:66634,Dilated cardiomyopathy with ataxia,snv_fora_do_painel,False,DNAJC19,20,9,0,0,0,,
ORPHA:66637,Diaphanospondylodysostosis,snv_fora_do_painel,False,BMPER,11,9,0,0,0,,
ORPHA:667,Autosomal recessive malignant osteopetrosis,snv_fora_do_painel,False,CLCN7;SNX10;TCIRG1;TNFSF11,197,116,0,0,0,,
ORPHA:668,Osteosarcoma,snv_fora_do_painel,False,CHEK2;RB1;TP53,46,35,0,0,0,,
ORPHA:67036,Autosomal dominant optic atrophy and cataract,snv_fora_do_painel,False,OPA3,16,13,0,0,0,,
ORPHA:67041,Hyaluronidase deficiency,snv_fora_do_painel,False,HYAL1,53,21,0,0,0,,
ORPHA:67042,Late-onset retinal degeneration,snv_fora_do_painel,False,C1QTNF5,4,3,0,0,0,,
ORPHA:67044,Thrombocytopenia with congenital dyserythropoietic anemia,snv_fora_do_painel,False,GATA1,13,11,0,0,0,,
ORPHA:67045,X-linked intellectual disability with isolated growth hormone deficiency,sem_snv,False,SOX3,1,0,0,0,0,,
ORPHA:67046,3-methylglutaconic aciduria type 1,snv_fora_do_painel,False,AUH,27,16,0,0,0,,
ORPHA:67047,3-methylglutaconic aciduria type 3,snv_fora_do_painel,False,MICOS13;OPA3,26,14,0,0,0,,
ORPHA:672,Pallister-Hall syndrome,snv_fora_do_painel,False,GLI3,90,35,0,0,0,,
ORPHA:676,Autosomal dominant hereditary chronic pancreatitis,posicao_alelo_diferente,False,CASR;CPA1;CTRC;PRSS1;PRSS2;TRPV6,260,185,1,0,0,,
ORPHA:678,Papillon-Lefèvre syndrome,snv_fora_do_painel,False,CTSC,83,51,0,0,0,,
ORPHA:681,Hypokalemic periodic paralysis,snv_fora_do_painel,False,CACNA1S;KCNE3;SCN4A,123,82,0,0,0,,
ORPHA:682,Hyperkalemic periodic paralysis,snv_fora_do_painel,False,SCN4A,113,94,0,0,0,,
ORPHA:684,Paramyotonia congenita of Von Eulenburg,snv_fora_do_painel,False,SCN4A,22,22,0,0,0,,
ORPHA:685082,Pediatric acute respiratory distress syndrome,sem_variante_patogenica,False,ABCA3;SFTPB;SFTPC,0,0,0,0,0,,
ORPHA:69063,Congenital membranous nephropathy due to fetomaternal anti-neutral endopeptidase alloimmunization,snv_fora_do_painel,False,MME,1,1,0,0,0,,
ORPHA:69076,Familial renal glucosuria,snv_fora_do_painel,False,SLC5A2,50,36,0,0,0,,
ORPHA:69085,Limb-mammary syndrome,snv_fora_do_painel,False,TP63,4,2,0,0,0,,
ORPHA:69087,Naegeli-Franceschetti-Jadassohn syndrome,snv_fora_do_painel,False,KRT14,2,1,0,0,0,,
ORPHA:69126,PAPA syndrome,snv_fora_do_painel,False,PSTPIP1,3,3,0,0,0,,
ORPHA:693661,Activated PI3K-delta syndrome 1,snv_fora_do_painel,False,PIK3CD,28,18,0,0,0,,
ORPHA:693681,Activated PI3K-delta syndrome 2,snv_fora_do_painel,False,PIK3R1,34,23,0,0,0,,
ORPHA:69663,Low phospholipid-associated cholelithiasis,snv_fora_do_painel,False,ABCB4,74,50,0,0,0,,
ORPHA:69665,Intrahepatic cholestasis of pregnancy,snv_fora_do_painel,False,ABCB11;ABCB4;ATP8B1;NR1H4,67,49,0,0,0,,
ORPHA:697160,Infantile epileptic spasms syndrome,snv_fora_do_painel,False,ARX;CDKL5;CNPY3;GRIN2B;GUF1;NTRK2;PHACTR1;PIGA;PLCB1;SCN2A;SIK1;SPTAN1;WDR45,38,33,0,0,0,,
ORPHA:69735,Hypotrichosis-lymphedema-telangiectasia-renal defect syndrome,snv_fora_do_painel,False,SOX18,6,5,0,0,0,,
ORPHA:7,3C syndrome,snv_fora_do_painel,False,CCDC22;DPYSL5;VPS35L;WASHC5,35,24,0,0,0,,
ORPHA:701,Alopecia universalis,snv_fora_do_painel,False,HR,8,5,0,0,0,,
ORPHA:703,Bullous pemphigoid,sem_variante_patogenica,False,HLA-DQB1;HLA-DRB1,0,0,0,0,0,,
ORPHA:70472,"Congenital lactic acidosis, Saguenay-Lac-Saint-Jean type",snv_fora_do_painel,False,LRPPRC,118,67,0,0,0,,
ORPHA:705,Pendred syndrome,snv_fora_do_painel,False,FOXI1;KCNJ10;SLC26A4,294,232,0,0,0,,
ORPHA:70567,Cholangiocarcinoma,sem_variante_patogenica,False,BRCA1;BRCA2;PTPN3;ROS1,0,0,0,0,0,,
ORPHA:70592,Transient predisposition to invasive pyogenic bacterial infection,snv_fora_do_painel,False,IRAK4;MYD88,34,16,0,0,0,,
ORPHA:70594,Dopa-responsive dystonia due to sepiapterin reductase deficiency,snv_fora_do_painel,False,SPR,23,15,0,0,0,,
ORPHA:70595,Sensory ataxic neuropathy-dysarthria-ophthalmoparesis syndrome,snv_fora_do_painel,False,POLG;TWNK,75,56,0,0,0,,
ORPHA:708,Peters anomaly,snv_fora_do_painel,False,CYP1B1;FOXC1;FOXE3;PAX6;PITX2,183,106,0,0,0,,
ORPHA:709,Peters plus syndrome,snv_fora_do_painel,False,B3GLCT,16,12,0,0,0,,
ORPHA:71,Chylomicron retention disease,snv_fora_do_painel,False,SAR1B,13,8,0,0,0,,
ORPHA:712,Hemolytic anemia due to glucophosphate isomerase deficiency,snv_fora_do_painel,False,GPI,27,20,0,0,0,,
ORPHA:71212,Hyperinsulinism due to short chain 3-hydroxylacyl-CoA dehydrogenase deficiency,snv_fora_do_painel,False,HADH,25,12,0,0,0,,
ORPHA:71275,Rh deficiency syndrome,snv_fora_do_painel,False,RHAG;RHCE;RHD,1,1,0,0,0,,
ORPHA:71277,Classic glucose transporter type 1 deficiency syndrome,snv_fora_do_painel,False,SLC2A1,104,75,0,0,0,,
ORPHA:71289,Radio-ulnar synostosis-amegakaryocytic thrombocytopenia syndrome,snv_fora_do_painel,False,HOXA11;MECOM,14,10,0,0,0,,
ORPHA:713,Glycogen storage disease due to phosphoglycerate kinase 1 deficiency,snv_fora_do_painel,False,PGK1,12,11,0,0,0,,
ORPHA:714652,PCDH19 clustering epilepsy,sem_variante_patogenica,False,PCDH19,0,0,0,0,0,,
ORPHA:71493,Familial thrombocytosis,sem_variante_patogenica,False,JAK2;MPL;THPO,0,0,0,0,0,,
ORPHA:715,Glycogen storage disease due to muscle phosphorylase kinase deficiency,snv_fora_do_painel,False,PHKA1;PHKG1,40,31,0,0,0,,
ORPHA:71517,Rapid-onset dystonia-parkinsonism,snv_fora_do_painel,False,ATP1A3,104,89,0,0,0,,
ORPHA:71518,Benign paroxysmal torticollis of infancy,sem_variante_patogenica,False,CACNA1A,0,0,0,0,0,,
ORPHA:71526,Obesity due to pro-opiomelanocortin deficiency,snv_fora_do_painel,False,POMC,11,8,0,0,0,,
ORPHA:71528,Obesity due to prohormone convertase I deficiency,snv_fora_do_painel,False,PCSK1,21,16,0,0,0,,
ORPHA:71529,Obesity due to melanocortin 4 receptor deficiency,snv_fora_do_painel,False,MC4R,35,25,0,0,0,,
ORPHA:718,Isolated Pierre Robin sequence,snv_fora_do_painel,False,SOX9,3,3,0,0,0,,
ORPHA:721,Gray platelet syndrome,snv_fora_do_painel,False,NBEAL2,40,30,0,0,0,,
ORPHA:722,Hypoplasminogenemia,snv_fora_do_painel,False,PLG,13,11,0,0,0,,
ORPHA:725,Developmental and epileptic encephalopathy with spike-wave activation in sleep,snv_fora_do_painel,False,FRRS1L;GRIN2A,224,157,0,0,0,,
ORPHA:726,Alpers-Huttenlocher syndrome,alelo_patogenico_ensaiado,False,POLG,307,201,1,1,0,2,5849
ORPHA:729,Polycythemia vera,snv_fora_do_painel,False,JAK2,2,2,0,0,0,,
ORPHA:730,Autosomal dominant polycystic kidney disease,snv_fora_do_painel,False,ALG5;ALG9;BICC1;DNAJB11;GANAB;IFT140;NEK8;PKD1;PKD2,227,126,0,0,0,,
ORPHA:731,Autosomal recessive polycystic kidney disease,snv_fora_do_painel,False,DZIP1L;PKHD1,1123,612,0,0,0,,
ORPHA:73224,Kidney tubulopathy-dilated cardiomyopathy syndrome,sem_variante_patogenica,False,RRAGD,0,0,0,0,0,,
ORPHA:73229,HANAC syndrome,snv_fora_do_painel,False,COL4A1,70,52,0,0,0,,
ORPHA:73272,Growth delay due to insulin-like growth factor type 1 deficiency,snv_fora_do_painel,False,IGF1,2,1,0,0,0,,
ORPHA:73273,Growth delay due to insulin-like growth factor I resistance,snv_fora_do_painel,False,IGF1R,35,21,0,0,0,,
ORPHA:735,Porokeratosis of Mibelli,sem_variante_patogenica,False,MVK;PMVK,0,0,0,0,0,,
ORPHA:740,Hutchinson-Gilford progeria syndrome,snv_fora_do_painel,False,LMNA;ZMPSTE24,15,14,0,0,0,,
ORPHA:742,Prolidase deficiency,snv_fora_do_painel,False,PEPD,30,24,0,0,0,,
ORPHA:743,Severe hereditary thrombophilia due to congenital protein S deficiency,snv_fora_do_painel,False,PROS1,94,68,0,0,0,,
ORPHA:744,Proteus syndrome,snv_fora_do_painel,False,AKT1,1,1,0,0,0,,
ORPHA:745,Severe hereditary thrombophilia due to congenital protein C deficiency,snv_fora_do_painel,False,PROC,71,62,0,0,0,,
ORPHA:746,Mitochondrial trifunctional protein deficiency,snv_fora_do_painel,False,HADHA;HADHB,209,115,0,0,0,,
ORPHA:747,Autoimmune pulmonary alveolar proteinosis,sem_variante_patogenica,False,HLA-DRB1,0,0,0,0,0,,
ORPHA:750,Pseudoachondroplasia,snv_fora_do_painel,False,COMP,47,38,0,0,0,,
ORPHA:752,"46,XY difference of sex development due to 17-beta-hydroxysteroid dehydrogenase 3 deficiency",snv_fora_do_painel,False,HSD17B3,43,35,0,0,0,,
ORPHA:75233,Wolman disease,snv_fora_do_painel,False,LIPA,95,59,0,0,0,,
ORPHA:75234,Cholesteryl ester storage disease,snv_fora_do_painel,False,LIPA,49,31,0,0,0,,
ORPHA:75249,Familial isolated restrictive cardiomyopathy,snv_fora_do_painel,False,FLNC;KIF20A;MYPN;TNNI3;TNNT2,593,287,0,0,0,,
ORPHA:753,"46,XY difference of sex development due to 5-alpha-reductase 2 deficiency",alelo_patogenico_ensaiado,False,SRD5A2,89,67,1,1,0,2,3351
ORPHA:75374,Bradyopsia,snv_fora_do_painel,False,RGS9;RGS9BP,4,2,0,0,0,,
ORPHA:75376,Familial drusen,posicao_alelo_diferente,False,CFH;CFI;EFEMP1,24,19,1,0,0,,
ORPHA:75377,Central areolar choroidal dystrophy,snv_fora_do_painel,False,GUCA1A;GUCY2D;PRPH2,40,28,0,0,0,,
ORPHA:75382,Oguchi disease,snv_fora_do_painel,False,GRK1;SAG,29,20,0,0,0,,
ORPHA:75392,Periodontal Ehlers-Danlos syndrome,snv_fora_do_painel,False,C1R;C1S,14,10,0,0,0,,
ORPHA:75496,B4GALT7-related spondylodysplastic Ehlers-Danlos syndrome,snv_fora_do_painel,False,B4GALT7,46,25,0,0,0,,
ORPHA:75497,X-linked Ehlers-Danlos syndrome,snv_fora_do_painel,False,FLNA,12,7,0,0,0,,
ORPHA:75563,X-linked sideroblastic anemia,snv_fora_do_painel,False,ALAS2,24,24,0,0,0,,
ORPHA:75564,Acquired idiopathic sideroblastic anemia,sem_variante_patogenica,False,SF3B1;TET2,0,0,0,0,0,,
ORPHA:758,Pseudoxanthoma elasticum,snv_fora_do_painel,False,ABCC6;ENPP1,214,143,0,0,0,,
ORPHA:75840,Ullrich congenital muscular dystrophy,snv_fora_do_painel,False,COL12A1;COL6A1;COL6A2;COL6A3,170,107,0,0,0,,
ORPHA:75857,6q terminal deletion syndrome,sem_variante_patogenica,False,ERMARD,0,0,0,0,0,,
ORPHA:75858,MORM syndrome,snv_fora_do_painel,False,INPP5E,16,10,0,0,0,,
ORPHA:760,Purine nucleoside phosphorylase deficiency,snv_fora_do_painel,False,PNP,35,23,0,0,0,,
ORPHA:763,Pycnodysostosis,snv_fora_do_painel,False,CTSK,74,48,0,0,0,,
ORPHA:766,Hemolytic anemia due to red cell pyruvate kinase deficiency,snv_fora_do_painel,False,PKLR,48,41,0,0,0,,
ORPHA:769,Rabson-Mendenhall syndrome,snv_fora_do_painel,False,INSR,11,8,0,0,0,,
ORPHA:772,Infantile Refsum disease,snv_fora_do_painel,False,PEX1;PEX10;PEX11B;PEX12;PEX13;PEX14;PEX16;PEX19;PEX2;PEX26;PEX3;PEX5;PEX6,36,16,0,0,0,,
ORPHA:77258,Trichorhinophalangeal syndrome type 1,snv_fora_do_painel,False,TRPS1,137,70,0,0,0,,
ORPHA:77259,Gaucher disease type 1,snv_fora_do_painel,False,GBA1;SCARB2,80,67,0,0,0,,
ORPHA:77260,Gaucher disease type 2,snv_fora_do_painel,False,GBA1,36,34,0,0,0,,
ORPHA:77261,Gaucher disease type 3,snv_fora_do_painel,False,GBA1,26,24,0,0,0,,
ORPHA:77293,Chronic visceral acid sphingomyelinase deficiency,snv_fora_do_painel,False,SMPD1,270,172,0,0,0,,
ORPHA:77297,Majeed syndrome,snv_fora_do_painel,False,LPIN2,43,22,0,0,0,,
ORPHA:77298,Anophthalmia/microphthalmia-esophageal atresia syndrome,snv_fora_do_painel,False,SOX2,73,29,0,0,0,,
ORPHA:773,Adult Refsum disease,snv_fora_do_painel,False,PEX7;PHYH,108,53,0,0,0,,
ORPHA:77301,Monosomy 9q22.3 syndrome,sem_variante_patogenica,False,PTCH1,0,0,0,0,0,,
ORPHA:774,Hereditary hemorrhagic telangiectasia,snv_fora_do_painel,False,ACVRL1;ENG;GDF2;SMAD4,920,533,0,0,0,,
ORPHA:776,Lujan-Fryns syndrome,snv_fora_do_painel,False,MED12;UPF3B;ZDHHC9,27,12,0,0,0,,
ORPHA:778,Rett syndrome,snv_fora_do_painel,False,MECP2,579,180,0,0,0,,
ORPHA:779,Reynolds syndrome,snv_fora_do_painel,False,LBR,2,2,0,0,0,,
ORPHA:782,Axenfeld-Rieger syndrome,snv_fora_do_painel,False,FOXC1;PITX2,167,75,0,0,0,,
ORPHA:785,Estrogen resistance syndrome,snv_fora_do_painel,False,ESR1,3,3,0,0,0,,
ORPHA:786,Generalized glucocorticoid resistance syndrome,snv_fora_do_painel,False,NR3C1,12,9,0,0,0,,
ORPHA:79,Congenital alpha2-antiplasmin deficiency,snv_fora_do_painel,False,SERPINF2,3,1,0,0,0,,
ORPHA:79076,Juvenile polyposis of infancy,sem_variante_patogenica,False,BMPR1A;PTEN,0,0,0,0,0,,
ORPHA:79083,PPARG-related familial partial lipodystrophy,snv_fora_do_painel,False,PPARG,26,21,0,0,0,,
ORPHA:79084,"Familial partial lipodystrophy, Köbberling type",sem_variante_patogenica,False,LMNA,0,0,0,0,0,,
ORPHA:79085,AKT2-related familial partial lipodystrophy,sem_variante_patogenica,False,AKT2,0,0,0,0,0,,
ORPHA:79087,Acquired partial lipodystrophy,sem_variante_patogenica,False,LMNB2,0,0,0,0,0,,
ORPHA:79094,Grange syndrome,snv_fora_do_painel,False,YY1AP1,10,7,0,0,0,,
ORPHA:79095,Congenital bile acid synthesis defect type 4,snv_fora_do_painel,False,AMACR,2,2,0,0,0,,
ORPHA:79096,Pyridoxamine-5-phosphate deficiency-developmental and epileptic encephalopathy,snv_fora_do_painel,False,PNPO,42,32,0,0,0,,
ORPHA:791,Retinitis pigmentosa,snv_fora_do_painel,False,ABCA4;AGBL5;AHI1;AHR;ARHGEF18;ARL2BP;ARL3;ARL6;BBS1;BBS2;BEST1;CA4;CC2D2A;CDHR1;CERKL;CFAP418;CLRN1;CNGA1;CNGB1;COQ8B;CRB1;CRX;DHDDS;DHX38;EYS;FAM161A;FSCN2;GUCA1B;HGSNAT;IDH3A;IDH3B;IFT140;IFT172;IFT43;IFT88;IMPDH1;IMPG1;IMPG2;KIAA1549;KIZ;KLHL7;LRAT;MAK;MERTK;NEK2;NR2E3;NRL;OFD1;PCARE;PDE6A;PDE6B;PDE6G;POMGNT1;PRCD;PROM1;PRPF3;PRPF31;PRPF4;PRPF6;PRPF8;PRPH2;RBP3;RDH12;REEP6;RGR;RHO;RLBP1;ROM1;RP1;RP1L1;RP2;RP9;RPE65;RPGR;SAG;SCAPER;SEMA4A;SLC7A14;SNRNP200;SPATA7;TMEM216;TOPORS;TTC8;TUB;TULP1;USH2A;ZNF408;ZNF513,4323,2674,0,0,0,,
ORPHA:79100,Atrophoderma vermiculata,snv_fora_do_painel,False,LRP1,1,1,0,0,0,,
ORPHA:79101,Hyperprolinemia type 2,snv_fora_do_painel,False,ALDH4A1,23,10,0,0,0,,
ORPHA:79102,Thyrotoxic periodic paralysis,snv_fora_do_painel,False,CACNA1S;GABRA3;KCNJ18,20,12,0,0,0,,
ORPHA:79106,Eiken syndrome,snv_fora_do_painel,False,PTH1R,5,4,0,0,0,,
ORPHA:79107,Developmental malformations-deafness-dystonia syndrome,snv_fora_do_painel,False,ACTB,6,5,0,0,0,,
ORPHA:79113,Mandibulofacial dysostosis-microcephaly syndrome,snv_fora_do_painel,False,EFTUD2,93,54,0,0,0,,
ORPHA:79124,Hepatic veno-occlusive disease-immunodeficiency syndrome,snv_fora_do_painel,False,SP110,41,20,0,0,0,,
ORPHA:79134,DEND syndrome,snv_fora_do_painel,False,ABCC8;KCNJ11;NARS2,1,1,0,0,0,,
ORPHA:79137,Generalized epilepsy-paroxysmal dyskinesia syndrome,snv_fora_do_painel,False,KCNMA1,26,15,0,0,0,,
ORPHA:79145,Dowling-Degos disease,snv_fora_do_painel,False,KRT5;POFUT1;POGLUT1;PSENEN,13,8,0,0,0,,
ORPHA:79151,Acrokeratosis verruciformis of Hopf,snv_fora_do_painel,False,ATP2A2,3,2,0,0,0,,
ORPHA:79152,Disseminated superficial actinic porokeratosis,snv_fora_do_painel,False,FDPS;MVD;MVK;SLC17A9,4,3,0,0,0,,
ORPHA:79154,2-aminoadipic 2-oxoadipic aciduria,snv_fora_do_painel,False,DHTKD1,52,27,0,0,0,,
ORPHA:79155,Hydroxykynureninuria,snv_fora_do_painel,False,KYNU,3,3,0,0,0,,
ORPHA:79157,2-methylbutyryl-CoA dehydrogenase deficiency,snv_fora_do_painel,False,ACADSB,42,28,0,0,0,,
ORPHA:79159,Isobutyryl-CoA dehydrogenase deficiency,snv_fora_do_painel,False,ACAD8,28,26,0,0,0,,
ORPHA:792,X-linked retinoschisis,snv_fora_do_painel,False,RS1,135,113,0,0,0,,
ORPHA:79230,HJV or HAMP-related hemochromatosis,snv_fora_do_painel,False,HAMP;HJV,58,36,0,0,0,,
ORPHA:79233,Hypoxanthine guanine phosphoribosyltransferase partial deficiency,snv_fora_do_painel,False,HPRT1,56,40,0,0,0,,
ORPHA:79234,Crigler-Najjar syndrome type 1,snv_fora_do_painel,False,UGT1A1,39,21,0,0,0,,
ORPHA:79235,Crigler-Najjar syndrome type 2,snv_fora_do_painel,False,UGT1A1,29,17,0,0,0,,
ORPHA:79237,Galactokinase deficiency,snv_fora_do_painel,False,GALK1,92,46,0,0,0,,
ORPHA:79239,Classic galactosemia,snv_fora_do_painel,False,GALT,233,187,0,0,0,,
ORPHA:79240,Glycogen storage disease due to liver and muscle phosphorylase kinase deficiency,snv_fora_do_painel,False,PHKB,121,70,0,0,0,,
ORPHA:79241,Biotinidase deficiency,snv_fora_do_painel,False,BTD,208,143,0,0,0,,
ORPHA:79242,Holocarboxylase synthetase deficiency,snv_fora_do_painel,False,HLCS,137,70,0,0,0,,
ORPHA:79243,Pyruvate dehydrogenase E1-alpha deficiency,posicao_alelo_diferente,False,LONP1;PDHA1,358,192,1,0,0,,
ORPHA:79244,Pyruvate dehydrogenase E2 deficiency,snv_fora_do_painel,False,DLAT,15,9,0,0,0,,
ORPHA:79246,Pyruvate dehydrogenase phosphatase deficiency,snv_fora_do_painel,False,PDP1,15,9,0,0,0,,
ORPHA:79255,GM1 gangliosidosis type 1,snv_fora_do_painel,False,GLB1,142,106,0,0,0,,
ORPHA:79259,Glycogen storage disease due to glucose-6-phosphatase deficiency type Ib,snv_fora_do_painel,False,SLC37A4,148,85,0,0,0,,
ORPHA:79273,Hereditary coproporphyria,snv_fora_do_painel,False,CPOX,8,8,0,0,0,,
ORPHA:79276,Acute intermittent porphyria,snv_fora_do_painel,False,HMBS,59,45,0,0,0,,
ORPHA:79277,Congenital erythropoietic porphyria,snv_fora_do_painel,False,GATA1;UROS,23,22,0,0,0,,
ORPHA:79278,Autosomal erythropoietic protoporphyria,snv_fora_do_painel,False,FECH,29,20,0,0,0,,
ORPHA:79279,Alpha-N-acetylgalactosaminidase deficiency type 1,snv_fora_do_painel,False,NAGA,38,23,0,0,0,,
ORPHA:79280,Alpha-N-acetylgalactosaminidase deficiency type 2,snv_fora_do_painel,False,NAGA,9,7,0,0,0,,
ORPHA:79281,Alpha-N-acetylgalactosaminidase deficiency type 3,snv_fora_do_painel,False,NAGA,38,23,0,0,0,,
ORPHA:79282,"Methylmalonic acidemia with homocystinuria, type cblC",snv_fora_do_painel,False,MMACHC,185,96,0,0,0,,
ORPHA:79283,"Methylmalonic acidemia with homocystinuria, type cblD",snv_fora_do_painel,False,MMADHC,62,33,0,0,0,,
ORPHA:79284,Methylmalonic acidemia with homocystinuria type cblF,snv_fora_do_painel,False,LMBRD1,57,29,0,0,0,,
ORPHA:79292,Fish-eye disease,snv_fora_do_painel,False,LCAT,17,12,0,0,0,,
ORPHA:79299,Congenital glucokinase-related hyperinsulinism,snv_fora_do_painel,False,GCK,40,36,0,0,0,,
ORPHA:79301,Congenital bile acid synthesis defect type 1,snv_fora_do_painel,False,HSD3B7,14,7,0,0,0,,
ORPHA:79302,Congenital bile acid synthesis defect type 3,snv_fora_do_painel,False,CYP7B1,17,15,0,0,0,,
ORPHA:79303,Congenital bile acid synthesis defect type 2,snv_fora_do_painel,False,AKR1D1,16,12,0,0,0,,
ORPHA:79312,Vitamin B12-unresponsive methylmalonic acidemia type mut-,sem_variante_patogenica,False,MMUT,0,0,0,0,0,,
ORPHA:79314,L-2-hydroxyglutaric aciduria,snv_fora_do_painel,False,L2HGDH,40,29,0,0,0,,
ORPHA:79315,D-2-hydroxyglutaric aciduria,snv_fora_do_painel,False,D2HGDH;IDH2,29,19,0,0,0,,
ORPHA:79318,PMM2-CDG,snv_fora_do_painel,False,PMM2,203,153,0,0,0,,
ORPHA:79319,MPI-CDG,snv_fora_do_painel,False,MPI,112,45,0,0,0,,
ORPHA:79320,ALG6-CDG,snv_fora_do_painel,False,ALG6,114,56,0,0,0,,
ORPHA:79321,ALG3-CDG,snv_fora_do_painel,False,ALG3,35,28,0,0,0,,
ORPHA:79322,DPM1-CDG,snv_fora_do_painel,False,DPM1,20,13,0,0,0,,
ORPHA:79323,MPDU1-CDG,snv_fora_do_painel,False,MPDU1,10,7,0,0,0,,
ORPHA:79324,ALG12-CDG,snv_fora_do_painel,False,ALG12,41,22,0,0,0,,
ORPHA:79325,ALG8-CDG,snv_fora_do_painel,False,ALG8,50,30,0,0,0,,
ORPHA:79326,ALG2-CDG,snv_fora_do_painel,False,ALG2,8,4,0,0,0,,
ORPHA:79327,ALG1-CDG,snv_fora_do_painel,False,ALG1,108,79,0,0,0,,
ORPHA:79328,ALG9-CDG,snv_fora_do_painel,False,ALG9,71,44,0,0,0,,
ORPHA:79329,MGAT2-CDG,snv_fora_do_painel,False,MGAT2,11,7,0,0,0,,
ORPHA:79330,MOGS-CDG,snv_fora_do_painel,False,MOGS,36,20,0,0,0,,
ORPHA:79332,B4GALT1-CDG,snv_fora_do_painel,False,B4GALT1,2,1,0,0,0,,
ORPHA:79333,COG7-CDG,snv_fora_do_painel,False,COG7,26,20,0,0,0,,
ORPHA:79345,Brachytelephalangic chondrodysplasia punctata,snv_fora_do_painel,False,ARSL,20,17,0,0,0,,
ORPHA:79350,"3-phosphoserine phosphatase deficiency, infantile/juvenile form",snv_fora_do_painel,False,PSPH,4,3,0,0,0,,
ORPHA:79351,"3-phosphoglycerate dehydrogenase deficiency, infantile/juvenile form",snv_fora_do_painel,False,PHGDH,93,53,0,0,0,,
ORPHA:79394,Congenital ichthyosiform erythroderma,snv_fora_do_painel,False,ABCA12;ALOX12B;ALOXE3;CERS3;NIPAL4;PNPLA1;SDR9C7;SULT2B1;TGM1,132,101,0,0,0,,
ORPHA:79395,Keratoderma hereditarium mutilans with ichthyosis,snv_fora_do_painel,False,LORICRIN,5,2,0,0,0,,
ORPHA:79396,"Autosomal dominant generalized epidermolysis bullosa simplex, severe form",snv_fora_do_painel,False,KRT14;KRT5,26,20,0,0,0,,
ORPHA:79397,Epidermolysis bullosa simplex with mottled pigmentation,snv_fora_do_painel,False,KRT14;KRT5,4,3,0,0,0,,
ORPHA:79399,"Autosomal dominant generalized epidermolysis bullosa simplex, intermediate form",snv_fora_do_painel,False,KRT14;KRT5,15,15,0,0,0,,
ORPHA:794,Saethre-Chotzen syndrome,snv_fora_do_painel,False,FGFR2;FGFR3;TWIST1,78,46,0,0,0,,
ORPHA:79400,Localized epidermolysis bullosa simplex,snv_fora_do_painel,False,KRT14;KRT5,14,13,0,0,0,,
ORPHA:79401,PLEC-related intermediate epidermolysis bullosa simplex without extracutaneous involvement,snv_fora_do_painel,False,PLEC,86,59,0,0,0,,
ORPHA:79402,Intermediate generalized junctional epidermolysis bullosa,snv_fora_do_painel,False,COL17A1;ITGB4;LAMA3;LAMB3;LAMC2,82,47,0,0,0,,
ORPHA:79403,Junctional epidermolysis bullosa with pyloric atresia,snv_fora_do_painel,False,ITGA6;ITGB4,71,44,0,0,0,,
ORPHA:79404,Severe generalized junctional epidermolysis bullosa,snv_fora_do_painel,False,LAMA3;LAMB3;LAMC2,148,90,0,0,0,,
ORPHA:79406,Late-onset junctional epidermolysis bullosa,sem_variante_patogenica,False,COL17A1,0,0,0,0,0,,
ORPHA:79408,"Autosomal recessive generalized dystrophic epidermolysis bullosa, severe form",snv_fora_do_painel,False,COL7A1;MMP1,232,175,0,0,0,,
ORPHA:79409,Recessive dystrophic epidermolysis bullosa inversa,snv_fora_do_painel,False,COL7A1,232,175,0,0,0,,
ORPHA:79410,"Localized dystrophic epidermolysis bullosa, pretibial form",snv_fora_do_painel,False,COL7A1,18,15,0,0,0,,
ORPHA:79411,Self-improving dystrophic epidermolysis bullosa,snv_fora_do_painel,False,COL7A1,32,26,0,0,0,,
ORPHA:79414,Woolly hair nevus,snv_fora_do_painel,False,HRAS,13,13,0,0,0,,
ORPHA:79431,Oculocutaneous albinism type 1A,snv_fora_do_painel,False,TYR,146,116,0,0,0,,
ORPHA:79432,Oculocutaneous albinism type 2,snv_fora_do_painel,False,MC1R;OCA2,138,95,0,0,0,,
ORPHA:79433,Oculocutaneous albinism type 3,snv_fora_do_painel,False,TYRP1,21,13,0,0,0,,
ORPHA:79434,Oculocutaneous albinism type 1B,snv_fora_do_painel,False,TYR,116,91,0,0,0,,
ORPHA:79435,Oculocutaneous albinism type 4,snv_fora_do_painel,False,SLC45A2,54,36,0,0,0,,
ORPHA:79443,Pseudohypoparathyroidism type 1A,snv_fora_do_painel,False,GNAS,73,48,0,0,0,,
ORPHA:79444,Pseudohypoparathyroidism type 1C,snv_fora_do_painel,False,GNAS,11,8,0,0,0,,
ORPHA:79445,Pseudopseudohypoparathyroidism,snv_fora_do_painel,False,GNAS,23,11,0,0,0,,
ORPHA:79452,Milroy disease,snv_fora_do_painel,False,FLT4,28,23,0,0,0,,
ORPHA:79455,Cutaneous mastocytoma,sem_variante_patogenica,False,KIT,0,0,0,0,0,,
ORPHA:79473,Variegate porphyria,snv_fora_do_painel,False,PPOX,20,12,0,0,0,,
ORPHA:79474,Atypical Werner syndrome,sem_variante_patogenica,False,LMNA,0,0,0,0,0,,
ORPHA:79476,Griscelli syndrome type 1,snv_fora_do_painel,False,MYO5A,7,7,0,0,0,,
ORPHA:79477,Griscelli syndrome type 2,snv_fora_do_painel,False,RAB27A,52,31,0,0,0,,
ORPHA:79478,Griscelli syndrome type 3,snv_fora_do_painel,False,MLPH;MYO5A,9,5,0,0,0,,
ORPHA:79499,Autosomal dominant deafness-onychodystrophy syndrome,snv_fora_do_painel,False,ATP6V1B2,4,4,0,0,0,,
ORPHA:79500,DOORS syndrome,snv_fora_do_painel,False,ATP6V1B2;TBC1D24,18,14,0,0,0,,
ORPHA:79501,Punctate palmoplantar keratoderma type 1,snv_fora_do_painel,False,AAGAB;COL14A1,9,4,0,0,0,,
ORPHA:79503,Ichthyosis hystrix of Curth-Macklin,sem_snv,False,KRT1,4,0,0,0,0,,
ORPHA:79644,Autosomal recessive hyperinsulinism due to Kir6.2 deficiency,sem_variante_patogenica,False,KCNJ11,0,0,0,0,0,,
ORPHA:797,Sarcoidosis,sem_variante_patogenica,False,BTNL2;HLA-DRB1,0,0,0,0,0,,
ORPHA:798,Schinzel-Giedion syndrome,snv_fora_do_painel,False,SETBP1,21,17,0,0,0,,
ORPHA:800,Schwartz-Jampel syndrome,snv_fora_do_painel,False,HSPG2,6,6,0,0,0,,
ORPHA:803,Amyotrophic lateral sclerosis,snv_fora_do_painel,False,ANG;ANXA11;ATXN2;CCNF;CFAP410;CHCHD10;CHMP2B;DAO;DCTN1;ERBB4;FIG4;FUS;GLE1;GLT8D1;HNRNPA1;MATR3;NEFH;NEK1;OPTN;PFN1;PON1;PON2;PON3;PPARGC1A;PRPH;SOD1;SQSTM1;TAF15;TARDBP;TBK1;TREM2;UBQLN2;UNC13A;VAPB;VCP,339,279,0,0,0,,
ORPHA:805,Tuberous sclerosis complex,snv_fora_do_painel,False,IFNG;TSC1;TSC2,1795,847,0,0,0,,
ORPHA:806,Scott syndrome,snv_fora_do_painel,False,ANO6,10,6,0,0,0,,
ORPHA:808,Seckel syndrome,snv_fora_do_painel,False,ATR;ATRIP;CENPE;CEP152;CEP295;CEP63;CPAP;DNA2;NIN;NSMCE2;NUP85;PCNT;PLK4;RBBP8;TRAIP,84,55,0,0,0,,
ORPHA:811,Shwachman-Diamond syndrome,snv_fora_do_painel,False,DNAJC21;EFL1;SBDS,8,6,0,0,0,,
ORPHA:812,Sialidosis type 1,snv_fora_do_painel,False,NEU1,36,30,0,0,0,,
ORPHA:816,Sjögren-Larsson syndrome,snv_fora_do_painel,False,ALDH3A2,105,55,0,0,0,,
ORPHA:818,Smith-Lemli-Opitz syndrome,snv_fora_do_painel,False,DHCR7,278,198,0,0,0,,
ORPHA:819,Smith-Magenis syndrome,snv_fora_do_painel,False,IQSEC2;RAI1,68,20,0,0,0,,
ORPHA:82,Hereditary thrombophilia due to congenital antithrombin deficiency,alelo_patogenico_ensaiado,False,SERPINC1,117,79,1,1,0,3,1170692
ORPHA:820,Sneddon syndrome,snv_fora_do_painel,False,ADA2,32,24,0,0,0,,
ORPHA:821,Sotos syndrome,snv_fora_do_painel,False,APC2;NSD1,391,198,0,0,0,,
ORPHA:822,Hereditary spherocytosis,snv_fora_do_painel,False,ANK1;EPB42;SLC4A1;SPTA1;SPTB,498,276,0,0,0,,
ORPHA:824,Primary myelofibrosis,snv_fora_do_painel,False,CALR;JAK2;MPL;TET2,47,29,0,0,0,,
ORPHA:827,Stargardt disease,snv_fora_do_painel,False,ABCA4;CNGB3;ELOVL4;PROM1;PRPH2,558,444,0,0,0,,
ORPHA:828,Stickler syndrome,snv_fora_do_painel,False,BMP4,214,146,0,0,0,,
ORPHA:832,Succinyl-CoA:3-oxoacid CoA transferase deficiency,snv_fora_do_painel,False,OXCT1,19,16,0,0,0,,
ORPHA:83454,Glomuvenous malformation,snv_fora_do_painel,False,GLMN,34,13,0,0,0,,
ORPHA:83461,Congenital primary aphakia,snv_fora_do_painel,False,FOXE3,25,14,0,0,0,,
ORPHA:83463,Microtia,sem_variante_patogenica,False,HOXA2,0,0,0,0,0,,
ORPHA:83465,Narcolepsy type 2,sem_variante_patogenica,False,HCRT;HLA-DQB1;HLA-DRB1;ZNF365,0,0,0,0,0,,
ORPHA:83469,Desmoplastic small round cell tumor,snv_fora_do_painel,False,EWSR1;WT1,1,1,0,0,0,,
ORPHA:83471,T-cell immunodeficiency with thymic aplasia,sem_snv,False,FOXN1,2,0,0,0,0,,
ORPHA:83472,CAMOS syndrome,snv_fora_do_painel,False,WDR73;ZNF592,28,15,0,0,0,,
ORPHA:83473,Megalencephaly-polymicrogyria-postaxial polydactyly-hydrocephalus syndrome,snv_fora_do_painel,False,AKT3;CCND2;PIK3R2,28,28,0,0,0,,
ORPHA:83620,Enteric anendocrinosis,snv_fora_do_painel,False,NEUROG3,8,7,0,0,0,,
ORPHA:83629,Leukoencephalopathy-spondyloepimetaphyseal dysplasia syndrome,snv_fora_do_painel,False,AIFM1,5,5,0,0,0,,
ORPHA:839,"Congenital nephrotic syndrome, Finnish type",snv_fora_do_painel,False,NPHS1,250,145,0,0,0,,
ORPHA:84,Fanconi anemia,snv_fora_do_painel,False,BRCA1;BRCA2;BRIP1;ERCC4;FAAP100;FANCA;FANCB;FANCC;FANCD2;FANCE;FANCF;FANCG;FANCI;FANCL;FANCM;MAD2L2;PALB2;RAD51;RAD51C;RFWD3;SLX4;UBE2T;XRCC2,3081,1516,0,0,0,,
ORPHA:840,Syringocystadenoma papilliferum,sem_variante_patogenica,False,BRAF,0,0,0,0,0,,
ORPHA:84064,Trichohepatoenteric syndrome,snv_fora_do_painel,False,SKIC2;SKIC3,79,52,0,0,0,,
ORPHA:84081,Senior-Boichis syndrome,snv_fora_do_painel,False,DCDC2;TMEM67,31,18,0,0,0,,
ORPHA:84090,Fibronectin glomerulopathy,snv_fora_do_painel,False,FN1,7,6,0,0,0,,
ORPHA:841,Sebocystomatosis,snv_fora_do_painel,False,KRT17,5,4,0,0,0,,
ORPHA:847,X-linked alpha-thalassemia-intellectual disability syndrome,snv_fora_do_painel,False,ATRX,78,66,0,0,0,,
ORPHA:849,Glanzmann thrombasthenia,snv_fora_do_painel,False,ITGA2B;ITGB3,387,259,0,0,0,,
ORPHA:851,Paris-Trousseau thrombocytopenia,sem_variante_patogenica,False,FLI1,0,0,0,0,0,,
ORPHA:85112,Palmoplantar keratoderma-XX sex reversal-predisposition to squamous cell carcinoma syndrome,sem_snv,False,RSPO1,3,0,0,0,0,,
ORPHA:85128,Bothnia retinal dystrophy,snv_fora_do_painel,False,RLBP1,15,9,0,0,0,,
ORPHA:85163,Hypomyelination-congenital cataract syndrome,snv_fora_do_painel,False,HYCC1,20,12,0,0,0,,
ORPHA:85164,Camptodactyly-tall stature-scoliosis-hearing loss syndrome,snv_fora_do_painel,False,FGFR3,6,5,0,0,0,,
ORPHA:85165,Severe achondroplasia-developmental delay-acanthosis nigricans syndrome,snv_fora_do_painel,False,FGFR3,2,2,0,0,0,,
ORPHA:85166,"Platyspondylic dysplasia, Torrance type",snv_fora_do_painel,False,COL2A1,7,6,0,0,0,,
ORPHA:85167,Spondylometaphyseal dysplasia-cone-rod dystrophy syndrome,snv_fora_do_painel,False,PCYT1A,11,10,0,0,0,,
ORPHA:85169,Familial digital arthropathy-brachydactyly,snv_fora_do_painel,False,TRPV4,3,3,0,0,0,,
ORPHA:85172,"Microcephalic osteodysplastic dysplasia, Saul-Wilson type",snv_fora_do_painel,False,COG4,8,8,0,0,0,,
ORPHA:85173,IMAGe syndrome,snv_fora_do_painel,False,CDKN1C;POLE,11,9,0,0,0,,
ORPHA:85179,Infantile osteopetrosis with neuroaxonal dysplasia,snv_fora_do_painel,False,OSTM1,10,8,0,0,0,,
ORPHA:85193,Idiopathic juvenile osteoporosis,snv_fora_do_painel,False,DKK1;WNT1;WNT3A,6,4,0,0,0,,
ORPHA:85194,Spondylo-ocular syndrome,snv_fora_do_painel,False,XYLT2,8,2,0,0,0,,
ORPHA:85198,Dysspondyloenchondromatosis,sem_variante_patogenica,False,COL2A1,0,0,0,0,0,,
ORPHA:85199,Craniosynostosis-anal anomalies-porokeratosis syndrome,snv_fora_do_painel,False,RNU12,4,4,0,0,0,,
ORPHA:85201,Genitopatellar syndrome,snv_fora_do_painel,False,KAT6B,53,20,0,0,0,,
ORPHA:85202,Keutel syndrome,snv_fora_do_painel,False,MGP,4,3,0,0,0,,
ORPHA:85212,Fetal Gaucher disease,snv_fora_do_painel,False,GBA1,18,15,0,0,0,,
ORPHA:85277,"X-linked intellectual disability, Cantagrel type",snv_fora_do_painel,False,NEXMIF,70,32,0,0,0,,
ORPHA:85278,Christianson syndrome,snv_fora_do_painel,False,SLC9A6,49,24,0,0,0,,
ORPHA:85279,KDM5C-related syndromic X-linked intellectual disability,snv_fora_do_painel,False,KDM5C,94,60,0,0,0,,
ORPHA:85282,MEHMO syndrome,snv_fora_do_painel,False,EIF2S3,8,7,0,0,0,,
ORPHA:85284,BRESEK syndrome,snv_fora_do_painel,False,MBTPS2,11,10,0,0,0,,
ORPHA:85286,"X-linked intellectual disability, Shashi type",sem_snv,False,RBMX,1,0,0,0,0,,
ORPHA:85287,"X-linked intellectual disability, Siderius type",snv_fora_do_painel,False,PHF8,15,11,0,0,0,,
ORPHA:85288,"X-linked intellectual disability, Stocco Dos Santos type",sem_variante_patogenica,False,SHROOM4,0,0,0,0,0,,
ORPHA:85293,"X-linked intellectual disability, Cabezas type",snv_fora_do_painel,False,CUL4B,33,15,0,0,0,,
ORPHA:85294,X-linked epilepsy-learning disabilities-behavior disorders syndrome,snv_fora_do_painel,False,SYN1,53,21,0,0,0,,
ORPHA:85295,"HSD10 disease, atypical type",snv_fora_do_painel,False,HSD17B10,15,15,0,0,0,,
ORPHA:853,Fetal and neonatal alloimmune thrombocytopenia,sem_variante_patogenica,False,CD109;GP1BA;GP1BB;ITGA2;ITGA2B;ITGB3,0,0,0,0,0,,
ORPHA:85329,X-linked intellectual disability-hypotonia-facial dysmorphism-aggressive behavior syndrome,snv_fora_do_painel,False,AP1S2,17,11,0,0,0,,
ORPHA:85335,Fried syndrome,snv_fora_do_painel,False,AP1S2,17,11,0,0,0,,
ORPHA:85408,Rheumatoid factor-negative polyarticular juvenile idiopathic arthritis,sem_variante_patogenica,False,ANKRD55;CD247;IL2RA;IL2RB;PTPN2;PTPN22;STAT4,0,0,0,0,0,,
ORPHA:85410,Oligoarticular juvenile idiopathic arthritis,sem_variante_patogenica,False,ANKRD55;CD247;IL2RA;IL2RB;PTPN2;PTPN22;STAT4,0,0,0,0,0,,
ORPHA:85414,Systemic-onset juvenile idiopathic arthritis,sem_variante_patogenica,False,HLA-DRB1;IL6;LACC1;MIF,0,0,0,0,0,,
ORPHA:85445,AA amyloidosis,sem_variante_patogenica,False,SAA1,0,0,0,0,0,,
ORPHA:85447,ATTRV30M amyloidosis,snv_fora_do_painel,False,TTR,125,121,0,0,0,,
ORPHA:85448,AGel amyloidosis,snv_fora_do_painel,False,GSN,6,5,0,0,0,,
ORPHA:85451,ATTRV122I amyloidosis,snv_fora_do_painel,False,TTR,125,121,0,0,0,,
ORPHA:857,Townes-Brocks syndrome,snv_fora_do_painel,False,DACT1;SALL1,88,29,0,0,0,,
ORPHA:859,Transcobalamin deficiency,snv_fora_do_painel,False,TCN2,65,28,0,0,0,,
ORPHA:861,Treacher-Collins syndrome,snv_fora_do_painel,False,POLR1B;POLR1C;POLR1D;TCOF1,223,74,0,0,0,,
ORPHA:86309,DPAGT1-CDG,snv_fora_do_painel,False,DPAGT1,29,21,0,0,0,,
ORPHA:867,Familial multiple trichoepithelioma,snv_fora_do_painel,False,CYLD,4,3,0,0,0,,
ORPHA:86788,X-linked severe congenital neutropenia,snv_fora_do_painel,False,WAS,116,68,0,0,0,,
ORPHA:868,Triose phosphate-isomerase deficiency,snv_fora_do_painel,False,TPI1,8,6,0,0,0,,
ORPHA:86812,POMT1-related limb-girdle muscular dystrophy R11,snv_fora_do_painel,False,POMT1,135,67,0,0,0,,
ORPHA:86814,Familial adult myoclonic epilepsy,snv_fora_do_painel,False,ADRA2B;CNTN2;CTNND2;MARCHF6;RAPGEF2;SAMD12;TNRC6A;YEATS2,40,25,0,0,0,,
ORPHA:86816,Congenital analbuminemia,snv_fora_do_painel,False,ALB,10,5,0,0,0,,
ORPHA:86818,Alport syndrome-intellectual disability-midface hypoplasia-elliptocytosis syndrome,sem_variante_patogenica,False,ACSL4;AMMECR1;KCNE5,0,0,0,0,0,,
ORPHA:86820,Familial avascular necrosis of femoral head,snv_fora_do_painel,False,COL2A1;TRPV4,4,3,0,0,0,,
ORPHA:86841,Myelodysplastic syndrome associated with isolated del(5q) chromosome abnormality,snv_fora_do_painel,False,RPS14,1,1,0,0,0,,
ORPHA:86884,Subcutaneous panniculitis-like T-cell lymphoma,sem_variante_patogenica,False,HAVCR2,0,0,0,0,0,,
ORPHA:869,Triple A syndrome,snv_fora_do_painel,False,AAAS;GMPPA;TRAPPC11,74,48,0,0,0,,
ORPHA:87,Apert syndrome,snv_fora_do_painel,False,FGFR2,10,8,0,0,0,,
ORPHA:871,Hereditary progressive cardiac conduction defect,snv_fora_do_painel,False,NKX2-5;SCN1B;SCN5A;TRPM4,39,25,0,0,0,,
ORPHA:873,Desmoid tumor,snv_fora_do_painel,False,APC;CTNNB1,20,13,0,0,0,,
ORPHA:87503,Mal de Meleda,snv_fora_do_painel,False,SLURP1,11,10,0,0,0,,
ORPHA:88,Idiopathic aplastic anemia,snv_fora_do_painel,False,IFNG;PRF1;SBDS;TERC;TERT,260,140,0,0,0,,
ORPHA:882,Tyrosinemia type 1,snv_fora_do_painel,False,FAH,145,100,0,0,0,,
ORPHA:88618,S-adenosylhomocysteine hydrolase deficiency,snv_fora_do_painel,False,AHCY,17,11,0,0,0,,
ORPHA:88619,Familial acute necrotizing encephalopathy,snv_fora_do_painel,False,RANBP2,4,3,0,0,0,,
ORPHA:88621,Ichthyosis-prematurity syndrome,snv_fora_do_painel,False,SLC27A4,25,19,0,0,0,,
ORPHA:88628,Posterior column ataxia-retinitis pigmentosa syndrome,snv_fora_do_painel,False,FLVCR1,17,13,0,0,0,,
ORPHA:88629,Tritanopia,sem_variante_patogenica,False,OPN1SW,0,0,0,0,0,,
ORPHA:88630,Terminal osseous dysplasia-pigmentary defects syndrome,snv_fora_do_painel,False,FLNA,1,1,0,0,0,,
ORPHA:88635,Vacuolar myopathy with sarcoplasmic reticulum protein aggregates,snv_fora_do_painel,False,CASQ1,2,2,0,0,0,,
ORPHA:88637,Hypomyelination-hypogonadotropic hypogonadism-hypodontia syndrome,snv_fora_do_painel,False,POLR1C;POLR3A;POLR3B,132,97,0,0,0,,
ORPHA:88639,Neurodegeneration due to 3-hydroxyisobutyryl-CoA hydrolase deficiency,snv_fora_do_painel,False,HIBCH,36,26,0,0,0,,
ORPHA:88644,"Autosomal recessive ataxia, Beauce type",snv_fora_do_painel,False,SYNE1,223,147,0,0,0,,
ORPHA:887,VACTERL/VATER association,snv_fora_do_painel,False,HOXD13,2,1,0,0,0,,
ORPHA:888,Van der Woude syndrome,snv_fora_do_painel,False,GRHL3;IRF6,82,64,0,0,0,,
ORPHA:891,Familial exudative vitreoretinopathy,snv_fora_do_painel,False,CTNNB1;FZD4;LRP5;NDP;TSPAN12;ZNF408,69,46,0,0,0,,
ORPHA:892,Von Hippel-Lindau disease,snv_fora_do_painel,False,CCND1;VHL,361,213,0,0,0,,
ORPHA:893,WAGR syndrome,snv_fora_do_painel,False,BDNF;PAX6;WT1,68,42,0,0,0,,
ORPHA:894,Waardenburg syndrome type 1,snv_fora_do_painel,False,PAX3,130,78,0,0,0,,
ORPHA:895,Waardenburg syndrome type 2,snv_fora_do_painel,False,EDNRB;KITLG;MITF;SNAI2;SOX10;TYR,5,5,0,0,0,,
ORPHA:896,Waardenburg syndrome type 3,snv_fora_do_painel,False,PAX3,12,11,0,0,0,,
ORPHA:897,Waardenburg-Shah syndrome,snv_fora_do_painel,False,EDN3;EDNRB;MITF;SOX10,126,68,0,0,0,,
ORPHA:898,Wagner disease,snv_fora_do_painel,False,VCAN,15,14,0,0,0,,
ORPHA:89838,Autosomal recessive generalized epidermolysis bullosa simplex,snv_fora_do_painel,False,KRT14,15,10,0,0,0,,
ORPHA:89842,"Autosomal recessive generalized dystrophic epidermolysis bullosa, intermediate form",sem_variante_patogenica,False,COL7A1,0,0,0,0,0,,
ORPHA:89843,Dystrophic epidermolysis bullosa pruriginosa,snv_fora_do_painel,False,COL7A1,22,18,0,0,0,,
ORPHA:89844,"Lissencephaly syndrome, Norman-Roberts type",snv_fora_do_painel,False,KATNB1;NDE1;RELN,81,50,0,0,0,,
ORPHA:899,Walker-Warburg syndrome,snv_fora_do_painel,False,B3GALNT2;B4GAT1;COL4A1;CRPPA;DAG1;FKRP;FKTN;LARGE1;POMGNT1;POMGNT2;POMK;POMT1;POMT2;RXYLT1,796,438,0,0,0,,
ORPHA:89936,X-linked hypophosphatemia,snv_fora_do_painel,False,PHEX,281,190,0,0,0,,
ORPHA:89937,Autosomal dominant hypophosphatemic rickets,snv_fora_do_painel,False,FGF23,6,5,0,0,0,,
ORPHA:89938,Bartter syndrome type 4,snv_fora_do_painel,False,BSND;CLCNKA;CLCNKB,1,1,0,0,0,,
ORPHA:90,Argininemia,snv_fora_do_painel,False,ARG1,109,56,0,0,0,,
ORPHA:900,Granulomatosis with polyangiitis,sem_variante_patogenica,False,CTLA4;HLA-DPA1;HLA-DPB1;PRTN3;PTPN22,0,0,0,0,0,,
ORPHA:90023,Primary immunodeficiency syndrome due to P14/LAMTOR2 deficiency,sem_variante_patogenica,False,LAMTOR2,0,0,0,0,0,,
ORPHA:90024,"Deafness with labyrinthine aplasia, microtia, and microdontia",snv_fora_do_painel,False,FGF3,19,11,0,0,0,,
ORPHA:90026,Primary erythromelalgia,snv_fora_do_painel,False,SCN10A;SCN11A;SCN9A,11,8,0,0,0,,
ORPHA:90039,Hemoglobin D disease,snv_fora_do_painel,False,HBB,1,1,0,0,0,,
ORPHA:90042,Primary familial polycythemia,snv_fora_do_painel,False,EPOR,5,5,0,0,0,,
ORPHA:90044,Familial pseudohyperkalemia,snv_fora_do_painel,False,ABCB6,2,2,0,0,0,,
ORPHA:90045,Hereditary folate malabsorption,snv_fora_do_painel,False,SLC46A1,16,9,0,0,0,,
ORPHA:90050,Retinopathy of prematurity,snv_fora_do_painel,False,FZD4;LRP5;NDP,20,12,0,0,0,,
ORPHA:90117,"Hereditary motor and sensory neuropathy, Okinawa type",snv_fora_do_painel,False,TFG,4,4,0,0,0,,
ORPHA:90153,Mandibuloacral dysplasia with type A lipodystrophy,snv_fora_do_painel,False,LMNA,4,4,0,0,0,,
ORPHA:90154,Mandibuloacral dysplasia with type B lipodystrophy,snv_fora_do_painel,False,ZMPSTE24,12,9,0,0,0,,
ORPHA:90186,Meige disease,sem_variante_patogenica,False,EPHB4,0,0,0,0,0,,
ORPHA:902,Werner syndrome,snv_fora_do_painel,False,WRN,372,196,0,0,0,,
ORPHA:90307,Parkes Weber syndrome,sem_variante_patogenica,False,RASA1,0,0,0,0,0,,
ORPHA:90308,Capillary-lymphatic-venous malformation with segmental distribution,snv_fora_do_painel,False,AGGF1;PIK3CA,10,9,0,0,0,,
ORPHA:90321,Cockayne syndrome type 1,snv_fora_do_painel,False,ERCC4;ERCC6;ERCC8,62,40,0,0,0,,
ORPHA:90322,Cockayne syndrome type 2,snv_fora_do_painel,False,ERCC1;ERCC6;ERCC8,83,50,0,0,0,,
ORPHA:90324,Cockayne syndrome type 3,sem_variante_patogenica,False,ERCC6;ERCC8,0,0,0,0,0,,
ORPHA:90340,Blau syndrome,snv_fora_do_painel,False,NOD2,14,14,0,0,0,,
ORPHA:90342,Xeroderma pigmentosum variant,snv_fora_do_painel,False,POLH,27,16,0,0,0,,
ORPHA:90348,Autosomal dominant cutis laxa,snv_fora_do_painel,False,ALDH18A1;ELN;FBLN5,47,28,0,0,0,,
ORPHA:90349,Autosomal recessive cutis laxa type 1,snv_fora_do_painel,False,EFEMP2;FBLN5;LTBP1,42,23,0,0,0,,
ORPHA:90354,Brittle cornea syndrome,snv_fora_do_painel,False,PRDM5;ZNF469,66,28,0,0,0,,
ORPHA:90368,Hypotrichosis simplex of the scalp,snv_fora_do_painel,False,CDSN;KRT74,3,3,0,0,0,,
ORPHA:904,Williams syndrome,snv_fora_do_painel,False,BAZ1B;BUD23;CLIP2;DNAJC30;EIF4H;ELN;FKBP6;GTF2I;GTF2IRD1;GTF2IRD2;LIMK1;METTL27;NCF1;RFC2;STX1A;TBL2;TMEM270;VPS37D,3,1,0,0,0,,
ORPHA:905,Wilson disease,snv_fora_do_painel,False,ATP7B,716,385,0,0,0,,
ORPHA:906,Wiskott-Aldrich syndrome,snv_fora_do_painel,False,WAS,167,93,0,0,0,,
ORPHA:90647,Jervell and Lange-Nielsen syndrome,snv_fora_do_painel,False,KCNE1;KCNQ1,74,49,0,0,0,,
ORPHA:90650,Otopalatodigital syndrome type 1,snv_fora_do_painel,False,FLNA,4,3,0,0,0,,
ORPHA:90652,Otopalatodigital syndrome type 2,snv_fora_do_painel,False,FLNA,148,76,0,0,0,,
ORPHA:90653,Stickler syndrome type 1,snv_fora_do_painel,False,COL2A1,114,76,0,0,0,,
ORPHA:90654,Stickler syndrome type 2,snv_fora_do_painel,False,COL11A1,51,41,0,0,0,,
ORPHA:90658,Charcot-Marie-Tooth disease type 1E,snv_fora_do_painel,False,PMP22,9,5,0,0,0,,
ORPHA:90673,Hypothyroidism due to TSH receptor mutations,snv_fora_do_painel,False,TSHR,46,35,0,0,0,,
ORPHA:90674,Isolated thyroid-stimulating hormone deficiency,snv_fora_do_painel,False,TSHB,9,5,0,0,0,,
ORPHA:90695,Non-acquired panhypopituitarism,sem_variante_patogenica,False,PROP1;SOX3,0,0,0,0,0,,
ORPHA:90791,Congenital adrenal hyperplasia due to 3-beta-hydroxysteroid dehydrogenase deficiency,snv_fora_do_painel,False,HSD3B2,61,45,0,0,0,,
ORPHA:90793,Congenital adrenal hyperplasia due to 17-alpha-hydroxylase deficiency,snv_fora_do_painel,False,CYP17A1,91,68,0,0,0,,
ORPHA:90795,Congenital adrenal hyperplasia due to 11-beta-hydroxylase deficiency,snv_fora_do_painel,False,CYP11B1,96,69,0,0,0,,
ORPHA:90796,"46,XY difference of sex development due to isolated 17,20-lyase deficiency",snv_fora_do_painel,False,CYB5A;CYP17A1,1,1,0,0,0,,
ORPHA:90797,Partial androgen insensitivity syndrome,snv_fora_do_painel,False,AR,26,25,0,0,0,,
ORPHA:908,Fragile X syndrome,snv_fora_do_painel,False,FMR1,8,4,0,0,0,,
ORPHA:909,Cerebrotendinous xanthomatosis,snv_fora_do_painel,False,CYP27A1,164,95,0,0,0,,
ORPHA:91,Aromatase deficiency,snv_fora_do_painel,False,CYP19A1,45,33,0,0,0,,
ORPHA:910,Xeroderma pigmentosum,snv_fora_do_painel,False,DDB2;ERCC2;ERCC3;ERCC4;ERCC5;XPA;XPC,231,129,0,0,0,,
ORPHA:911,Combined immunodeficiency due to ZAP70 deficiency,snv_fora_do_painel,False,ZAP70,30,19,0,0,0,,
ORPHA:91130,Cardiomyopathy-hypotonia-lactic acidosis syndrome,snv_fora_do_painel,False,SLC25A3,4,3,0,0,0,,
ORPHA:91131,DK1-CDG,snv_fora_do_painel,False,DOLK,8,7,0,0,0,,
ORPHA:91132,Ichthyosis-hypotrichosis syndrome,snv_fora_do_painel,False,ST14,7,6,0,0,0,,
ORPHA:91135,Body skin hyperlaxity due to vitamin K-dependent coagulation factor deficiency,snv_fora_do_painel,False,GGCX,13,12,0,0,0,,
ORPHA:912,Zellweger syndrome,snv_fora_do_painel,False,PEX1;PEX10;PEX11B;PEX12;PEX13;PEX14;PEX16;PEX19;PEX2;PEX26;PEX3;PEX5;PEX6,784,358,0,0,0,,
ORPHA:91347,TSH-secreting pituitary adenoma,sem_variante_patogenica,False,CDH23,0,0,0,0,0,,
ORPHA:91387,Familial thoracic aortic aneurysm and aortic dissection,snv_fora_do_painel,False,ACTA2;EFEMP2;ELN;FBN1;FOXE3;HEY2;LOX;MAT2A;MFAP5;MYH11;MYLK;PRKG1;SMAD2;SMAD3;SMAD4;TGFB2;TGFB3;TGFBR1;TGFBR2;THSD4,3192,2222,0,0,0,,
ORPHA:91414,Pilomatrixoma,snv_fora_do_painel,False,CTNNB1,6,6,0,0,0,,
ORPHA:91495,Persistent hyperplastic primary vitreous,snv_fora_do_painel,False,ATOH7;FZD4;NDP,6,5,0,0,0,,
ORPHA:915,Aarskog-Scott syndrome,snv_fora_do_painel,False,FGD1,44,21,0,0,0,,
ORPHA:920,Ablepharon macrostomia syndrome,snv_fora_do_painel,False,TWIST2,1,1,0,0,0,,
ORPHA:92050,Congenital tufting enteropathy,snv_fora_do_painel,False,EPCAM,20,11,0,0,0,,
ORPHA:921,Abruzzo-Erickson syndrome,sem_variante_patogenica,False,TBX22,0,0,0,0,0,,
ORPHA:926,Acatalasemia,snv_fora_do_painel,False,CAT,2,1,0,0,0,,
ORPHA:927,Hyperammonemia due to N-acetylglutamate synthase deficiency,snv_fora_do_painel,False,NAGS,88,45,0,0,0,,
ORPHA:93,Aspartylglucosaminuria,snv_fora_do_painel,False,AGA,88,49,0,0,0,,
ORPHA:930,Idiopathic achalasia,sem_variante_patogenica,False,CRLF1;HLA-DQA1;HLA-DQB1;NOS1,0,0,0,0,0,,
ORPHA:931,Isolated acheiropodia,snv_fora_do_painel,False,LMBR1,1,1,0,0,0,,
ORPHA:93110,Posterior urethral valve,sem_variante_patogenica,False,BNC2,0,0,0,0,0,,
ORPHA:93111,HNF1B-related autosomal dominant tubulointerstitial kidney disease,snv_fora_do_painel,False,HNF1B,255,151,0,0,0,,
ORPHA:93160,Hypocalcemic vitamin D-resistant rickets,snv_fora_do_painel,False,VDR,30,28,0,0,0,,
ORPHA:93256,Fragile X-associated tremor/ataxia syndrome,sem_snv,False,FMR1,1,0,0,0,0,,
ORPHA:93258,Pfeiffer syndrome type 1,sem_variante_patogenica,False,FGFR1;FGFR2,0,0,0,0,0,,
ORPHA:93259,Pfeiffer syndrome type 2,sem_variante_patogenica,False,FGFR2,0,0,0,0,0,,
ORPHA:93260,Pfeiffer syndrome type 3,snv_fora_do_painel,False,FGFR2,1,1,0,0,0,,
ORPHA:93262,Crouzon syndrome-acanthosis nigricans syndrome,snv_fora_do_painel,False,FGFR3,3,3,0,0,0,,
ORPHA:93271,"Short rib-polydactyly syndrome, Verma-Naumoff type",snv_fora_do_painel,False,DYNC2H1;DYNC2I1;DYNC2I2;IFT80;WDR35,419,261,0,0,0,,
ORPHA:93274,Thanatophoric dysplasia type 2,snv_fora_do_painel,False,FGFR3,4,4,0,0,0,,
ORPHA:93283,"Spondyloepiphyseal dysplasia, Kimberley type",snv_fora_do_painel,False,ACAN,13,7,0,0,0,,
ORPHA:93284,Spondyloepiphyseal dysplasia tarda,snv_fora_do_painel,False,TRAPPC2,15,6,0,0,0,,
ORPHA:93296,Achondrogenesis type 2,snv_fora_do_painel,False,COL2A1,36,30,0,0,0,,
ORPHA:93298,Achondrogenesis type 1B,snv_fora_do_painel,False,SLC26A2,176,57,0,0,0,,
ORPHA:93299,Achondrogenesis type 1A,snv_fora_do_painel,False,TRIP11,67,30,0,0,0,,
ORPHA:93304,Autosomal dominant brachyolmia,snv_fora_do_painel,False,TRPV4,3,3,0,0,0,,
ORPHA:93307,Multiple epiphyseal dysplasia type 4,snv_fora_do_painel,False,SLC26A2,159,55,0,0,0,,
ORPHA:93308,Multiple epiphyseal dysplasia type 1,snv_fora_do_painel,False,COMP,37,30,0,0,0,,
ORPHA:93311,Multiple epiphyseal dysplasia type 5,snv_fora_do_painel,False,MATN3,7,6,0,0,0,,
ORPHA:93314,"Spondylometaphyseal dysplasia, Kozlowski type",snv_fora_do_painel,False,TRPV4,7,7,0,0,0,,
ORPHA:93315,"Spondylometaphyseal dysplasia, 'corner fracture' type",snv_fora_do_painel,False,COL2A1;FN1,18,16,0,0,0,,
ORPHA:93316,"Spondylometaphyseal dysplasia, Schmidt type",snv_fora_do_painel,False,COL2A1,2,2,0,0,0,,
ORPHA:93317,"Spondylometaphyseal dysplasia, Sedaghatian type",snv_fora_do_painel,False,GPX4,8,3,0,0,0,,
ORPHA:93321,Isolated radial hemimelia,sem_variante_patogenica,False,LMBR1;SHH,0,0,0,0,0,,
ORPHA:93322,Isolated tibial hemimelia,sem_variante_patogenica,False,GLI3,0,0,0,0,0,,
ORPHA:93324,Autosomal recessive Kenny-Caffey syndrome,snv_fora_do_painel,False,TBCE,12,7,0,0,0,,
ORPHA:93325,Autosomal dominant Kenny-Caffey syndrome,snv_fora_do_painel,False,FAM111A,4,3,0,0,0,,
ORPHA:93328,Autosomal dominant omodysplasia,snv_fora_do_painel,False,FZD2,3,3,0,0,0,,
ORPHA:93329,Autosomal recessive omodysplasia,snv_fora_do_painel,False,GPC6,3,2,0,0,0,,
ORPHA:93333,Pelviscapular dysplasia,sem_snv,False,TBX15,2,0,0,0,0,,
ORPHA:93346,"Spondyloepimetaphyseal dysplasia congenita, Strudwick type",snv_fora_do_painel,False,COL2A1,14,14,0,0,0,,
ORPHA:93352,"Spondyloepimetaphyseal dysplasia, Shohat type",snv_fora_do_painel,False,DDRGK1,2,2,0,0,0,,
ORPHA:93356,"Spondyloepimetaphyseal dysplasia, Missouri type",snv_fora_do_painel,False,MMP13,5,5,0,0,0,,
ORPHA:93357,SPONASTRIME dysplasia,snv_fora_do_painel,False,TONSL,26,12,0,0,0,,
ORPHA:93360,"Spondyloepimetaphyseal dysplasia with joint laxity, leptodactylic type",snv_fora_do_painel,False,KIF22,7,7,0,0,0,,
ORPHA:93384,Brachydactyly type C,snv_fora_do_painel,False,BMPR1B;GDF5,13,4,0,0,0,,
ORPHA:93387,Brachydactyly type E,snv_fora_do_painel,False,HOXD13;PTHLH,17,13,0,0,0,,
ORPHA:93388,Brachydactyly type A1,snv_fora_do_painel,False,BMPR1B;GDF5;IHH,28,22,0,0,0,,
ORPHA:93396,Brachydactyly type A2,snv_fora_do_painel,False,BMP2;BMPR1B;GDF5,13,9,0,0,0,,
ORPHA:93399,Juvenile sialidosis type 2,sem_variante_patogenica,False,NEU1,0,0,0,0,0,,
ORPHA:93400,Congenital sialidosis type 2,sem_variante_patogenica,False,NEU1,0,0,0,0,0,,
ORPHA:93404,Syndactyly type 3,snv_fora_do_painel,False,GJA1,1,1,0,0,0,,
ORPHA:93405,Syndactyly type 4,sem_variante_patogenica,False,LMBR1;SHH,0,0,0,0,0,,
ORPHA:93406,Syndactyly type 5,snv_fora_do_painel,False,HOXD13,8,3,0,0,0,,
ORPHA:93409,"Brachydactyly-syndactyly, Zhao type",snv_fora_do_painel,False,HOXD13,3,1,0,0,0,,
ORPHA:93473,Hurler syndrome,snv_fora_do_painel,False,IDUA,154,105,0,0,0,,
ORPHA:93474,Scheie syndrome,snv_fora_do_painel,False,IDUA,64,39,0,0,0,,
ORPHA:93476,Hurler-Scheie syndrome,snv_fora_do_painel,False,IDUA,76,49,0,0,0,,
ORPHA:93552,Pediatric systemic lupus erythematosus,sem_variante_patogenica,False,IRAK1;SAT1;SPP1;STAT4,0,0,0,0,0,,
ORPHA:93598,Primary hyperoxaluria type 1,snv_fora_do_painel,False,AGXT,271,191,0,0,0,,
ORPHA:93599,Primary hyperoxaluria type 2,snv_fora_do_painel,False,GRHPR,105,47,0,0,0,,
ORPHA:93600,Primary hyperoxaluria type 3,snv_fora_do_painel,False,HOGA1,117,80,0,0,0,,
ORPHA:93921,Full schwannomatosis,snv_fora_do_painel,False,COQ6;LZTR1;NF2;SMARCB1,156,93,0,0,0,,
ORPHA:93924,Lobar holoprosencephaly,snv_fora_do_painel,False,CDON;CRIPTO;DISP1;DLL1;FGF8;FGFR1;FOXH1;GAS1;GLI2;NODAL;PTCH1;SHH;SIX3;STIL;TGIF1;ZIC2,1,1,0,0,0,,
ORPHA:93925,Alobar holoprosencephaly,sem_variante_patogenica,False,CDON;CRIPTO;DISP1;DLL1;FGF8;FOXH1;GAS1;GLI2;NODAL;PLCH1;PTCH1;SHH;SIX3;STAG2;STIL;TGIF1;ZIC2,0,0,0,0,0,,
ORPHA:93926,Midline interhemispheric variant of holoprosencephaly,sem_variante_patogenica,False,CDON;CRIPTO;DISP1;DLL1;FGF8;FOXH1;GAS1;GLI2;NODAL;PTCH1;SHH;SIX3;STIL;TGIF1;ZIC2,0,0,0,0,0,,
ORPHA:93930,Classic bladder exstrophy,snv_fora_do_painel,False,ISL1;TP63,1,1,0,0,0,,
ORPHA:93932,FG syndrome type 1,snv_fora_do_painel,False,MED12,28,25,0,0,0,,
ORPHA:93945,"X-linked intellectual disability, Porteous type",sem_variante_patogenica,False,PQBP1,0,0,0,0,0,,
ORPHA:93946,Hamel cerebro-palato-cardiac syndrome,sem_variante_patogenica,False,PQBP1,0,0,0,0,0,,
ORPHA:93947,"X-linked intellectual disability, Golabi-Ito-Hall type",sem_variante_patogenica,False,PQBP1,0,0,0,0,0,,
ORPHA:93950,"X-linked intellectual disability, Sutherland-Haan type",sem_variante_patogenica,False,PQBP1,0,0,0,0,0,,
ORPHA:93952,"X-linked intellectual disability, Hedera type",snv_fora_do_painel,False,ATP6AP2,4,3,0,0,0,,
ORPHA:94063,12q14 microdeletion syndrome,sem_variante_patogenica,False,HMGA2;LEMD3,0,0,0,0,0,,
ORPHA:94064,Deafness-infertility syndrome,snv_fora_do_painel,False,CATSPER2;STRC,4,3,0,0,0,,
ORPHA:94065,15q24 microdeletion syndrome,snv_fora_do_painel,False,SIN3A,48,20,0,0,0,,
ORPHA:94068,Spondyloepiphyseal dysplasia congenita,snv_fora_do_painel,False,COL2A1,43,41,0,0,0,,
ORPHA:94083,Partington syndrome,snv_fora_do_painel,False,ARX,7,2,0,0,0,,
ORPHA:94088,Hereditary renal hypouricemia,snv_fora_do_painel,False,SLC22A12;SLC2A9,2,2,0,0,0,,
ORPHA:94089,Pseudohypoparathyroidism type 1B,snv_fora_do_painel,False,GNAS;STX16,12,7,0,0,0,,
ORPHA:941,D-glyceric aciduria,snv_fora_do_painel,False,GLYCTK,3,1,0,0,0,,
ORPHA:94122,"Cerebellar ataxia, Cayman type",snv_fora_do_painel,False,ATCAY,2,1,0,0,0,,
ORPHA:94124,Spinocerebellar ataxia with axonal neuropathy type 1,snv_fora_do_painel,False,TDP1,3,3,0,0,0,,
ORPHA:94125,Recessive mitochondrial ataxia syndrome,snv_fora_do_painel,False,POLG,1,1,0,0,0,,
ORPHA:94147,Spinocerebellar ataxia type 7,sem_snv,False,ATXN7,1,0,0,0,0,,
ORPHA:943,Malonic aciduria,snv_fora_do_painel,False,MLYCD,62,28,0,0,0,,
ORPHA:95,Friedreich ataxia,snv_fora_do_painel,False,FXN,16,10,0,0,0,,
ORPHA:950,Acrodysostosis,sem_variante_patogenica,False,PDE4D;PRKAR1A,0,0,0,0,0,,
ORPHA:95159,Hepatoerythropoietic porphyria,snv_fora_do_painel,False,UROD,3,3,0,0,0,,
ORPHA:952,"Acrofacial dysostosis, Weyers type",snv_fora_do_painel,False,CTNNB1;EVC;EVC2,467,247,0,0,0,,
ORPHA:95232,Lissencephaly due to LIS1 mutation,snv_fora_do_painel,False,PAFAH1B1,119,75,0,0,0,,
ORPHA:95428,COG8-CDG,snv_fora_do_painel,False,COG8,11,5,0,0,0,,
ORPHA:95433,Autosomal recessive spinocerebellar ataxia-blindness-deafness syndrome,snv_fora_do_painel,False,PEX6,66,29,0,0,0,,
ORPHA:95434,Autosomal recessive cerebellar ataxia-movement disorder syndrome,snv_fora_do_painel,False,VPS13D;VPS41,30,22,0,0,0,,
ORPHA:95494,"Combined pituitary hormone deficiencies, genetic forms",snv_fora_do_painel,False,FOXA2;GLI2;HESX1;LHX4;OTX2;POU1F1;PROP1,14,11,0,0,0,,
ORPHA:95496,Pituitary stalk interruption syndrome,snv_fora_do_painel,False,CDON;GPR161;HESX1;LHX4;PROKR2;ROBO1;WDR11,6,4,0,0,0,,
ORPHA:955,Hajdu-Cheney syndrome,snv_fora_do_painel,False,NOTCH2,63,29,0,0,0,,
ORPHA:95699,Congenital adrenal hyperplasia due to cytochrome P450 oxidoreductase deficiency,snv_fora_do_painel,False,POR,90,42,0,0,0,,
ORPHA:95702,X-linked adrenal hypoplasia congenita,snv_fora_do_painel,False,NR0B1,101,57,0,0,0,,
ORPHA:95706,Non-syndromic posterior hypospadias,sem_variante_patogenica,False,AR;MAMLD1,0,0,0,0,0,,
ORPHA:95712,Thyroid ectopia,snv_fora_do_painel,False,NKX2-5;PAX8,16,15,0,0,0,,
ORPHA:95713,Athyreosis,sem_variante_patogenica,False,FOXE1;NKX2-1;NKX2-5;PAX8;SLC26A4;TSHR,0,0,0,0,0,,
ORPHA:95716,Familial thyroid dyshormonogenesis,snv_fora_do_painel,False,DUOX2;DUOXA2;IYD;SLC5A5;TG;TPO,329,219,0,0,0,,
ORPHA:95720,Thyroid hypoplasia,sem_variante_patogenica,False,PAX8;SLC26A4;TSHR,0,0,0,0,0,,
ORPHA:959,Acro-renal-ocular syndrome,snv_fora_do_painel,False,SALL4,45,16,0,0,0,,
ORPHA:96,Ataxia with vitamin E deficiency,snv_fora_do_painel,False,TTPA,45,21,0,0,0,,
ORPHA:96147,Kleefstra syndrome due to 9q34 microdeletion,sem_variante_patogenica,False,EHMT1,0,0,0,0,0,,
ORPHA:96148,Distal deletion 10q syndrome,sem_variante_patogenica,False,EBF3,0,0,0,0,0,,
ORPHA:96182,Silver-Russell syndrome due to maternal uniparental disomy of chromosome 7,sem_variante_patogenica,False,GRB10,0,0,0,0,0,,
ORPHA:96184,Temple syndrome due to maternal uniparental disomy of chromosome 14,sem_variante_patogenica,False,DLK1;MEG3;RTL1,0,0,0,0,0,,
ORPHA:96191,Paternal uniparental disomy of chromosome 6 syndrome,sem_variante_patogenica,False,HYMAI;PLAGL1,0,0,0,0,0,,
ORPHA:96253,Cushing disease,sem_variante_patogenica,False,ATRX;BRAF;CDH23;NR3C1;TP53;USP48;USP8,0,0,0,0,0,,
ORPHA:963,Acromegaly,snv_fora_do_painel,False,AIP;GPR101,20,15,0,0,0,,
ORPHA:96334,Kagami-Ogata syndrome due to paternal uniparental disomy of chromosome 14,sem_snv,False,DLK1;MEG3;RTL1,1,0,0,0,0,,
ORPHA:968,"Acromesomelic dysplasia, Hunter-Thompson type",snv_fora_do_painel,False,GDF5,1,1,0,0,0,,
ORPHA:969,Acromicric dysplasia,snv_fora_do_painel,False,FBN1;LTBP3,16,13,0,0,0,,
ORPHA:97,Familial paroxysmal ataxia,snv_fora_do_painel,False,CACNA1A,311,205,0,0,0,,
ORPHA:970,Hereditary sensory and autonomic neuropathy type 2,snv_fora_do_painel,False,KIF1A;RETREG1;SCN9A;WNK1,328,216,0,0,0,,
ORPHA:972,Hereditary continuous muscle fiber activity,snv_fora_do_painel,False,KCNA1,34,33,0,0,0,,
ORPHA:97240,Zebra body myopathy,sem_variante_patogenica,False,ACTA1,0,0,0,0,0,,
ORPHA:97244,Rigid spine syndrome,snv_fora_do_painel,False,ACTA1;SELENON,5,4,0,0,0,,
ORPHA:97279,Insulinoma,sem_variante_patogenica,False,MEN1;YY1,0,0,0,0,0,,
ORPHA:97286,Carney-Stratakis syndrome,snv_fora_do_painel,False,SDHA;SDHB;SDHC;SDHD,124,77,0,0,0,,
ORPHA:97297,Bohring-Opitz syndrome,snv_fora_do_painel,False,ASXL1,73,32,0,0,0,,
ORPHA:97362,"Renal hypoplasia, bilateral",sem_variante_patogenica,False,PAX2;PBX1,0,0,0,0,0,,
ORPHA:974,Adams-Oliver syndrome,snv_fora_do_painel,False,ARHGAP31;DLL4;DOCK6;EOGT;NOTCH1;RBPJ,177,114,0,0,0,,
ORPHA:976,Adenine phosphoribosyltransferase deficiency,snv_fora_do_painel,False,APRT,67,48,0,0,0,,
ORPHA:97685,17q11 microdeletion syndrome,snv_fora_do_painel,False,NF1,2,1,0,0,0,,
ORPHA:978,ADULT syndrome,snv_fora_do_painel,False,TP63,5,5,0,0,0,,
ORPHA:98,Autosomal recessive spastic ataxia of Charlevoix-Saguenay,snv_fora_do_painel,False,SACS,495,190,0,0,0,,
ORPHA:983,Testicular regression syndrome,snv_fora_do_painel,False,DHX37,6,6,0,0,0,,
ORPHA:98434,Hereditary combined deficiency of vitamin K-dependent clotting factors,snv_fora_do_painel,False,GGCX;VKORC1,16,14,0,0,0,,
ORPHA:98673,"Autosomal dominant optic atrophy, classic form",snv_fora_do_painel,False,DNM1L;OPA1,73,46,0,0,0,,
ORPHA:98754,Prader-Willi syndrome due to maternal uniparental disomy of chromosome 15,sem_variante_patogenica,False,MAGEL2;NDN;OCA2;SNRPN,0,0,0,0,0,,
ORPHA:98755,Spinocerebellar ataxia type 1,sem_variante_patogenica,False,ATXN1,0,0,0,0,0,,
ORPHA:98756,Spinocerebellar ataxia type 2,sem_snv,False,ATXN2,3,0,0,0,0,,
ORPHA:98758,Spinocerebellar ataxia type 6,snv_fora_do_painel,False,CACNA1A,59,47,0,0,0,,
ORPHA:98759,Spinocerebellar ataxia type 17,sem_variante_patogenica,False,TBP,0,0,0,0,0,,
ORPHA:98760,Spinocerebellar ataxia type 8,sem_variante_patogenica,False,ATXN8;ATXN8OS,0,0,0,0,0,,
ORPHA:98761,Spinocerebellar ataxia type 10,sem_variante_patogenica,False,ATXN10,0,0,0,0,0,,
ORPHA:98762,Spinocerebellar ataxia type 12,sem_variante_patogenica,False,PPP2R2B,0,0,0,0,0,,
ORPHA:98763,Spinocerebellar ataxia type 14,snv_fora_do_painel,False,PRKCG,32,31,0,0,0,,
ORPHA:98764,Spinocerebellar ataxia type 27A,snv_fora_do_painel,False,FGF14,2,2,0,0,0,,
ORPHA:98765,Spinocerebellar ataxia type 4,snv_fora_do_painel,False,PLEKHG4,1,1,0,0,0,,
ORPHA:98766,Spinocerebellar ataxia type 5,snv_fora_do_painel,False,SPTBN2,18,12,0,0,0,,
ORPHA:98767,Spinocerebellar ataxia type 11,snv_fora_do_painel,False,TTBK2,4,1,0,0,0,,
ORPHA:98768,Spinocerebellar ataxia type 13,snv_fora_do_painel,False,KCNC3,6,5,0,0,0,,
ORPHA:98769,Spinocerebellar ataxia type 15/16,snv_fora_do_painel,False,ITPR1,14,12,0,0,0,,
ORPHA:98771,Spinocerebellar ataxia type 18,sem_variante_patogenica,False,IFRD1,0,0,0,0,0,,
ORPHA:98772,Spinocerebellar ataxia type 19/22,snv_fora_do_painel,False,KCND3,18,16,0,0,0,,
ORPHA:98773,Spinocerebellar ataxia type 21,snv_fora_do_painel,False,TMEM240,2,2,0,0,0,,
ORPHA:98784,Sleep-related hypermotor epilepsy,snv_fora_do_painel,False,CABP4;CHRNA2;CHRNA4;CHRNB2;CRH;DEPDC5;KCNT1,64,61,0,0,0,,
ORPHA:98791,Alpha-thalassemia-intellectual disability syndrome linked to chromosome 16,sem_variante_patogenica,False,HBA1;HBA2,0,0,0,0,0,,
ORPHA:98794,Angelman syndrome due to maternal 15q11q13 deletion,sem_variante_patogenica,False,OCA2;UBE3A,0,0,0,0,0,,
ORPHA:98795,Angelman syndrome due to paternal uniparental disomy of chromosome 15,sem_variante_patogenica,False,UBE3A,0,0,0,0,0,,
ORPHA:988,Tibial hemimelia-polysyndactyly-triphalangeal thumb syndrome,snv_fora_do_painel,False,LMBR1;SHH,4,4,0,0,0,,
ORPHA:98805,"Primary dystonia, DYT4 type",snv_fora_do_painel,False,TUBB4A,9,9,0,0,0,,
ORPHA:98806,"Primary dystonia, DYT6 type",snv_fora_do_painel,False,THAP1,41,22,0,0,0,,
ORPHA:98808,Autosomal dominant dopa-responsive dystonia,snv_fora_do_painel,False,GCH1;IMPDH2;NR4A2,86,60,0,0,0,,
ORPHA:98809,Paroxysmal kinesigenic dyskinesia,snv_fora_do_painel,False,KCNA1;KCNJ10;PRRT2,116,40,0,0,0,,
ORPHA:98810,Paroxysmal non-kinesigenic dyskinesia,snv_fora_do_painel,False,PNKD;PRRT2,3,2,0,0,0,,
ORPHA:98811,Paroxysmal exertion-induced dyskinesia,snv_fora_do_painel,False,PRRT2;SLC2A1,40,30,0,0,0,,
ORPHA:98813,Hypohidrotic ectodermal dysplasia with immunodeficiency,snv_fora_do_painel,False,IKBKG;NFKBIA,22,18,0,0,0,,
ORPHA:98818,Landau-Kleffner syndrome,snv_fora_do_painel,False,GRIN2A,224,157,0,0,0,,
ORPHA:98820,Familial focal epilepsy with variable foci,snv_fora_do_painel,False,DEPDC5;NPRL2;NPRL3;SCN3A,250,142,0,0,0,,
ORPHA:98826,Myelodysplastic neoplasm with low blasts,sem_variante_patogenica,False,TET2,0,0,0,0,0,,
ORPHA:98849,Systemic mastocytosis with associated hematologic neoplasm,sem_variante_patogenica,False,ASXL1;KIT;SRSF2;TET2,0,0,0,0,0,,
ORPHA:98850,Aggressive systemic mastocytosis,sem_variante_patogenica,False,ASXL1;CBL;RUNX1;SRSF2;TET2,0,0,0,0,0,,
ORPHA:98853,Autosomal dominant Emery-Dreifuss muscular dystrophy,sem_variante_patogenica,False,LMNA;SYNE1;SYNE2;TMEM43,0,0,0,0,0,,
ORPHA:98855,Autosomal recessive Emery-Dreifuss muscular dystrophy,snv_fora_do_painel,False,LMNA,1,1,0,0,0,,
ORPHA:98856,Charcot-Marie-Tooth disease type 2B1,snv_fora_do_painel,False,LMNA,3,3,0,0,0,,
ORPHA:98863,X-linked Emery-Dreifuss muscular dystrophy,snv_fora_do_painel,False,EMD;FHL1,77,37,0,0,0,,
ORPHA:98868,Southeast Asian ovalocytosis,snv_fora_do_painel,False,SLC4A1,3,1,0,0,0,,
ORPHA:98870,Congenital dyserythropoietic anemia type III,snv_fora_do_painel,False,KIF23;RACGAP1,3,2,0,0,0,,
ORPHA:98880,Familial afibrinogenemia,snv_fora_do_painel,False,FGA;FGB;FGG,42,30,0,0,0,,
ORPHA:98881,Familial dysfibrinogenemia,snv_fora_do_painel,False,FGA;FGB;FGG,41,27,0,0,0,,
ORPHA:98889,Bilateral perisylvian polymicrogyria,snv_fora_do_painel,False,ADGRG1;PI4KA;SRPX2,5,5,0,0,0,,
ORPHA:98892,Periventricular nodular heterotopia,snv_fora_do_painel,False,ARF1;ARFGEF2;ERMARD;FLNA;MAP1B;NEDD4L;TMTC3,15,10,0,0,0,,
ORPHA:98895,Becker muscular dystrophy,snv_fora_do_painel,False,DMD,207,140,0,0,0,,
ORPHA:98896,Duchenne muscular dystrophy,snv_fora_do_painel,False,DMD;LTBP4,1432,817,0,0,0,,
ORPHA:98897,Oculopharyngodistal myopathy,sem_variante_patogenica,False,ABCD3;GIPC1;LRP12;NOTCH2NLC;NUTM2B-AS1;RILPL1,0,0,0,0,0,,
ORPHA:98902,Amish nemaline myopathy,snv_fora_do_painel,False,TNNT1,26,15,0,0,0,,
ORPHA:98905,Congenital multicore myopathy with external ophthalmoplegia,snv_fora_do_painel,False,RYR1,116,81,0,0,0,,
ORPHA:98907,Neutral lipid storage disease with ichthyosis,snv_fora_do_painel,False,ABHD5,21,15,0,0,0,,
ORPHA:98908,Neutral lipid storage disease with myopathy,snv_fora_do_painel,False,PNPLA2,39,20,0,0,0,,
ORPHA:98909,Desminopathy,snv_fora_do_painel,False,DES,111,71,0,0,0,,
ORPHA:98911,Distal myotilinopathy,sem_variante_patogenica,False,MYOT,0,0,0,0,0,,
ORPHA:98912,"Late-onset distal myopathy, Markesbery-Griggs type",snv_fora_do_painel,False,LDB3,31,13,0,0,0,,
ORPHA:98913,Postsynaptic congenital myasthenic syndrome,sem_variante_patogenica,False,AGRN;AK9;CHRNA1;CHRNB1;CHRND;CHRNE;COL13A1;DOK7;LRP4;MUSK;RAPSN;SCN4A,0,0,0,0,0,,
ORPHA:98914,Presynaptic congenital myasthenic syndromes,sem_snv,False,AGRN;CHAT;COL13A1;MYO9A;SLC18A3;SLC25A1;SLC5A7;SNAP25;SYT2;VAMP1,2,0,0,0,0,,
ORPHA:98915,Synaptic congenital myasthenic syndrome,snv_fora_do_painel,False,COLQ;LAMB2,6,5,0,0,0,,
ORPHA:98916,Acute inflammatory demyelinating polyradiculoneuropathy,sem_variante_patogenica,False,PMP22,0,0,0,0,0,,
ORPHA:98933,"Multiple system atrophy, parkinsonian type",sem_variante_patogenica,False,COQ2,0,0,0,0,0,,
ORPHA:98934,Huntington disease-like 2,sem_variante_patogenica,False,JPH3,0,0,0,0,0,,
ORPHA:98957,Gelatinous drop-like corneal dystrophy,snv_fora_do_painel,False,TACSTD2,11,8,0,0,0,,
ORPHA:98960,Thiel-Behnke corneal dystrophy,snv_fora_do_painel,False,TGFBI,1,1,0,0,0,,
ORPHA:98962,Granular corneal dystrophy type I,snv_fora_do_painel,False,TGFBI,3,3,0,0,0,,
ORPHA:98963,Granular corneal dystrophy type II,snv_fora_do_painel,False,TGFBI,2,2,0,0,0,,
ORPHA:98964,Lattice corneal dystrophy type I,snv_fora_do_painel,False,TGFBI,5,5,0,0,0,,
ORPHA:98969,Macular corneal dystrophy,snv_fora_do_painel,False,CHST6,51,34,0,0,0,,
ORPHA:98973,Posterior polymorphous corneal dystrophy,snv_fora_do_painel,False,COL8A2;GRHL2;OVOL2;VSX1;ZEB1,17,12,0,0,0,,
ORPHA:98974,Fuchs endothelial corneal dystrophy,snv_fora_do_painel,False,AGBL1;COL8A2;SLC4A11;TCF4;ZEB1,56,34,0,0,0,,
ORPHA:98976,Congenital glaucoma,snv_fora_do_painel,False,CYP1B1;LTBP2;MYOC;TEK,76,49,0,0,0,,
ORPHA:98977,Juvenile glaucoma,snv_fora_do_painel,False,CYP1B1;EFEMP1;MYOC,87,63,0,0,0,,
ORPHA:990,Agnathia-holoprosencephaly-situs inversus syndrome,snv_fora_do_painel,False,OTX2;PRRX1,5,3,0,0,0,,
ORPHA:99000,Adult-onset foveomacular vitelliform dystrophy,snv_fora_do_painel,False,BEST1;IMPG1;IMPG2;PRPH2,27,21,0,0,0,,
ORPHA:99013,Spastic paraplegia type 7,snv_fora_do_painel,False,SPG7,159,81,0,0,0,,
ORPHA:99014,X-linked Charcot-Marie-Tooth disease type 5,snv_fora_do_painel,False,PRPS1,8,8,0,0,0,,
ORPHA:99015,Spastic paraplegia type 2,snv_fora_do_painel,False,PLP1,56,42,0,0,0,,
ORPHA:99027,Adult-onset autosomal dominant leukodystrophy,sem_variante_patogenica,False,LMNB1,0,0,0,0,0,,
ORPHA:99103,"Atrial septal defect, ostium secundum type",snv_fora_do_painel,False,ACTC1;CITED2;GATA4;GATA6;MYH6;NKX2-5;TBX20;TLL1,2,2,0,0,0,,
ORPHA:99105,"Atrial septal defect, sinus venosus type",sem_variante_patogenica,False,CITED2,0,0,0,0,0,,
ORPHA:99106,"Atrial septal defect, ostium primum type",sem_variante_patogenica,False,TLL1,0,0,0,0,0,,
ORPHA:994,Fetal akinesia deformation sequence,snv_fora_do_painel,False,DOK7;GLDN;KIF21A;MAGEL2;MUSK;MYOD1;NUP88;RAPSN;SLC18A3;TUBA1A,254,143,0,0,0,,
ORPHA:99429,Complete androgen insensitivity syndrome,snv_fora_do_painel,False,AR,268,191,0,0,0,,
ORPHA:99646,Metaphyseal chondromatosis with D-2-hydroxyglutaric aciduria,snv_fora_do_painel,False,IDH1,1,1,0,0,0,,
ORPHA:99657,"Primary dystonia, DYT2 type",snv_fora_do_painel,False,HPCA,1,1,0,0,0,,
ORPHA:99725,Pituitary gigantism,sem_variante_patogenica,False,AIP;MEN1,0,0,0,0,0,,
ORPHA:99734,Myotonia fluctuans,snv_fora_do_painel,False,SCN4A,11,10,0,0,0,,
ORPHA:99735,Myotonia permanens,snv_fora_do_painel,False,SCN4A,10,9,0,0,0,,
ORPHA:99736,Acetazolamide-responsive myotonia,snv_fora_do_painel,False,SCN4A,12,11,0,0,0,,
ORPHA:99742,Amish lethal microcephaly,snv_fora_do_painel,False,SLC25A19,4,4,0,0,0,,
ORPHA:99771,Bifid uvula,sem_variante_patogenica,False,GRHL3;UBB,0,0,0,0,0,,
ORPHA:99772,Cleft velum,sem_variante_patogenica,False,GRHL3;UBB,0,0,0,0,0,,
ORPHA:99798,Oligodontia,alelo_patogenico_ensaiado,False,EDA;EDARADD;FGFR1;GREM2;IRF6;LRP6;MSX1;PAX9;SUMO1;TGFA;WNT10A;WNT10B,195,116,1,1,0,2,11031
ORPHA:99802,Hemimegalencephaly,snv_fora_do_painel,False,AKT3;MTOR;PIK3CA,1,1,0,0,0,,
ORPHA:99803,Haddad syndrome,snv_fora_do_painel,False,ASCL1;PHOX2B;RET,25,10,0,0,0,,
ORPHA:99811,Neuronal intestinal pseudoobstruction,snv_fora_do_painel,False,FLNA,10,7,0,0,0,,
ORPHA:99812,LIG4 syndrome,snv_fora_do_painel,False,LIG4;XRCC4,104,36,0,0,0,,
ORPHA:99819,Familial gestational hyperthyroidism,snv_fora_do_painel,False,TSHR,18,14,0,0,0,,
ORPHA:99832,Resistance to thyrotropin-releasing hormone syndrome,snv_fora_do_painel,False,TRHR,7,4,0,0,0,,
ORPHA:99843,Leukocyte adhesion deficiency type II,snv_fora_do_painel,False,SLC35C1,10,7,0,0,0,,
ORPHA:99845,Genetic recurrent myoglobinuria,snv_fora_do_painel,False,LPIN1;MT-CO1;MT-CO3;OBSCN,30,16,0,0,0,,
ORPHA:99879,Familial isolated hyperparathyroidism,snv_fora_do_painel,False,CDC73;GCM2;MEN1,16,10,0,0,0,,
ORPHA:99880,Hyperparathyroidism-jaw tumor syndrome,snv_fora_do_painel,False,CDC73,18,11,0,0,0,,
ORPHA:99885,Isolated permanent neonatal diabetes mellitus,snv_fora_do_painel,False,ABCC8;GCK;INS;KCNJ11;PDX1;STAT3,59,52,0,0,0,,
ORPHA:99886,Transient neonatal diabetes mellitus,snv_fora_do_painel,False,ABCC8;HYMAI;KCNJ11;PLAGL1;ZFP57,113,87,0,0,0,,
ORPHA:99901,Acyl-CoA dehydrogenase 9 deficiency,snv_fora_do_painel,False,ACAD9,94,62,0,0,0,,
ORPHA:99939,Autosomal dominant Charcot-Marie-Tooth disease type 2E,snv_fora_do_painel,False,NEFL,35,26,0,0,0,,
ORPHA:99940,Autosomal dominant Charcot-Marie-Tooth disease type 2F,snv_fora_do_painel,False,HSPB1,31,22,0,0,0,,
ORPHA:99944,Autosomal dominant Charcot-Marie-Tooth disease type 2K,snv_fora_do_painel,False,GDAP1,42,29,0,0,0,,
ORPHA:99947,Autosomal dominant Charcot-Marie-Tooth disease type 2A2,snv_fora_do_painel,False,MFN2,59,58,0,0,0,,
ORPHA:99948,Charcot-Marie-Tooth disease type 4A,snv_fora_do_painel,False,GDAP1,77,50,0,0,0,,
ORPHA:99949,Charcot-Marie-Tooth disease type 4C,snv_fora_do_painel,False,SH3TC2,77,50,0,0,0,,
ORPHA:99950,Charcot-Marie-Tooth disease type 4D,snv_fora_do_painel,False,NDRG1,29,19,0,0,0,,
ORPHA:99953,Charcot-Marie-Tooth disease type 4G,snv_fora_do_painel,False,HK1,6,6,0,0,0,,
ORPHA:99956,Charcot-Marie-Tooth disease type 4B2,snv_fora_do_painel,False,SBF2,18,13,0,0,0,,
ORPHA:99966,Atypical teratoid rhabdoid tumor,snv_fora_do_painel,False,SMARCB1,6,5,0,0,0,,
ORPHA:99967,Myxoid/round cell liposarcoma,sem_variante_patogenica,False,DDIT3;FUS,0,0,0,0,0,,
ORPHA:99971,Well-differentiated liposarcoma,sem_variante_patogenica,False,CDK4;HMGA2;MDM2,0,0,0,0,0,,
ORPHA:99976,Adenocarcinoma of the oesophagus and oesophagogastric junction,snv_fora_do_painel,False,ERBB2,1,1,0,0,0,,
ORPHA:99977,Squamous cell carcinoma of the esophagus,snv_fora_do_painel,False,DLEC1;RNF6;TGFBR2;WWOX,13,11,0,0,0,,
